id,sales
3000888,3.2821456652049585
3000889,0.06683154760283859
3000890,5.694373925280972
3000891,2450.7195684966455
3000892,0.1502170718986773
3000893,433.94890804802327
3000894,13.478516355515351
3000895,751.6140550774209
3000896,875.369816654929
3000897,163.06361937300673
3000898,135.5754790606298
3000899,104.21398931961248
3000900,2958.2660545721296
3000901,23.691327888761787
3000902,1.634081978269748
3000903,21.824992883526985
3000904,35.51905840638573
3000905,0.3611156514014722
3000906,187.4240720882308
3000907,16.166016315351754
3000908,37.56236674567465
3000909,14.306970388415888
3000910,103.17271070480872
3000911,7.371646428768038
3000912,278.4603276373373
3000913,184.9545403033304
3000914,7.703263993585741
3000915,10.900795241323907
3000916,298.6551415426506
3000917,88.47174040546538
3000918,4219.070221581899
3000919,37.11109670024353
3000920,22.255354267014543
3000921,1.723885529143332
3000922,0.06772972827803746
3000923,2.0345587717871827
3000924,1149.8100416896525
3000925,0.0
3000926,105.2541011700875
3000927,2.3824526049458896
3000928,665.3539042123433
3000929,296.41973664189226
3000930,229.9060540569378
3000931,33.262974079692604
3000932,25.297900463500703
3000933,2350.184423044344
3000934,2.0339997079030674
3000935,0.1910593883938396
3000936,9.239470171464797
3000937,11.819571651412238
3000938,0.0
3000939,153.7984033052553
3000940,2.7032969132067417
3000941,2.102496574310663
3000942,3.1266706132855493
3000943,11.733189281458277
3000944,0.3610108062701648
3000945,140.7816048421553
3000946,153.5644895413765
3000947,0.6560118406647637
3000948,2.36164834687939
3000949,117.2899154522215
3000950,16.637556706392854
3000951,574.1793017613716
3000952,25.27743122139969
3000953,1.5900913152088956
3000954,5.752070646707164
3000955,0.23773706483936555
3000956,6.090772196574986
3000957,4250.610631482719
3000958,0.05848679438376483
3000959,589.8198277843132
3000960,11.643449398556216
3000961,1600.8241333420683
3000962,737.7577311310295
3000963,450.81480289714244
3000964,109.55552695184619
3000965,70.2924059489433
3000966,6219.202705523218
3000967,15.514767394780947
3000968,0.6273351117030617
3000969,30.54557184461691
3000970,32.420640348323396
3000971,0.2288137069416452
3000972,423.4112582822345
3000973,10.02105838426985
3000974,6.996952134061354
3000975,8.931623166737529
3000976,36.53002505853065
3000977,2.6999735787505563
3000978,567.6869278703372
3000979,341.9341794528771
3000980,2.330808445132773
3000981,10.89108477984854
3000982,391.74715462916214
3000983,58.31055403281549
3000984,2404.5448390807874
3000985,54.1891546032662
3000986,6.106305112705754
3000987,4.336025505425929
3000988,0.13119539065459693
3000989,2.2462450635445754
3000990,1785.8703483500726
3000991,0.0
3000992,190.68502825876948
3000993,7.798881362208947
3000994,790.5167987963129
3000995,448.46641656510343
3000996,230.37434073070241
3000997,61.992578351450696
3000998,38.36584057335763
3000999,2849.9864703063035
3001000,4.832225741981057
3001001,0.6669815278606708
3001002,14.051526293093215
3001003,21.457098424805693
3001004,0.13066588730159426
3001005,167.53575547551657
3001006,1.5186758791426729
3001007,2.646966293591396
3001008,7.649557040128105
3001009,35.782848376613344
3001010,1.3728918387097808
3001011,152.40579806993702
3001012,158.36585074297824
3001013,1.0082129289472048
3001014,4.717009406847837
3001015,158.60843049012198
3001016,37.17799406327181
3001017,814.4259325403439
3001018,27.78445153349098
3001019,2.698544766640191
3001020,3.311475222135009
3001021,0.0
3001022,2.2049565355434795
3001023,1399.7284625661516
3001024,0.0
3001025,122.50400845093407
3001026,3.8860458025426254
3001027,624.7922318353915
3001028,274.6511403872516
3001029,145.5893955012762
3001030,34.625456376656686
3001031,23.319916055091703
3001032,2514.933986778208
3001033,4.729367230928125
3001034,0.16539133051234545
3001035,10.607225338921898
3001036,15.127235325011355
3001037,0.007478614221404269
3001038,127.38696415999118
3001039,2.453778497959644
3001040,2.2845506449353117
3001041,3.161089858287186
3001042,24.398718961236206
3001043,0.6193609561667102
3001044,132.72784291597642
3001045,145.88142343471807
3001046,0.5038647554835576
3001047,2.8933690676697372
3001048,84.93020368176248
3001049,21.64528646650011
3001050,464.29319116420504
3001051,25.311302007771076
3001052,1.2263306124552837
3001053,2.509339926439582
3001054,0.02164170476301886
3001055,2.2558114263606197
3001056,1239.9584519538264
3001057,0.0
3001058,156.72664401680464
3001059,5.028711254023513
3001060,897.7167318526276
3001061,403.3879707979388
3001062,224.60078459532585
3001063,30.729147167591776
3001064,36.16141275490139
3001065,2486.3448877574697
3001066,3.238376879042111
3001067,0.11697570746699318
3001068,12.593824707985593
3001069,24.7919707105257
3001070,0.0077455036640929585
3001071,186.06405779951282
3001072,0.3847957033802944
3001073,2.500385887673731
3001074,4.644407621441829
3001075,22.854058191518
3001076,1.0399133935842912
3001077,201.06092914503293
3001078,219.063043514254
3001079,0.6390903787086788
3001080,4.127642113912009
3001081,62.934050174401975
3001082,42.80259082797587
3001083,673.6572552775722
3001084,33.93718343102961
3001085,2.274420858636502
3001086,2.531574898803204
3001087,0.5303670497407433
3001088,3.137978124800738
3001089,1676.3529807701127
3001090,0.044972582083356916
3001091,168.91943545714872
3001092,4.451927304522465
3001093,825.1101597373744
3001094,422.5319659251727
3001095,303.77828857711995
3001096,77.97053130643644
3001097,48.60416670702674
3001098,2979.4667197285457
3001099,6.52456281256432
3001100,0.6229119460169612
3001101,17.41886007745919
3001102,23.103340549020025
3001103,0.09241599304940823
3001104,208.58206905858455
3001105,8.260865323789917
3001106,2.5625734537759137
3001107,6.048046469147761
3001108,20.6701332519546
3001109,1.4034938467047469
3001110,134.9403609537678
3001111,185.8191385372102
3001112,0.7258459417769774
3001113,4.6416409787851105
3001114,133.77266960769407
3001115,37.28038032793361
3001116,1260.8308165523488
3001117,30.092846000832907
3001118,4.644717173699367
3001119,2.839613114712786
3001120,0.0
3001121,1.4638407866865872
3001122,1103.0724706524643
3001123,0.0
3001124,120.60757341072764
3001125,3.305222461609218
3001126,604.6225619222635
3001127,223.84182312236567
3001128,138.324083013512
3001129,99.1612287302038
3001130,21.89744532259844
3001131,1928.470795504497
3001132,2.8963896057243654
3001133,0.14963742570444452
3001134,11.561459830139729
3001135,11.31397041035011
3001136,0.0
3001137,131.10543928119944
3001138,0.0
3001139,2.2335793224624467
3001140,3.71580347070521
3001141,22.835168857225035
3001142,0.7036541005057977
3001143,57.813691378269155
3001144,123.23676259355203
3001145,0.5344752728139337
3001146,2.048250661052814
3001147,58.28785081083914
3001148,24.587888199903126
3001149,872.6117825395987
3001150,35.61189855460424
3001151,0.8701658199778
3001152,6.02136359037283
3001153,0.18055303096084394
3001154,3.6722411820349325
3001155,3361.7041475920414
3001156,0.009324753852643107
3001157,333.6786841412114
3001158,6.095713357370618
3001159,1058.309540297497
3001160,833.7270476956112
3001161,473.348561289732
3001162,169.32140951738558
3001163,80.90089746648032
3001164,4589.899706494236
3001165,7.935968168339343
3001166,0.6434511337049627
3001167,23.17216516285753
3001168,33.44856071445039
3001169,0.25693689011331544
3001170,259.43434739156953
3001171,1.0682086776264375
3001172,3.294193306858503
3001173,7.932150457691044
3001174,34.18024181481905
3001175,1.879553939197793
3001176,296.6177018692816
3001177,239.40613957710463
3001178,1.7360806210737643
3001179,7.480167055538198
3001180,315.4493628387625
3001181,65.42032203067036
3001182,2549.351130732655
3001183,27.47106353717061
3001184,9.696110955632651
3001185,0.2834799845470108
3001186,0.09880885535377139
3001187,2.66691379506904
3001188,565.4572714480065
3001189,0.0
3001190,111.6915506449881
3001191,1.9697852913551404
3001192,200.88953885713974
3001193,280.7845435312548
3001194,59.080109133210726
3001195,34.21727832397432
3001196,19.81249611070133
3001197,1037.95305364901
3001198,1.9538510577016157
3001199,0.48023510861921176
3001200,7.594597706109635
3001201,8.57136491146217
3001202,0.004564949418457138
3001203,58.01909023848052
3001204,3.107432880514043
3001205,6.828057518212822
3001206,2.9242764159617463
3001207,34.563447016774596
3001208,1.525334092832988
3001209,5.425297612467923
3001210,46.84191760772192
3001211,1.7256534570498
3001212,3.0760240599127906
3001213,53.41367495723558
3001214,22.968348174356834
3001215,724.1785172679677
3001216,39.039120663536195
3001217,1.1618344119579271
3001218,4.802232653921631
3001219,0.034181116675438765
3001220,2.668818230602177
3001221,2223.3317802496044
3001222,0.013129528472162267
3001223,158.95904713709837
3001224,5.510914572099907
3001225,782.9145557865974
3001226,330.25410591426987
3001227,245.11343610323956
3001228,51.173342618919655
3001229,40.708962122144165
3001230,2983.287114571122
3001231,7.637544338564618
3001232,0.739801850973576
3001233,15.059613894203416
3001234,16.875312061813833
3001235,0.09467629347741313
3001236,153.08953390705673
3001237,6.351814195198156
3001238,2.455496477300203
3001239,5.38572295259914
3001240,23.18391257384507
3001241,1.505793971324791
3001242,132.50026312142643
3001243,155.02722136262355
3001244,0.9590804915729909
3001245,4.525894740816553
3001246,95.81515843000248
3001247,31.264834494717462
3001248,799.14824899795
3001249,28.51846585374003
3001250,3.101447656741292
3001251,4.1514939306356515
3001252,0.04684504078325575
3001253,6.374055799604673
3001254,2979.9279519041434
3001255,0.1154996474078798
3001256,567.9652179628865
3001257,10.138232317898469
3001258,926.679007627289
3001259,966.3232460478824
3001260,235.89427856940256
3001261,148.03852478195296
3001262,98.47116485092653
3001263,4008.521992999066
3001264,28.78708547300504
3001265,0.967366832843852
3001266,19.321608266729108
3001267,27.545038627786564
3001268,0.30403564947907896
3001269,249.35428850920172
3001270,23.410240218056124
3001271,23.3468228615149
3001272,12.251437572845424
3001273,74.18910731864283
3001274,6.837599193656372
3001275,374.82176920492236
3001276,262.8783942031023
3001277,9.47695567734988
3001278,8.783350281933409
3001279,432.24941764681796
3001280,98.90858139928277
3001281,3716.653752592065
3001282,33.91824739024511
3001283,24.341491950531655
3001284,4.772930524291942
3001285,0.28819430265935014
3001286,5.198703758349201
3001287,2662.400973350451
3001288,0.05537489836656488
3001289,375.9245270477551
3001290,5.38355717248487
3001291,1102.802763508842
3001292,874.2699726300201
3001293,454.400946567098
3001294,86.32201683289266
3001295,53.09311639381222
3001296,3768.3980229008134
3001297,8.73421599547403
3001298,0.44884517930027545
3001299,18.284299993067393
3001300,19.206387706544263
3001301,0.12281837113148182
3001302,261.0434643934946
3001303,4.020750356127264
3001304,14.355144701344296
3001305,5.7272024069275815
3001306,30.052107046168235
3001307,1.3433868887276983
3001308,234.28608522500153
3001309,308.0243727283567
3001310,3.262201320368429
3001311,4.6589806016532656
3001312,247.70637565606145
3001313,85.4121493035284
3001314,1659.8977422243481
3001315,41.189600032916395
3001316,5.380250870268662
3001317,7.592667522978855
3001318,0.3444577611217521
3001319,5.725720366333199
3001320,2595.755674542167
3001321,0.08729113139962182
3001322,452.12566091598063
3001323,5.499261408363286
3001324,1084.2002902495435
3001325,756.9158236353263
3001326,286.90790486354547
3001327,195.66099294628853
3001328,69.61650212505371
3001329,3642.2932733535467
3001330,11.26240915027914
3001331,0.7288041224956061
3001332,24.635163497235286
3001333,26.9922703963531
3001334,0.1908204110792266
3001335,220.3737420449119
3001336,2.7231021855554616
3001337,9.627912821480457
3001338,13.629319156136834
3001339,57.20118522272347
3001340,2.333215369454123
3001341,124.29865385023673
3001342,239.16820645264255
3001343,2.807557408426855
3001344,9.12806372502611
3001345,165.35952166672308
3001346,123.01738094225526
3001347,2103.653614431144
3001348,47.77603407371394
3001349,4.497225392101084
3001350,3.584120114829952
3001351,0.17338633310771595
3001352,3.1956679009566553
3001353,1332.1493857647536
3001354,0.026077058173782922
3001355,162.81623958412567
3001356,6.30384692331183
3001357,650.9118555481479
3001358,338.4813985296768
3001359,164.6069689748016
3001360,64.56780206362147
3001361,40.009624031315305
3001362,2235.428571688855
3001363,5.21289726887804
3001364,0.5396225685596325
3001365,22.58618757011364
3001366,23.950001209636333
3001367,0.15831285580217608
3001368,138.08901252277855
3001369,0.7685035922413341
3001370,3.290350959142491
3001371,5.500435541817545
3001372,35.48730850173544
3001373,2.652771018916196
3001374,74.80265918821473
3001375,128.55564565530247
3001376,0.9095077259690545
3001377,5.069180673236595
3001378,88.1459817054353
3001379,43.03919899952369
3001380,979.5081531648541
3001381,35.4916142047624
3001382,2.074184768724656
3001383,1.793985103429594
3001384,0.0
3001385,2.8125060575161647
3001386,1533.4573961377678
3001387,0.06313062492252763
3001388,254.2733656645691
3001389,9.952279616900114
3001390,540.6738416571225
3001391,486.67929434239693
3001392,130.6416837441277
3001393,44.510331194497745
3001394,57.673610349588614
3001395,2247.9696655402795
3001396,27.298116257302333
3001397,0.12492401740402526
3001398,10.629603860025899
3001399,22.15902105346577
3001400,0.1414787317573011
3001401,136.60258378589344
3001402,10.506844744966726
3001403,6.02334079228533
3001404,7.929863566024222
3001405,42.78973059114666
3001406,3.5558983470029375
3001407,475.34900988801985
3001408,144.1412949766051
3001409,3.1220854106039813
3001410,4.274837641721979
3001411,274.06514048710557
3001412,34.34530524906484
3001413,1894.0796158524438
3001414,29.741235015473272
3001415,11.101844459957855
3001416,3.015728008974084
3001417,0.011603936667850081
3001418,8.428669173804206
3001419,3649.175909523624
3001420,0.07277558078433499
3001421,875.596498710579
3001422,14.835237400970504
3001423,1101.6607355236824
3001424,1406.397061392162
3001425,270.46310278582985
3001426,193.704230580728
3001427,142.88840385219606
3001428,4174.281324167724
3001429,25.334114484470362
3001430,1.0212800326807088
3001431,19.698870523385818
3001432,44.79693544799701
3001433,0.21861793067361657
3001434,273.9223516146561
3001435,12.664111657340507
3001436,55.689713834303646
3001437,16.628784447025428
3001438,100.19341382019117
3001439,11.231355983277018
3001440,295.0161450216921
3001441,284.7715729919111
3001442,18.597629287597552
3001443,12.91340425307308
3001444,408.1752109609008
3001445,107.15612567107571
3001446,6546.054361497796
3001447,34.443444598766455
3001448,24.69833321192434
3001449,0.7635045304334547
3001450,0.0
3001451,3.043170974026986
3001452,1921.341713184496
3001453,0.0
3001454,334.0603752238194
3001455,3.031252127307165
3001456,439.839460080798
3001457,516.8215738381842
3001458,118.20828540241402
3001459,97.05209869656107
3001460,82.58246587816706
3001461,1934.2742671695935
3001462,4.882669165377371
3001463,0.2265906789603379
3001464,15.271186706174419
3001465,22.2774242577324
3001466,0.0
3001467,104.42026892350596
3001468,0.0
3001469,37.01334689553333
3001470,8.565560307585944
3001471,110.04300391591096
3001472,2.6292363613516367
3001473,21.663356935639083
3001474,116.36615287444083
3001475,2.8234326378133883
3001476,3.215801052813161
3001477,28.747992070765388
3001478,7.30870838761318
3001479,2663.2222203202
3001480,35.21349451631431
3001481,0.4706518222347453
3001482,2.5334300142367043
3001483,0.0
3001484,1.8229985291009019
3001485,910.8894794869914
3001486,0.0
3001487,176.31608894583374
3001488,4.356874885844513
3001489,357.45985651524126
3001490,249.62607614549938
3001491,74.77989315291006
3001492,33.4080504237485
3001493,29.169868534254732
3001494,1460.0001291687643
3001495,3.089992176125274
3001496,0.33780312304403454
3001497,10.302548596174184
3001498,12.452456348701693
3001499,0.13254590513398667
3001500,81.83368726394126
3001501,0.4925238851390274
3001502,11.09859402025388
3001503,4.2272266029118
3001504,21.563060235139844
3001505,0.5482664075319339
3001506,199.30632955281604
3001507,125.01034461960698
3001508,1.9140192021445395
3001509,1.7013317730658093
3001510,107.83980525040175
3001511,13.822744101218868
3001512,1194.1507284816537
3001513,37.477500199648624
3001514,1.8052850078408786
3001515,4.6050927728138475
3001516,0.04842247971813455
3001517,6.381866311461978
3001518,3020.6241385045637
3001519,0.04636956090661772
3001520,625.6278070588345
3001521,11.101641156218147
3001522,914.6365248197429
3001523,958.0734562713309
3001524,261.52240643048725
3001525,187.4506945904957
3001526,98.50684209063412
3001527,3718.4337567051057
3001528,19.536726922304766
3001529,1.395509714975601
3001530,19.986004090650404
3001531,31.705278948577238
3001532,0.3621377706075801
3001533,212.3355953117081
3001534,5.744629802907716
3001535,49.87461812826581
3001536,12.909698193145196
3001537,92.6369741796912
3001538,4.118731067965662
3001539,270.47897982322263
3001540,228.09583256327568
3001541,10.37692855634503
3001542,9.566171855608749
3001543,349.4853233974205
3001544,79.01489405761673
3001545,4182.896619022139
3001546,37.263508030232735
3001547,15.697755151170984
3001548,6.346309141642881
3001549,0.06511007745735584
3001550,3.2327988876069007
3001551,3007.29650427347
3001552,0.0
3001553,544.0168965156435
3001554,8.694718856418055
3001555,1059.3197441422028
3001556,1055.4510259636784
3001557,335.3327630763258
3001558,203.97822661678714
3001559,58.35022367004076
3001560,4357.492968885489
3001561,6.716102500855551
3001562,0.7530164436097355
3001563,27.685572509821732
3001564,22.056101774518016
3001565,0.39411389733414376
3001566,232.5474624244257
3001567,0.0
3001568,12.460741324529383
3001569,7.031868583692361
3001570,50.7091235657194
3001571,1.0717592487158658
3001572,216.90934629872845
3001573,262.26444823706544
3001574,4.7024684758813144
3001575,5.1969911297635365
3001576,212.16923889757916
3001577,59.510823047099564
3001578,3152.332226329517
3001579,62.87246147743298
3001580,3.025089131027908
3001581,4.763617195246816
3001582,0.28240749023644673
3001583,3.7190129678559662
3001584,2641.28365803429
3001585,0.07050929510935727
3001586,481.0409660477951
3001587,7.664048784558979
3001588,976.2713288988795
3001589,873.7439655211158
3001590,256.99582292497337
3001591,167.46067374785082
3001592,66.17570648039911
3001593,3229.2833120810997
3001594,8.63659961969202
3001595,0.6741904235652318
3001596,21.475450455246396
3001597,23.658285180095458
3001598,0.24457915099202718
3001599,202.2518984772924
3001600,0.0
3001601,9.525473681302378
3001602,7.49864558369579
3001603,63.96516844017391
3001604,1.385457384903344
3001605,166.17389562150348
3001606,249.22316775114683
3001607,4.734902905179169
3001608,5.128476737635737
3001609,219.7157154910657
3001610,52.19071478767915
3001611,2534.5475592522016
3001612,48.02616401352303
3001613,3.132382423293002
3001614,7.928738122836359
3001615,0.40396603359297056
3001616,11.387308137913044
3001617,8199.07948036855
3001618,0.3185419919649175
3001619,1333.4117075111042
3001620,37.07826225902502
3001621,1928.7648044851896
3001622,2409.549776663245
3001623,384.47818481535876
3001624,455.84476146005585
3001625,314.69984472432657
3001626,7864.161010246995
3001627,83.61598900496415
3001628,2.9017041446820464
3001629,47.81728751386782
3001630,66.42866854347074
3001631,1.1905831261374646
3001632,486.0639606622668
3001633,44.696537308886505
3001634,83.26566780168297
3001635,34.28937396816835
3001636,203.35488349270156
3001637,21.296465798818975
3001638,767.647279535685
3001639,470.27487000626644
3001640,21.1504324489535
3001641,27.55707754619604
3001642,1157.4779152578276
3001643,349.9035481668493
3001644,12498.769945870834
3001645,52.96343061349285
3001646,92.85599577621196
3001647,2.5784764428931246
3001648,0.0287541030271174
3001649,1.870209025663998
3001650,1390.8081554129276
3001651,0.0
3001652,150.92831668923802
3001653,2.8344285153816675
3001654,514.1264412551964
3001655,325.0820977401109
3001656,115.94984186694519
3001657,116.95242266012205
3001658,39.13698598852235
3001659,1916.329253695287
3001660,2.6915601326885885
3001661,0.5637655046923844
3001662,12.93581531187855
3001663,11.331314948713317
3001664,0.13485811010008292
3001665,120.72187569602038
3001666,0.36309031911855755
3001667,3.678031422436934
3001668,5.698189202633314
3001669,38.949032312341416
3001670,0.5897242110738401
3001671,58.379015649582065
3001672,101.9194041559027
3001673,1.3827779601449017
3001674,3.0511152568736497
3001675,86.53689373678655
3001676,19.223187569287383
3001677,1352.0316073627807
3001678,36.58492606360866
3001679,2.311367078496817
3001680,6.6798092702688034
3001681,0.2726907775798071
3001682,3.663153480190468
3001683,2386.3441885350267
3001684,0.049675721641770317
3001685,427.83385715100803
3001686,7.221170582249465
3001687,1086.3504022751567
3001688,833.7853975138763
3001689,236.20374604704213
3001690,210.8742571266459
3001691,58.47564643353078
3001692,3946.361601314503
3001693,8.820860355251934
3001694,0.500515055901325
3001695,19.198360334745153
3001696,24.466303074885488
3001697,0.29812232154316526
3001698,240.90045457918671
3001699,1.128396663477365
3001700,7.793020923170609
3001701,13.41678699063832
3001702,25.263498644098252
3001703,1.1895638124814072
3001704,286.03164495982014
3001705,243.89354929795635
3001706,3.2861807738337188
3001707,6.731511949792404
3001708,109.53609555877323
3001709,60.29337305968313
3001710,2861.3383512938385
3001711,51.148046822791606
3001712,3.6406894077749827
3001713,1.3877365500777405
3001714,0.0
3001715,1.2322271929148982
3001716,852.8165518051709
3001717,0.0
3001718,108.5816302267132
3001719,1.8602513319749274
3001720,463.1969774879635
3001721,210.98883835190122
3001722,100.95105605512165
3001723,126.71026278772504
3001724,17.924038376843484
3001725,1701.853860634873
3001726,1.0374222839491636
3001727,0.15520807702447792
3001728,9.490140857943866
3001729,7.719242599597397
3001730,0.0
3001731,89.56213496607884
3001732,0.0
3001733,2.382777896692394
3001734,3.2213085504069126
3001735,21.61444662950694
3001736,0.192067148321781
3001737,55.84434477547318
3001738,104.82520579659231
3001739,0.30486254275428804
3001740,0.9826772722571595
3001741,50.45373986011584
3001742,10.486763581251363
3001743,543.8140128995499
3001744,34.98359664860579
3001745,0.7947121954298884
3001746,6.380461546416216
3001747,0.06107512407202638
3001748,2.4593556579625555
3001749,1718.338548488433
3001750,0.0
3001751,233.12628945550966
3001752,5.715955545035181
3001753,817.4408844331872
3001754,508.1731336942351
3001755,177.66409629442495
3001756,137.59366484070776
3001757,57.05199097997816
3001758,2784.5966319187173
3001759,1.809496460413253
3001760,0.48469844287077585
3001761,27.186230548534642
3001762,23.179777684471738
3001763,0.09049872262356241
3001764,201.28719602277204
3001765,0.0
3001766,3.924309449279738
3001767,11.988159639381468
3001768,44.52179110892394
3001769,1.0985442312881362
3001770,235.79539825347493
3001771,175.65645434898764
3001772,1.152809062351082
3001773,4.392760011971428
3001774,163.80027027523644
3001775,34.70519302686491
3001776,2319.6702893965644
3001777,48.981798042084776
3001778,0.7402344954347038
3001779,3.320876393232445
3001780,0.12591887232321491
3001781,4.842609915902717
3001782,2670.092855205357
3001783,0.03675599130839525
3001784,583.5146792365658
3001785,8.090187993511249
3001786,881.0874722817723
3001787,709.8231408116565
3001788,229.5543338855264
3001789,117.82338360448917
3001790,73.15531681816098
3001791,3779.5861591005028
3001792,3.9579169158704595
3001793,1.4101198417749479
3001794,30.959351982517443
3001795,45.55024609722591
3001796,0.42367114542820716
3001797,197.8244905855151
3001798,4.141536114575721
3001799,9.85977792320863
3001800,9.840624383683739
3001801,36.07389408891651
3001802,2.1516256255323696
3001803,179.87381959206652
3001804,264.78388185375496
3001805,3.208896994399721
3001806,5.4166791167621335
3001807,140.36094203851835
3001808,32.82782762115088
3001809,1543.4678263681371
3001810,82.97048084650606
3001811,2.0114035288873775
3001812,3.569122136247131
3001813,0.0
3001814,1.3970134666897973
3001815,1363.7841117160378
3001816,0.0
3001817,93.35012123925414
3001818,1.894912733879404
3001819,470.38061006125673
3001820,203.02267697262482
3001821,86.8542496653841
3001822,172.50608595498488
3001823,31.23274476853824
3001824,1767.608452198366
3001825,1.7960824274208953
3001826,0.2345305354566357
3001827,9.706500169484578
3001828,12.497054311717934
3001829,0.06924143829443205
3001830,104.25724669135587
3001831,0.0
3001832,3.0149367839000956
3001833,3.1079943404406167
3001834,24.082026708149005
3001835,0.43224535292152144
3001836,131.2885661416989
3001837,92.01335819420768
3001838,0.4687593397548708
3001839,1.1501309127122563
3001840,42.62118990880341
3001841,13.861712017119197
3001842,842.0544052920625
3001843,38.38629353090456
3001844,0.1768744800692134
3001845,4.204298513015407
3001846,0.0
3001847,3.0082783420689143
3001848,2754.926811908349
3001849,0.0
3001850,428.0491963991392
3001851,5.771719327091111
3001852,870.5677856761513
3001853,757.4449233070545
3001854,213.13969566640012
3001855,115.51941261044742
3001856,62.24603824206769
3001857,3563.7801904364405
3001858,5.630366996474697
3001859,0.4101752611729896
3001860,21.688033716988244
3001861,18.157480940243897
3001862,0.16607261591061936
3001863,185.4006512087575
3001864,0.0
3001865,38.88278565926212
3001866,8.412935974018943
3001867,62.04542589709185
3001868,0.9548950971957244
3001869,199.5006425893246
3001870,227.18419599368733
3001871,2.465560552771058
3001872,4.6613221696506955
3001873,117.03329154301746
3001874,44.1834371691709
3001875,2636.0903913243287
3001876,80.75787584300974
3001877,0.6557874295289796
3001878,2.9385261373203773
3001879,0.022692776165330893
3001880,6.139038540076844
3001881,2611.024599991699
3001882,0.05886740478292971
3001883,543.7091987781139
3001884,10.90753272506095
3001885,947.2456477611009
3001886,1000.0766042073707
3001887,151.8966714994837
3001888,114.70836849527595
3001889,107.91819763412701
3001890,3524.9780657112406
3001891,46.1544244056049
3001892,1.186958972194006
3001893,25.793449574828177
3001894,29.07740089950317
3001895,0.15970956920044008
3001896,221.1484504333891
3001897,21.781199784118392
3001898,43.9431302689064
3001899,9.662892006373932
3001900,97.56195335144994
3001901,8.029020025797735
3001902,206.61233358340982
3001903,243.80020808918513
3001904,11.169357296787263
3001905,9.464148369419759
3001906,209.28199753371115
3001907,84.92183045894559
3001908,4635.798261661778
3001909,31.452309532650396
3001910,14.702710644207341
3001911,3.6453995701479185
3001912,0.0
3001913,6.606404404620061
3001914,1913.0214260857367
3001915,0.06026122889425526
3001916,453.18581924997414
3001917,10.705135089513572
3001918,851.1394886030226
3001919,821.2124676044193
3001920,140.65840621191333
3001921,72.388981766525
3001922,90.6915109701146
3001923,3072.036908528226
3001924,21.082554530288586
3001925,0.8734769466016441
3001926,24.902828147515176
3001927,31.245886097976175
3001928,0.006442309837532517
3001929,235.84200425976675
3001930,19.503986462151616
3001931,24.307008308237876
3001932,14.07509844059407
3001933,77.20963105836476
3001934,7.314566266246143
3001935,139.89459938061248
3001936,253.99618606902823
3001937,7.090443407925935
3001938,9.230527327343825
3001939,127.3778680221206
3001940,80.01847363017234
3001941,3374.156280119995
3001942,35.91998498812792
3001943,11.544655063319878
3001944,6.411909283314488
3001945,0.21599979068297423
3001946,5.606380502101838
3001947,3027.49431539597
3001948,0.06625344897288775
3001949,651.8943832079473
3001950,7.882095779191189
3001951,1218.118663257812
3001952,853.6049340156808
3001953,196.7723931331706
3001954,286.3548013760233
3001955,54.448184985542895
3001956,4662.897450984258
3001957,28.621293960685247
3001958,1.2701689743942448
3001959,25.412905007048916
3001960,25.721201421556636
3001961,0.24468467771240016
3001962,276.30389266603555
3001963,5.303523258105697
3001964,31.091110435818067
3001965,8.668884866987009
3001966,50.131821942686
3001967,3.0729332862020087
3001968,159.54017358460865
3001969,276.3588461072181
3001970,6.277147474068297
3001971,8.394410087157087
3001972,165.69092679258168
3001973,63.430369669208574
3001974,2437.5667040776607
3001975,40.56805913074743
3001976,8.58492047904055
3001977,2.7719825641816342
3001978,0.0
3001979,5.501431891655046
3001980,2506.6211316822723
3001981,0.05799915143624497
3001982,391.1451690088328
3001983,7.050048585497887
3001984,822.534678380312
3001985,838.180804392577
3001986,195.8085649200215
3001987,110.22098396593844
3001988,75.2015160438046
3001989,3167.9967150019343
3001990,16.691860290530137
3001991,0.87230174948674
3001992,14.593769147963528
3001993,19.98895784713994
3001994,0.2128094271630155
3001995,233.8418861455311
3001996,18.484735361085363
3001997,27.846713680021132
3001998,6.371512923083901
3001999,65.12477596706451
3002000,5.341202580539264
3002001,286.9306284825116
3002002,217.0414231340509
3002003,7.50192438471889
3002004,7.604769625826362
3002005,344.89629558966993
3002006,61.463925055030266
3002007,3479.564697939769
3002008,27.370714158987155
3002009,21.613454053673326
3002010,3.4220853563124125
3002011,0.21996130489123092
3002012,3.134465430359864
3002013,3266.817520944489
3002014,0.024934871063161727
3002015,442.8406864566547
3002016,6.6332271555402755
3002017,1397.0443825306183
3002018,773.9575082069168
3002019,282.7944113757619
3002020,143.07680983060717
3002021,55.16397546796549
3002022,4960.527005427067
3002023,9.473964586043387
3002024,0.7734404545783642
3002025,25.9219575790793
3002026,34.542968602267294
3002027,0.19709864336566893
3002028,295.1018794279014
3002029,0.010921268322380091
3002030,5.29091857247323
3002031,11.9907716206241
3002032,48.94058131173421
3002033,1.6596530456964653
3002034,126.8391312146721
3002035,284.1062793913894
3002036,2.1640804425903717
3002037,6.826165928132787
3002038,150.78638635927723
3002039,49.074156547124154
3002040,2248.6051104673365
3002041,46.58880337521103
3002042,2.6654420220533575
3002043,4.12777066109243
3002044,0.05642459129631936
3002045,7.407742600122933
3002046,2093.715297251086
3002047,0.13015510263413851
3002048,491.59314251828687
3002049,10.429693518533014
3002050,919.6415286962542
3002051,737.8416930777461
3002052,208.25917875372994
3002053,104.02968656466379
3002054,101.45213203865579
3002055,3249.4383902004024
3002056,24.65046482066315
3002057,0.9002875058363564
3002058,21.06949709732439
3002059,35.55976418770216
3002060,0.2656499115683152
3002061,220.44243246282494
3002062,11.602446899974895
3002063,39.817735862787075
3002064,12.753090243486929
3002065,60.982181017615254
3002066,8.256067860745574
3002067,175.16555542322865
3002068,270.36963247590853
3002069,10.701144459560721
3002070,11.046137954115757
3002071,168.69960307489202
3002072,53.536391360641865
3002073,3303.925211270162
3002074,34.505197834316114
3002075,6.152914355920576
3002076,3.2380404461971253
3002077,0.15647361466804052
3002078,6.755658998786214
3002079,2471.943142866051
3002080,0.1791618558770616
3002081,626.0121133787129
3002082,9.681449325554144
3002083,814.1142636623026
3002084,920.8941827525103
3002085,175.06680068104805
3002086,170.51623325031645
3002087,113.64391009691153
3002088,3477.6092681288983
3002089,34.78003915815842
3002090,0.8391200545854036
3002091,17.858182087263796
3002092,23.085402205373235
3002093,0.2023349149215177
3002094,185.98497662417034
3002095,14.70530514206785
3002096,76.53177153294102
3002097,10.922012949281763
3002098,85.73606766694415
3002099,9.00736360882671
3002100,186.0320827655094
3002101,204.04491816769723
3002102,10.396257777103402
3002103,10.788416919636866
3002104,253.98156161630772
3002105,78.98906906037836
3002106,3922.2917195627842
3002107,48.89139425817396
3002108,10.352846892753522
3002109,3.9202007366996012
3002110,0.01171118784670733
3002111,2.728276640760892
3002112,3475.8004943922815
3002113,0.019664505055607476
3002114,398.26437150215213
3002115,7.958084746839617
3002116,928.5031870915789
3002117,636.4206130405037
3002118,250.08924372558525
3002119,132.5046012808224
3002120,39.30738135588962
3002121,3718.779400188532
3002122,4.21216782389209
3002123,0.43491939625762543
3002124,18.322213036338553
3002125,21.501281227379245
3002126,0.0681150376704056
3002127,184.34653299336978
3002128,0.0
3002129,9.12930239756532
3002130,5.129432897219897
3002131,51.592539106607255
3002132,1.6078795655348905
3002133,158.38775467739
3002134,210.78161014529059
3002135,2.1644030461986246
3002136,3.6725337751978877
3002137,176.44505096355314
3002138,70.30611743628778
3002139,1863.3060264615
3002140,56.90801286800167
3002141,0.5383450826690788
3002142,15.051176492567258
3002143,0.14324144563010338
3002144,15.261469925496712
3002145,9384.2127525756
3002146,0.317294936600347
3002147,1621.2315793706061
3002148,30.808273684902364
3002149,2258.3138416273696
3002150,2747.4397861834595
3002151,519.2996828427669
3002152,535.2586082049668
3002153,411.9337467195979
3002154,9067.10035750414
3002155,78.20589910014785
3002156,3.2714013440613376
3002157,77.32253306437737
3002158,113.08041852367397
3002159,1.1744700837744597
3002160,515.8389551394102
3002161,38.303206577488716
3002162,41.10201042596608
3002163,26.331844612849554
3002164,306.707497846735
3002165,19.762020983467583
3002166,904.6289510406284
3002167,500.7726760900522
3002168,31.219151840259038
3002169,36.43036994526416
3002170,1149.8221112476544
3002171,388.41860438802826
3002172,15437.516655204525
3002173,146.28457865083857
3002174,92.47740166020536
3002175,11.66197370044886
3002176,0.042495607358668
3002177,11.910606826282342
3002178,8058.731356187627
3002179,0.27883168379980355
3002180,1271.373556872576
3002181,30.79570528971714
3002182,2129.758494477105
3002183,2243.1385907125764
3002184,563.1615858650757
3002185,290.6895172893139
3002186,271.7557756534901
3002187,8865.761751188133
3002188,83.84203093804831
3002189,1.0522203097209557
3002190,51.1291587190161
3002191,89.4968985288964
3002192,0.8285439749434287
3002193,547.1013346217164
3002194,35.34979467139677
3002195,49.940992662919264
3002196,7.348389769988858
3002197,164.53863044410284
3002198,14.38782163674807
3002199,929.2391086331749
3002200,588.6199738868046
3002201,25.34951133526157
3002202,29.275145497010676
3002203,990.1264017492782
3002204,245.19114811314608
3002205,9651.593765549298
3002206,129.176593600322
3002207,73.91407297073678
3002208,9.306399997814983
3002209,0.0
3002210,13.294411559731712
3002211,4910.802283371033
3002212,0.10297472791902593
3002213,757.976780298196
3002214,19.740874987369512
3002215,1826.6060546545966
3002216,1374.7008793234413
3002217,619.2906561624
3002218,110.03952670415411
3002219,170.70533415678753
3002220,7299.675843715112
3002221,38.359854649108364
3002222,1.0355967875935943
3002223,28.13499112596169
3002224,50.72432644773842
3002225,0.671647728608751
3002226,459.32045398043607
3002227,29.47257798610377
3002228,35.83746171164733
3002229,8.453169157739772
3002230,94.59192221934993
3002231,7.391455066037043
3002232,826.0287073965341
3002233,559.539477388096
3002234,21.76206454270617
3002235,23.547095018509534
3002236,685.8805039413512
3002237,129.66580164522188
3002238,3983.5318835434973
3002239,106.67335518504038
3002240,36.32723158745322
3002241,11.828862435605732
3002242,0.0815211139458064
3002243,14.51243456888567
3002244,7687.048194278889
3002245,0.3011343221230271
3002246,1201.8723498816885
3002247,25.559066364954468
3002248,2022.2279980226256
3002249,2200.4042246365775
3002250,572.4391252781718
3002251,284.2808331601331
3002252,248.87221929152483
3002253,8574.84971352585
3002254,58.11927396907531
3002255,1.5854536910032344
3002256,47.069538736147905
3002257,78.245465674327
3002258,1.0848076141152285
3002259,572.3249709593341
3002260,44.71386355993299
3002261,44.96438403103423
3002262,8.66731546773558
3002263,157.45909011518438
3002264,11.851624448999031
3002265,792.6357800158283
3002266,602.429338471335
3002267,23.981754010620637
3002268,25.811920546371194
3002269,1015.0880765438877
3002270,220.8088031782637
3002271,9249.959263942048
3002272,109.04103837723223
3002273,70.3325770718778
3002274,8.084158708562144
3002275,0.0
3002276,12.077067578879577
3002277,3868.6765480310532
3002278,0.045659120504027366
3002279,618.3003203994275
3002280,15.896688119238547
3002281,1566.813221499868
3002282,1058.0735459351927
3002283,486.88151496796513
3002284,81.51284156035177
3002285,111.07986009665588
3002286,6207.7146565093035
3002287,35.62172577892532
3002288,0.4928296016554332
3002289,27.663232888349683
3002290,39.98076539863628
3002291,0.3238353962709981
3002292,419.8828348189556
3002293,26.399683711282155
3002294,19.915056311206513
3002295,5.27362694473457
3002296,81.40408299944757
3002297,4.833500941379468
3002298,660.8293195600099
3002299,482.23876195672534
3002300,15.456639665185811
3002301,18.702193749315143
3002302,527.5082071368213
3002303,82.77025510765118
3002304,2694.510541602068
3002305,126.12005874566432
3002306,18.913289974821595
3002307,10.062539940471112
3002308,0.07244253336685293
3002309,10.914385588419185
3002310,7825.265430885564
3002311,0.30098416692693253
3002312,1345.193202238579
3002313,30.813155752698393
3002314,1971.593452158288
3002315,2511.283408257189
3002316,441.4902405269354
3002317,405.0948041755791
3002318,317.4769030385182
3002319,7868.193123473569
3002320,68.31149663471707
3002321,1.811650572637689
3002322,46.30247461132129
3002323,59.9936911141802
3002324,0.9169169557770258
3002325,447.8735331909217
3002326,17.72654879047026
3002327,52.50393429669726
3002328,15.967188040974698
3002329,207.5451947810572
3002330,15.237737012194412
3002331,778.4518974226645
3002332,474.0306987722594
3002333,22.84360940959787
3002334,32.04436979237462
3002335,911.8038444178511
3002336,277.02308970838504
3002337,12559.507265318156
3002338,96.88285739691906
3002339,76.20574178827962
3002340,3.9416684968989966
3002341,0.11201496165347212
3002342,6.558768545897997
3002343,1739.5561928870527
3002344,0.16780207283097395
3002345,328.89832069450256
3002346,17.186730890924792
3002347,781.0141850110601
3002348,534.8394349381408
3002349,197.87080866876468
3002350,69.9935379453009
3002351,78.53438856774503
3002352,2605.4338769010133
3002353,16.075366963492325
3002354,0.6738737502622358
3002355,20.599368420865385
3002356,32.63774644032701
3002357,0.24224523543764723
3002358,190.9981916036075
3002359,11.63027495319754
3002360,10.397632644054585
3002361,15.747102097657514
3002362,52.507281468695275
3002363,6.498874919928976
3002364,226.9518959053838
3002365,216.70225412268607
3002366,3.752675592758224
3002367,8.049398472906502
3002368,206.3752173493819
3002369,66.16952888621792
3002370,2177.270598606976
3002371,28.759266141317646
3002372,8.473548865977746
3002373,8.066886225741833
3002374,0.0
3002375,9.910979418112797
3002376,3786.199542789417
3002377,0.16796462853888175
3002378,555.0868413119889
3002379,25.1156353278717
3002380,1285.4113440881733
3002381,945.2403105832311
3002382,404.5514744198223
3002383,75.84648363995724
3002384,114.42958044729771
3002385,5616.186699404345
3002386,43.68768772481926
3002387,0.7800104522908466
3002388,41.664026027989976
3002389,55.58763952975016
3002390,0.27926354250415314
3002391,357.77503666755103
3002392,19.915248293250606
3002393,14.0590869967274
3002394,9.864649994149207
3002395,105.09738403574967
3002396,8.071658213594144
3002397,489.9949914941044
3002398,395.0997623740631
3002399,10.31892706254814
3002400,18.771552054193027
3002401,338.711749287579
3002402,80.80044818260244
3002403,3111.241513839191
3002404,112.21028341287283
3002405,16.527820570407016
3002406,5.475018050273906
3002407,0.0
3002408,8.32428032029539
3002409,4964.6781618804935
3002410,0.07035404901547827
3002411,890.1143028002505
3002412,12.444269561254771
3002413,1349.2758940437375
3002414,1557.4665423860654
3002415,259.97811384943753
3002416,262.31913278610887
3002417,203.43766454577295
3002418,5035.773438688634
3002419,30.40452294281889
3002420,1.1309676400681061
3002421,26.69160729885267
3002422,44.49973390400833
3002423,0.5522781664464116
3002424,327.4250115263729
3002425,2.264712678456087
3002426,67.12873526647358
3002427,13.50853779226393
3002428,134.84452743599138
3002429,8.065660577742253
3002430,607.0579289029951
3002431,284.9137203024295
3002432,20.49671447639369
3002433,11.396041136479505
3002434,638.8437710565797
3002435,135.57082269789169
3002436,9116.914253549376
3002437,94.81794902864085
3002438,40.112854245277084
3002439,4.6067331171876
3002440,0.4059711358057777
3002441,8.243261478042369
3002442,3691.4396041737796
3002443,0.41632049351401484
3002444,1042.733420124234
3002445,4.866017305641399
3002446,1344.6225523036953
3002447,853.6366765975861
3002448,385.3398521277943
3002449,164.2096491986502
3002450,157.58856694637768
3002451,4371.234918743129
3002452,26.07925268165009
3002453,1.5679133639466554
3002454,23.78324093115976
3002455,34.07771157464191
3002456,0.9571835978945227
3002457,276.82374970499416
3002458,4.217043849615179
3002459,45.926153218406455
3002460,15.910165562741867
3002461,141.97248017245172
3002462,4.4930751502072885
3002463,69.18302837933489
3002464,362.33296651670355
3002465,9.458580208117766
3002466,13.884705413477114
3002467,125.6214442059917
3002468,46.8084977028833
3002469,5014.260827784903
3002470,76.86122551266256
3002471,3.5156874233542945
3002472,6.964381693217825
3002473,0.15314508455904569
3002474,6.040015534543297
3002475,2237.7382634680966
3002476,0.13018123864443987
3002477,493.2477745556633
3002478,8.137681105062956
3002479,989.7048371507594
3002480,626.6024356438616
3002481,249.1145613603208
3002482,91.64062528013946
3002483,91.73944351689126
3002484,2897.598815853592
3002485,13.741387887525471
3002486,1.101881995539053
3002487,18.874716996253152
3002488,30.023477666481853
3002489,0.3092100612570441
3002490,210.03900549377227
3002491,3.4337229402062057
3002492,19.963835958907186
3002493,14.702993736211235
3002494,76.93402515955803
3002495,3.449850845093766
3002496,285.8932749305153
3002497,254.38852496569095
3002498,5.9595994533339
3002499,7.377516161968787
3002500,227.19813623437338
3002501,82.52127568705555
3002502,3370.873274007601
3002503,55.35626022731415
3002504,4.019967946396784
3002505,4.518905626773192
3002506,0.0827771457887768
3002507,1.7069798777893266
3002508,1666.9966648590275
3002509,0.0
3002510,191.5652375692551
3002511,3.2653568200635954
3002512,943.1729124511811
3002513,238.86253951639569
3002514,199.04617500988707
3002515,58.717632206517884
3002516,27.238837591441825
3002517,2733.487866102859
3002518,4.709173716769306
3002519,0.4114801156482887
3002520,17.99004814468495
3002521,15.067429814302958
3002522,0.09005539162781066
3002523,170.76589589292317
3002524,0.0
3002525,2.542317422707691
3002526,3.9549824865257097
3002527,17.802151704151893
3002528,0.6386404155263372
3002529,58.782409529562756
3002530,153.52456407003234
3002531,0.35444441562169116
3002532,2.849017447519042
3002533,48.29853048109299
3002534,49.68458166476157
3002535,930.6198164653599
3002536,25.847294540357936
3002537,1.084251745615561
3002538,3.491262868813812
3002539,0.0
3002540,7.932502595204257
3002541,3416.9039975265505
3002542,0.005493585918245312
3002543,549.3428394102543
3002544,10.914619708975383
3002545,1098.6258351329907
3002546,979.530275696239
3002547,310.74766219348527
3002548,141.58393520327016
3002549,116.55342769325027
3002550,4399.932369430441
3002551,30.718760684599097
3002552,0.6434773098433166
3002553,22.373147290413794
3002554,43.480784407450656
3002555,0.11816666123077967
3002556,284.4923673502772
3002557,22.939742885498003
3002558,24.42339880588883
3002559,13.154432688371887
3002560,73.01113493905333
3002561,6.269993938410833
3002562,379.44103928653936
3002563,299.47662713346114
3002564,9.78608090977886
3002565,11.046550630247921
3002566,462.2689572897693
3002567,94.19971897288832
3002568,3608.9203041727155
3002569,34.234159584442644
3002570,27.492988117980506
3002571,4.0639256227934935
3002572,0.04891483682360986
3002573,7.049963497727633
3002574,4810.250382908133
3002575,0.160523974530789
3002576,812.4518469110553
3002577,16.473133120326562
3002578,1215.652374198692
3002579,1564.5684433250747
3002580,215.36608196446034
3002581,275.765798322158
3002582,201.89660959031528
3002583,4694.17943498933
3002584,42.00933844516413
3002585,1.9738360991214527
3002586,22.97632303566887
3002587,37.52730856809608
3002588,0.6146440538497226
3002589,277.99116041930085
3002590,13.635169078713002
3002591,68.49769273039782
3002592,16.270737270602442
3002593,151.92249605755075
3002594,11.760489642050487
3002595,536.480598548822
3002596,273.52231991554345
3002597,9.94178448798698
3002598,13.13701932008695
3002599,670.310020825453
3002600,158.77769887681296
3002601,9459.065385946164
3002602,35.0050603099783
3002603,45.64463678604396
3002604,4.385438001548442
3002605,0.10001157944728646
3002606,9.319025002292358
3002607,4574.273587739471
3002608,0.13446739904136806
3002609,857.2514604600403
3002610,22.209795535297232
3002611,1228.9020704774891
3002612,1547.774798304419
3002613,276.6452535093097
3002614,254.85092526693137
3002615,165.83973834365509
3002616,4835.982224471869
3002617,39.45101218138949
3002618,2.1969046424980267
3002619,35.34072903572456
3002620,48.779103037483296
3002621,0.7370578651243154
3002622,346.23628419694694
3002623,36.121642023789164
3002624,61.36476673271498
3002625,30.69588997398539
3002626,143.31288835898147
3002627,14.235282171697332
3002628,408.3047101701737
3002629,328.5591967618067
3002630,18.102362703100496
3002631,19.25844488694191
3002632,522.0770185989636
3002633,158.785862177295
3002634,7812.041930333162
3002635,40.217431370024784
3002636,41.16159445697822
3002637,9.187566119325469
3002638,0.1760284282647435
3002639,7.749692411296245
3002640,3269.2654464642746
3002641,0.0
3002642,527.4983004476084
3002643,11.16715856561952
3002644,1434.7782290971115
3002645,1020.4025203820163
3002646,523.1228729426757
3002647,149.17857855244887
3002648,71.81510673950568
3002649,5738.340333296101
3002650,7.248172707073584
3002651,1.178164167559848
3002652,39.28163285152537
3002653,41.9810164742506
3002654,0.12483964215707333
3002655,401.10386809897955
3002656,11.214771133718973
3002657,11.599708933809
3002658,8.74774433701196
3002659,43.2078317466883
3002660,3.2929686769429836
3002661,345.23527669866274
3002662,361.6680606188571
3002663,5.661451505258948
3002664,10.130927218853525
3002665,406.924054218141
3002666,80.73080891999747
3002667,2417.048361026145
3002668,81.4539716147857
3002669,11.624331327223956
3002670,3.1752225517424133
3002671,0.06478110738027021
3002672,4.302820707004689
3002673,2255.112891741087
3002674,0.12797058600954
3002675,388.93835227378133
3002676,14.277761048203299
3002677,663.1281412970949
3002678,755.4624990859793
3002679,139.81284659891432
3002680,132.00364607664946
3002681,119.62078598013603
3002682,2561.7002208632316
3002683,22.96773141541709
3002684,1.596665796746433
3002685,14.906307220363228
3002686,27.517521732633714
3002687,0.32833289911403535
3002688,175.54885207002184
3002689,15.646883277249099
3002690,13.818422541028042
3002691,5.32933476016116
3002692,97.72896545136592
3002693,7.319958443836239
3002694,274.7120858438384
3002695,155.68382226829382
3002696,7.416506009366639
3002697,10.711707147354645
3002698,307.3870751050848
3002699,84.34215561731978
3002700,2157.3647134092807
3002701,0.11514376992507509
3002702,20.52859657162993
3002703,1.6066782555940975
3002704,0.06819768033999826
3002705,1.0873499904273896
3002706,977.1315989043351
3002707,0.0
3002708,89.48789328245013
3002709,2.502427706573823
3002710,564.3418512757354
3002711,199.3772931097535
3002712,181.7724571050054
3002713,30.030936407130675
3002714,23.483185205842602
3002715,1981.3561183806032
3002716,2.274608403623365
3002717,0.19086357553814373
3002718,5.630934302321072
3002719,4.585469905128884
3002720,0.0
3002721,128.63703336077506
3002722,2.592038243919307
3002723,0.08519662111741749
3002724,0.9115028911137169
3002725,8.864533303621661
3002726,0.33947954237374744
3002727,177.3362207825084
3002728,128.51580443235127
3002729,0.6044588426435304
3002730,2.2904835694754446
3002731,109.83502910761727
3002732,16.40481268714642
3002733,197.73811945700686
3002734,0.0
3002735,1.293267601126514
3002736,5.610975590246244
3002737,0.23487548368519603
3002738,4.8300012549855085
3002739,4028.510787463338
3002740,0.05623757521741227
3002741,538.5924497517757
3002742,12.278271928882994
3002743,1447.5123242621264
3002744,515.1427578026229
3002745,402.78484077451003
3002746,100.53419022633253
3002747,65.1055197471152
3002748,5563.62350850527
3002749,16.449725136579715
3002750,0.6179961930935394
3002751,26.268223883002907
3002752,23.467714513795286
3002753,0.19479613902509732
3002754,353.6889715024454
3002755,9.617296130322627
3002756,1.6696431876942879
3002757,6.519919036336066
3002758,28.532871946009628
3002759,2.692174146651127
3002760,722.1143639777852
3002761,306.23799803324704
3002762,2.22134864856433
3002763,10.327431586785037
3002764,332.6150004909008
3002765,57.77741833767421
3002766,923.5748218301941
3002767,10.675880971916614
3002768,5.807732722026689
3002769,4.192080660341195
3002770,0.13544388952891298
3002771,0.7579022965522857
3002772,1656.4460828575131
3002773,0.0
3002774,164.15407313858316
3002775,8.263315192540551
3002776,685.2613218817529
3002777,340.78627920812363
3002778,204.65211706894382
3002779,57.659957745189324
3002780,34.34160780355824
3002781,2561.510938393211
3002782,5.089471403361701
3002783,0.6533154971020196
3002784,10.470318183707718
3002785,14.439383564208923
3002786,0.11214882587580667
3002787,147.64675363458196
3002788,1.470862028693856
3002789,0.18083923528538653
3002790,5.54073690033865
3002791,30.795365663194293
3002792,1.3067566405449336
3002793,211.4267066704228
3002794,137.64347842225226
3002795,0.9570090145830759
3002796,4.623167683387131
3002797,155.9401194076342
3002798,36.434313036630776
3002799,349.7770819090028
3002800,3.245108773977737
3002801,2.540497900606937
3002802,3.196920271222223
3002803,0.0
3002804,0.5556891352476347
3002805,1227.1116475237047
3002806,0.0
3002807,109.56414603541788
3002808,4.1086682792127664
3002809,550.9109574714818
3002810,207.388746353179
3002811,123.67573638562088
3002812,32.14713327587239
3002813,22.77875559307218
3002814,2074.781568377164
3002815,4.9988879422594845
3002816,0.1658836408755531
3002817,9.75236384842633
3002818,7.177909464042838
3002819,0.0
3002820,113.8612479709808
3002821,2.415469669739799
3002822,0.05084922963053653
3002823,1.4369487260067908
3002824,19.47543915954815
3002825,0.6149899396036524
3002826,149.6791364924059
3002827,124.53168250874025
3002828,0.47038327535738755
3002829,2.8793833362000716
3002830,86.58943478846045
3002831,21.076175054782365
3002832,166.76944264493704
3002833,1.7359344490284059
3002834,1.1716849646479588
3002835,2.506291489440615
3002836,0.03611590802888917
3002837,1.2989911024352319
3002838,1153.3910606432726
3002839,0.0
3002840,148.24871655631986
3002841,5.322391702707202
3002842,813.4744159593632
3002843,320.43765915893556
3002844,194.57327389056354
3002845,29.17250800032858
3002846,37.76088790213158
3002847,2273.038488901239
3002848,3.5742636192748947
3002849,0.1185175224804722
3002850,9.061527596221161
3002851,15.512711458325377
3002852,0.0
3002853,171.64867586558543
3002854,0.3729796540504483
3002855,0.012262180266321636
3002856,1.952192268631622
3002857,12.790380758599595
3002858,1.0604333955188645
3002859,264.33220148672285
3002860,204.78700471830868
3002861,0.6224782704156664
3002862,4.06478839502001
3002863,67.26823021651487
3002864,42.27942471956068
3002865,325.54073971672227
3002866,4.712983049381167
3002867,2.2306078325464873
3002868,2.5572775615769654
3002869,0.522394736141977
3002870,2.2158969943082187
3002871,1564.0876501680118
3002872,0.03806571905898113
3002873,151.5746969170436
3002874,4.663006758596905
3002875,746.3926552099157
3002876,310.1944106023929
3002877,256.5789346941955
3002878,65.10846615985409
3002879,49.060510315284006
3002880,2678.182815454942
3002881,6.463113372241659
3002882,1.6139116786871415
3002883,16.08689073642519
3002884,13.38665934340154
3002885,0.06572463814200356
3002886,190.4161496002605
3002887,8.039430638822788
3002888,0.2116611274133258
3002889,3.573699170044785
3002890,16.910783801232682
3002891,1.3991319153371862
3002892,142.4279971420815
3002893,163.9160629131302
3002894,0.707875056913936
3002895,4.620368630496917
3002896,133.33250199094869
3002897,37.39430573226392
3002898,471.14344852468224
3002899,6.761820872858202
3002900,4.302714575610959
3002901,2.691173382445203
3002902,0.0
3002903,0.12897710136135088
3002904,977.3032052432351
3002905,0.0
3002906,110.29056953345525
3002907,3.56884012292144
3002908,518.950379525401
3002909,180.4742553650922
3002910,117.36107410124428
3002911,86.89028724786219
3002912,22.45495797826007
3002913,1622.9549089187847
3002914,2.8441495605120597
3002915,0.13502958935105022
3002916,8.798525762593757
3002917,6.640610984148032
3002918,0.0
3002919,121.96878213890797
3002920,0.0
3002921,0.0018779973066073668
3002922,1.0183807167808019
3002923,15.825026042991713
3002924,0.6664179546491478
3002925,52.795848586325846
3002926,103.45898799071215
3002927,0.49935110314929554
3002928,1.9356607136127133
3002929,62.29078655251668
3002930,24.68066797032004
3002931,334.45155913992426
3002932,0.0
3002933,0.711436059875372
3002934,5.8040649720209725
3002935,0.17769248613404462
3002936,2.533428509339869
3002937,2976.144556492345
3002938,0.0068879863664766255
3002939,293.27606406916664
3002940,6.47592129662257
3002941,901.447397102717
3002942,608.522359886259
3002943,384.81702399448966
3002944,152.11380459021086
3002945,80.1724888865671
3002946,4016.7384623713415
3002947,8.31705348694628
3002948,0.6224092846392661
3002949,18.481574682867517
3002950,21.543500937058422
3002951,0.22929572370951382
3002952,234.3256456863907
3002953,1.001689810104128
3002954,0.26931206209843067
3002955,4.311208585289846
3002956,29.963637429819862
3002957,1.8433627708818436
3002958,323.12071035961185
3002959,203.23230851858787
3002960,1.6835636554485078
3002961,7.181102193227215
3002962,275.30326782580624
3002963,64.84348609042821
3002964,1000.8834529347421
3002965,3.563707698548325
3002966,8.46324784811308
3002967,0.18045801914613863
3002968,0.0913427846881028
3002969,1.8530427584326086
3002970,495.29144199389697
3002971,0.0
3002972,105.53491487062546
3002973,2.0990326104269617
3002974,159.11621922167416
3002975,167.1705247144437
3002976,52.18312615184325
3002977,30.0249111446994
3002978,2.5748820833468957
3002979,899.1929537090252
3002980,1.696031203971351
3002981,0.4668619341535142
3002982,2.971385641412785
3002983,5.25784196963002
3002984,0.0
3002985,53.85704131793777
3002986,2.967696638191223
3002987,1.7766668818604376
3002988,2.175668312736305
3002989,28.41348440107928
3002990,1.5275127508660407
3002991,62.35915904726602
3002992,38.85570878550776
3002993,1.6663598515074018
3002994,2.701049052794919
3002995,9.061609096420929
3002996,4.0375029945941945
3002997,255.75795378242174
3002998,37.72365644468094
3002999,1.0437979322226907
3003000,4.736646575865317
3003001,0.04202931006786239
3003002,1.773949946692703
3003003,1953.9336204893625
3003004,0.009731411478216018
3003005,145.35027106618972
3003006,5.712441371835072
3003007,693.7066478174104
3003008,271.4156597237026
3003009,218.97274684516182
3003010,50.1348446771885
3003011,41.13276158860061
3003012,2706.714996755348
3003013,8.074944273881032
3003014,0.7484978189824845
3003015,11.981485004438772
3003016,10.255152535012632
3003017,0.08896691903794025
3003018,138.20539132485118
3003019,6.258274688067382
3003020,0.13710059248317355
3003021,3.0694640017177273
3003022,19.465221659796445
3003023,1.4641489595014958
3003024,128.8089176754447
3003025,143.0978536651115
3003026,0.9250273942666318
3003027,4.542168990115002
3003028,104.58113825348092
3003029,31.385112915566026
3003030,356.32736209168695
3003031,7.170507200676308
3003032,3.098187046205042
3003033,3.869365950555137
3003034,0.027245823374465777
3003035,5.749349873289513
3003036,2468.794686302225
3003037,0.10549593196581573
3003038,497.36993664035003
3003039,10.739658327302067
3003040,796.8676793787454
3003041,793.0880842608269
3003042,200.17588563631674
3003043,148.81501109567085
3003044,109.72858684524898
3003045,3409.144846761775
3003046,27.941549117560264
3003047,0.904393892664157
3003048,15.029565547153862
3003049,18.153707569406063
3003050,0.262382164146177
3003051,210.4033241240889
3003052,21.697862475935917
3003053,10.325288371684897
3003054,4.404527108977652
3003055,78.13021150655315
3003056,6.863653569259443
3003057,387.57445320032116
3003058,214.90992009848588
3003059,9.093816133394114
3003060,8.252359425770486
3003061,397.19321459694874
3003062,94.37150492038259
3003063,1931.488013205056
3003064,0.2860067495668008
3003065,22.015512333955428
3003066,4.685040711972264
3003067,0.2662713405802627
3003068,3.5963627810391374
3003069,2395.786379410505
3003070,0.05038849771246955
3003071,349.290964556157
3003072,5.818499564508864
3003073,983.8539273134613
3003074,553.0533844792612
3003075,402.80298420682726
3003076,79.64527640714553
3003077,107.34551105863407
3003078,3410.4559871325578
3003079,8.451467806913104
3003080,0.4302404019641436
3003081,11.61336081264375
3003082,13.995755628435075
3003083,0.09800610398369085
3003084,241.72204228224174
3003085,3.871039468079588
3003086,4.2825690223363395
3003087,2.8105732956780978
3003088,23.426332884813114
3003089,1.3723162393279584
3003090,389.5040470442418
3003091,254.85401333684166
3003092,3.157406548843265
3003093,4.4972976803447
3003094,235.13646580997937
3003095,84.611029780044
3003096,797.0578376873602
3003097,32.27747709091362
3003098,5.033649369301461
3003099,7.435141966807723
3003100,0.33014503948029733
3003101,2.9527233511675344
3003102,2399.999472590568
3003103,0.08043790527216935
3003104,413.85236883181585
3003105,5.795045887005049
3003106,1014.7878369301029
3003107,477.2266912903177
3003108,267.9238505279056
3003109,186.29583721189886
3003110,94.51398541113913
3003111,3368.1919079964828
3003112,11.233619623586534
3003113,0.7069674551925702
3003114,19.178980689935617
3003115,21.04837910238083
3003116,0.16971254330437313
3003117,214.21785464866213
3003118,2.582491920239787
3003119,2.567249012882776
3003120,7.791316572097404
3003121,57.50678449421758
3003122,2.345649128035748
3003123,157.1841125411
3003124,218.66148835819504
3003125,2.6993776802599823
3003126,8.768168349637536
3003127,160.70536233458265
3003128,122.53049448200309
3003129,1209.168673347643
3003130,0.7438329847963061
3003131,4.278213844836305
3003132,3.4988328370405037
3003133,0.1677379951140025
3003134,1.0720127646256845
3003135,1226.2409447403695
3003136,0.018251352778722276
3003137,138.48009719400497
3003138,6.486294198063098
3003139,539.4430598914226
3003140,252.6181301227532
3003141,148.36479822543458
3003142,62.84104589661352
3003143,34.41874699753908
3003144,2090.9955408154337
3003145,5.264390511924007
3003146,0.5195517401747891
3003147,22.90712623448369
3003148,13.00387974942848
3003149,0.1336381121694399
3003150,131.766440374613
3003151,0.7212831208034063
3003152,0.36618987227905864
3003153,4.1027844313471435
3003154,26.988291274038655
3003155,2.555420139228367
3003156,162.54133251544977
3003157,115.30798158356981
3003158,0.8604606896377784
3003159,5.000826731242348
3003160,86.68669934607338
3003161,35.71170419099741
3003162,376.2090123295075
3003163,9.60055054585652
3003164,2.0287139474775193
3003165,1.7144763656246678
3003166,0.0
3003167,1.7453083019784472
3003168,1325.7786273999898
3003169,0.056702741493439866
3003170,232.20897378027536
3003171,11.068900042547094
3003172,479.75887330666296
3003173,410.0115326774241
3003174,113.26342998475376
3003175,45.61860868065583
3003176,55.20424507547006
3003177,1883.3827748748445
3003178,24.342883880328074
3003179,0.08817532673769134
3003180,7.4527647025801365
3003181,12.439954694677821
3003182,0.11364620695209339
3003183,108.82620794903099
3003184,9.782168049678818
3003185,1.3636441093792993
3003186,3.4474645988428136
3003187,45.14122224122068
3003188,3.5102187107416114
3003189,452.5545239130173
3003190,122.00343429513245
3003191,3.0490000903716403
3003192,4.0018568302520885
3003193,250.30642107442304
3003194,33.60796147154338
3003195,1088.6220171258838
3003196,0.009700999372730754
3003197,10.351451715997671
3003198,2.919342704212857
3003199,0.017224010707996198
3003200,4.901959297517021
3003201,2640.3490178031793
3003202,0.06742333868499771
3003203,509.59936981768004
3003204,15.653599617932436
3003205,905.5297294202603
3003206,774.6983587896603
3003207,224.76504284221573
3003208,182.48332737947612
3003209,168.57384346844358
3003210,2600.293005830477
3003211,26.306457854586572
3003212,1.0077465403193009
3003213,16.90001270697176
3003214,24.75120259495089
3003215,0.18310494135307726
3003216,161.505544625936
3003217,12.349879308729303
3003218,31.506429308037333
3003219,8.576263836146396
3003220,63.597963325035536
3003221,11.282467810604542
3003222,287.6446649903651
3003223,159.28319204767695
3003224,18.310420970198702
3003225,12.624534087373352
3003226,381.4639166368019
3003227,102.95796153367446
3003228,3784.7537674981795
3003229,0.35591343825055144
3003230,22.400748205424595
3003231,0.6591521640097406
3003232,0.0
3003233,0.803056004924058
3003234,1675.6388421041538
3003235,0.0
3003236,311.8166099096603
3003237,3.438902072888995
3003238,379.6650083212754
3003239,409.374529009185
3003240,106.19898619606492
3003241,13.848013356882323
3003242,8.673000059791883
3003243,1593.6694260143652
3003244,4.883376954334183
3003245,0.2172556606404583
3003246,5.6004829282990025
3003247,14.029765054060283
3003248,0.0
3003249,91.30344820438417
3003250,0.0
3003251,11.073390813521433
3003252,1.5883214553550915
3003253,99.52360014510965
3003254,2.6424621804841792
3003255,20.626107093735648
3003256,106.93233136034101
3003257,2.6896425301461084
3003258,5.324164455843695
3003259,27.17249269208446
3003260,6.560684050126809
3003261,1292.377324916206
3003262,0.0
3003263,0.5530035940635245
3003264,2.3194731860845548
3003265,0.0
3003266,0.3618432453936127
3003267,747.5239220515806
3003268,0.0
3003269,157.62209798097155
3003270,4.6603039546916785
3003271,296.7000569238323
3003272,192.1854207509643
3003273,62.06111099102179
3003274,33.564104605852535
3003275,26.612158740937165
3003276,1126.7311072443113
3003277,2.968469426516663
3003278,0.25388213437261264
3003279,8.51580172980837
3003280,4.829371114612798
3003281,0.09997883630723083
3003282,64.83642015082854
3003283,0.3783260474240908
3003284,3.497998153750089
3003285,1.1913013021614374
3003286,19.907107795244364
3003287,0.5060329349846862
3003288,187.0900197791864
3003289,99.43236868622404
3003290,1.8251305325998826
3003291,1.5734129177960372
3003292,103.16452253857727
3003293,13.644646738611133
3003294,414.470174922492
3003295,0.22988631580773
3003296,1.729676054119448
3003297,4.155424097625361
3003298,0.01681480517842676
3003299,4.605276868583417
3003300,2471.0398367446282
3003301,0.023887108416252748
3003302,534.3728661314973
3003303,12.553390280911639
3003304,764.926717598027
3003305,761.299078520816
3003306,211.23167884116253
3003307,182.96817226064837
3003308,124.94148654239112
3003309,3017.6007048347465
3003310,18.59965498671819
3003311,1.2710849460447
3003312,13.59088363413668
3003313,23.319994320815297
3003314,0.31277712650091555
3003315,167.73968251372565
3003316,5.149543372859796
3003317,21.898511302131404
3003318,4.548666074392886
3003319,98.04352792761965
3003320,4.045871774452703
3003321,248.9143473080567
3003322,184.12091194335505
3003323,9.919387347898347
3003324,8.766272126508557
3003325,309.3185333032925
3003326,74.5212819081467
3003327,2070.28709665602
3003328,0.4315672753162011
3003329,13.458275315890543
3003330,6.083011987113968
3003331,0.05603114119286582
3003332,2.0749915800505785
3003333,2752.374194466856
3003334,0.0
3003335,480.22709056604054
3003336,9.627257992888332
3003337,946.4683408344374
3003338,667.7890478981617
3003339,294.8760946461655
3003340,184.93411814449547
3003341,66.74878097853208
3003342,3690.1528849414913
3003343,6.6653510835522916
3003344,0.7071042517263453
3003345,24.47229410142431
3003346,14.631099448366841
3003347,0.36232492353181645
3003348,204.7455002620757
3003349,0.0
3003350,3.154904154479028
3003351,4.345580370024624
3003352,46.383941929259954
3003353,1.022864970379295
3003354,302.12560081318946
3003355,226.99100064735487
3003356,4.458883197722301
3003357,4.919544332570912
3003358,182.58768079670932
3003359,57.281988998811606
3003360,1333.7651098389567
3003361,1.1320738693222228
3003362,2.8413941715746076
3003363,4.620970123304812
3003364,0.2622475473673083
3003365,2.770542442546476
3003366,2399.7939862891617
3003367,0.06242828464259803
3003368,438.0897160546488
3003369,8.464053810154228
3003370,858.9216232870684
3003371,560.1226759857681
3003372,226.41780614334613
3003373,155.0987276140544
3003374,128.5316541830042
3003375,2882.25120072512
3003376,8.332376153897322
3003377,0.6392669319887945
3003378,18.61783863494006
3003379,17.244043756653245
3003380,0.21386772524153952
3003381,196.04429955390063
3003382,0.0
3003383,2.215398156978321
3003384,3.3067118125923196
3003385,60.58459160489246
3003386,1.3481974834161226
3003387,152.588013737491
3003388,210.3944812533819
3003389,4.5883392756354
3003390,4.99082286543074
3003391,211.15324813161536
3003392,85.21724002575628
3003393,1127.409805915347
3003394,0.9636101630264997
3003395,2.9452697874819704
3003396,7.401201938613681
3003397,0.3614342634089448
3003398,10.114422998800615
3003399,6823.626915085771
3003400,0.29572525406331
3003401,1157.1476249621314
3003402,38.458132631765935
3003403,1619.5880209140225
3003404,1990.5358451502884
3003405,322.00862739321434
3003406,457.4698544284299
3003407,322.31576387984256
3003408,6578.315087103983
3003409,76.99807584467425
3003410,2.6828206676994775
3003411,44.04362773363027
3003412,50.53889522740275
3003413,1.1018541209513835
3003414,412.8628270824919
3003415,41.39086602007051
3003416,41.493264468148496
3003417,26.185604536380964
3003418,217.5724935306297
3003419,20.37936230913144
3003420,727.8864369644527
3003421,392.99982199974346
3003422,20.291963767171787
3003423,25.775600430364083
3003424,1046.7752278254538
3003425,324.40347893655957
3003426,5935.61988587605
3003427,1.2545121143834446
3003428,83.2870742673387
3003429,2.5729656293269088
3003430,0.037954214721758694
3003431,0.39094357720169925
3003432,1252.8442197421316
3003433,0.0
3003434,137.18291512561066
3003435,3.0813056292000196
3003436,438.0739030214392
3003437,227.3324171371573
3003438,96.75385648970813
3003439,110.37861065014522
3003440,36.783924239808286
3003441,1656.8904508787143
3003442,2.8059319280222765
3003443,0.5706512046442769
3003444,11.0076049836402
3003445,7.119086488914554
3003446,0.11969317699945926
3003447,103.79305850105915
3003448,0.3623396612694565
3003449,0.3478301557124449
3003450,2.3141897183497746
3003451,34.764352449118725
3003452,0.5855496565396381
3003453,114.31490239478855
3003454,88.21678104456703
3003455,1.345887119567883
3003456,3.072732794635706
3003457,90.92844091889937
3003458,19.558240661673548
3003459,339.31038392276633
3003460,0.1408510727946304
3003461,2.2905957896458404
3003462,6.498900615577231
3003463,0.2778852216830005
3003464,1.4539001008179286
3003465,2334.946888572134
3003466,0.04383120379431275
3003467,379.3886916033688
3003468,7.749402423536626
3003469,1010.3303272679123
3003470,579.6797664573518
3003471,208.3905050728641
3003472,195.44081584719115
3003473,60.65985265927955
3003474,3524.3001039760784
3003475,9.413820708263858
3003476,0.49020408379602065
3003477,14.692114826732649
3003478,16.418690563679977
3003479,0.27734510243001465
3003480,209.95076308566564
3003481,1.0979539852753635
3003482,1.714622991208718
3003483,8.218855129170855
3003484,20.15842890059365
3003485,1.2047515721947795
3003486,517.4067021766342
3003487,205.56270839531007
3003488,3.2206422449110566
3003489,6.632099298081145
3003490,136.7572951449655
3003491,60.823593559443424
3003492,1051.9222846313737
3003493,0.7724421338456615
3003494,3.5627556878596423
3003495,1.4089159123756079
3003496,0.0
3003497,0.06418440141820336
3003498,767.9291627256532
3003499,0.0
3003500,84.11398426146107
3003501,2.203974808388824
3003502,387.1554154220999
3003503,124.22855666563653
3003504,78.31423826397614
3003505,112.62990196873496
3003506,17.165189654620697
3003507,1452.3350502035466
3003508,1.1457853162901301
3003509,0.15065991395089837
3003510,4.807307012221844
3003511,2.7723273010438123
3003512,0.0
3003513,74.02275905289737
3003514,0.0
3003515,0.07289133730849823
3003516,0.5653563181579566
3003517,20.13414391596486
3003518,0.19588688316360667
3003519,82.54236922362634
3003520,74.72058321258716
3003521,0.27666451990904056
3003522,0.9951920105724705
3003523,52.680098811109595
3003524,10.882011629149945
3003525,140.73489458683736
3003526,0.001462842077551918
3003527,0.7425762231920758
3003528,6.055315352004373
3003529,0.04471540699818621
3003530,1.4505203001615685
3003531,1541.2567417576029
3003532,0.0
3003533,209.36712477385703
3003534,5.939961640245162
3003535,716.3085935515489
3003536,352.0864656760742
3003537,155.388049866785
3003538,122.05262507158044
3003539,49.18278465708559
3003540,2416.8123084464414
3003541,1.900430376771233
3003542,0.42026033078979186
3003543,20.42698607337642
3003544,12.457933988051643
3003545,0.06835438034040166
3003546,152.9372243235336
3003547,0.0
3003548,0.19541750495739105
3003549,7.653517069739387
3003550,37.807841926207814
3003551,1.0031268816804868
3003552,345.15848215757416
3003553,146.38092387054118
3003554,1.094276489773526
3003555,4.207791464746755
3003556,161.07109294442628
3003557,31.284882957561784
3003558,906.762956104795
3003559,0.11393153617793671
3003560,0.7040662918762084
3003561,3.3515932310846948
3003562,0.1252260814707806
3003563,3.2547856803928097
3003564,2543.93268115056
3003565,0.031562392709133226
3003566,540.3809129882366
3003567,8.607844399635983
3003568,819.8493832081037
3003569,548.6076137198768
3003570,211.62078536128905
3003571,110.07416580983111
3003572,75.66028426721154
3003573,3342.808982302572
3003574,4.2736570411818
3003575,1.3684703342560294
3003576,26.199239068975945
3003577,30.179698610890657
3003578,0.3933762998047657
3003579,194.8912180416516
3003580,3.830898834082584
3003581,4.259617585865225
3003582,5.416995360257174
3003583,32.53877863663921
3003584,2.1401655774245767
3003585,212.7418171846218
3003586,232.9900150206963
3003587,3.146482277661515
3003588,5.448286443462853
3003589,145.97309343982562
3003590,31.454246637454652
3003591,779.8667760750812
3003592,1.8578696346368813
3003593,2.0088527464492545
3003594,3.4201173552310706
3003595,0.0
3003596,0.0948340059231007
3003597,1296.6910282139697
3003598,0.0
3003599,79.85726006969534
3003600,2.0891364674642667
3003601,427.222779383695
3003602,142.63726604867333
3003603,77.5898699713821
3003604,126.375537643269
3003605,28.355492068748184
3003606,1553.495715323751
3003607,1.8880292234661749
3003608,0.21473299921217065
3003609,8.635839108482182
3003610,5.0607616638584885
3003611,0.04178657304648094
3003612,85.87535703541525
3003613,0.0
3003614,0.068111518937478
3003615,0.3328933654393175
3003616,21.40680545815374
3003617,0.41083701554514224
3003618,257.771780393168
3003619,67.84930184507955
3003620,0.4231101870643338
3003621,1.154295386286698
3003622,46.63165814514876
3003623,14.387951377179931
3003624,259.42115368706334
3003625,0.11765177251064322
3003626,0.24133471473323315
3003627,4.089884272087666
3003628,0.0
3003629,1.87639746897164
3003630,2642.3995509478787
3003631,0.0
3003632,397.61270977232414
3003633,5.970649582594255
3003634,782.149452898573
3003635,510.04517681841327
3003636,193.88375025622346
3003637,108.775252851457
3003638,70.34339498183917
3003639,3199.9632607534277
3003640,5.521922608983734
3003641,0.39137167648177634
3003642,15.79495438758423
3003643,12.317197608854332
3003644,0.1469271244639438
3003645,173.76432165522104
3003646,0.0
3003647,14.974936465080495
3003648,2.4267199055807342
3003649,51.03808130653154
3003650,0.9715557721048138
3003651,320.88787109069943
3003652,193.96873721565703
3003653,2.3453866940044765
3003654,4.560309603543511
3003655,118.73242066892614
3003656,44.66756567730465
3003657,1098.2576969254635
3003658,0.5276315129715965
3003659,0.7037801483611714
3003660,2.7131898701754595
3003661,0.004938932574159027
3003662,5.683523095268082
3003663,2239.676464863349
3003664,0.030863931327241634
3003665,479.02093685884137
3003666,11.021209611432747
3003667,838.1456287030032
3003668,813.81305086018
3003669,140.65852768170913
3003670,115.52159317765327
3003671,123.9029154749215
3003672,3021.2036712016456
3003673,40.151226712728636
3003674,1.1177510786355702
3003675,21.59444159813562
3003676,21.87798248708955
3003677,0.1205741446671087
3003678,208.191328960027
3003679,20.510830281677656
3003680,21.374793311794857
3003681,3.135052473729803
3003682,100.46626979376065
3003683,7.900188908403804
3003684,199.3068230613768
3003685,213.7004275586009
3003686,10.569866200331493
3003687,9.205242413477901
3003688,202.69447176203994
3003689,81.34530493376265
3003690,2320.2545521392217
3003691,0.15290629305659292
3003692,14.098030587668715
3003693,3.495297368432647
3003694,0.0
3003695,6.126351865642511
3003696,1617.3194669458642
3003697,0.039643916915586976
3003698,393.5984917465242
3003699,10.909313564191017
3003700,751.069376555703
3003701,657.9506092210412
3003702,124.77864899336028
3003703,77.27258007964788
3003704,103.10325193268976
3003705,2681.402503906246
3003706,20.010958354038145
3003707,0.7867787211460859
3003708,19.78867785394298
3003709,19.26981634174089
3003710,0.0
3003711,217.46421905492173
3003712,18.03987621772039
3003713,11.63606874402487
3003714,5.445009232826427
3003715,76.06136566240656
3003716,7.215780703364564
3003717,134.0711899231723
3003718,224.5594628840402
3003719,6.825069896641331
3003720,7.744871369703045
3003721,124.34199351181466
3003722,76.97145582739222
3003723,1478.4717537377353
3003724,0.15431613616433434
3003725,11.138534501557915
3003726,6.313377587471961
3003727,0.20887392033974317
3003728,4.5519490844988875
3003729,2837.6824405677694
3003730,0.050843392425622864
3003731,599.997015500341
3003732,8.49495237339514
3003733,1118.4166327581552
3003734,581.9250593043278
3003735,175.97205245847027
3003736,257.23439091283467
3003737,64.60913393337287
3003738,4086.3046890772666
3003739,25.768369331046518
3003740,1.2666691604137785
3003741,20.062765174400347
3003742,18.85481643614015
3003743,0.22099054558542228
3003744,257.67232219058883
3003745,5.118277466473335
3003746,12.658307317625166
3003747,4.612151515720227
3003748,51.577923415552206
3003749,3.1139517852484992
3003750,195.99095955749348
3003751,239.04396491950405
3003752,6.028249692340505
3003753,8.27110223816251
3003754,168.18362351591875
3003755,63.99242425469174
3003756,1156.117491409211
3003757,8.105289363688584
3003758,8.469873687104467
3003759,2.563402661033208
3003760,0.0
3003761,4.86756036738588
3003762,2058.5628954122785
3003763,0.03947255730951317
3003764,337.48448839633755
3003765,7.730514017160049
3003766,689.3621983903004
3003767,669.5536331797232
3003768,164.33158855664496
3003769,107.55959104650928
3003770,87.04131215937068
3003771,2641.7537348480378
3003772,16.072839652786993
3003773,0.798605526201035
3003774,10.266854326728426
3003775,8.005109265448468
3003776,0.16404615756915888
3003777,187.2708103988467
3003778,17.199991552448186
3003779,12.310170487290408
3003780,1.559293757526842
3003781,55.824107304511344
3003782,5.357087791912766
3003783,268.84261297516565
3003784,175.51314259086357
3003785,7.147198585945439
3003786,7.067418686800405
3003787,306.69572046538553
3003788,57.87288186778492
3003789,1715.5472100035167
3003790,0.006202623662178234
3003791,18.633406342306046
3003792,3.265299068718879
3003793,0.2105968044822167
3003794,1.9029737912906532
3003795,2926.4014937995967
3003796,0.008000802349044761
3003797,394.08009188715073
3003798,6.9987254230612574
3003799,1215.7339625760862
3003800,538.3033895686848
3003801,240.98086038756443
3003802,128.51572922217943
3003803,58.440495418137786
3003804,4318.556866685036
3003805,9.003431708104209
3003806,0.7526330029827599
3003807,19.53071218190015
3003808,17.78580845689589
3003809,0.1603063501108096
3003810,273.67706678749613
3003811,0.0
3003812,0.5925356203113294
3003813,6.765843703850225
3003814,37.83988629814477
3003815,1.574889799297035
3003816,157.00902000455974
3003817,242.78589433880032
3003818,2.0801175897049125
3003819,6.5649165989343645
3003820,148.29113570503898
3003821,47.386097893305205
3003822,966.3056267611253
3003823,0.15445843721387112
3003824,2.4551757560897998
3003825,3.8424744881001702
3003826,0.027942366267301927
3003827,5.439771644449629
3003828,1716.3317440865085
3003829,0.1077932777756378
3003830,419.83077085472036
3003831,11.231429041239293
3003832,758.6081428462113
3003833,574.9275335218551
3003834,178.20253239055967
3003835,101.52873670252131
3003836,115.6182435718397
3003837,2703.1155993422376
3003838,21.86248158634533
3003839,0.8085835785259936
3003840,17.511498140203813
3003841,18.041600623502113
3003842,0.22494539131807822
3003843,182.18914224128812
3003844,10.718756639641722
3003845,17.230270635729397
3003846,5.303120500222825
3003847,58.66742840789064
3003848,8.108982146038134
3003849,170.87514460710196
3003850,230.69088510133838
3003851,11.7940769184089
3003852,8.751398455238894
3003853,149.75500833418866
3003854,51.96652504573692
3003855,1535.2284084363287
3003856,0.32183918722585275
3003857,5.745747679299026
3003858,3.201375357450453
3003859,0.1517302710985487
3003860,3.540233412309867
3003861,1736.9491719751704
3003862,0.1665333440508703
3003863,195.12408422485765
3003864,10.457860162260586
3003865,128.7824007175911
3003866,185.91039625296983
3003867,94.62313865099671
3003868,114.8380962105982
3003869,91.68186518877157
3003870,425.66631428843044
3003871,34.52150139065888
3003872,0.8205456207325621
3003873,13.733806343964279
3003874,13.296878633929195
3003875,0.1761760900889611
3003876,76.51357672132085
3003877,14.063136499404097
3003878,37.75028073377716
3003879,4.9861613359120796
3003880,35.83877811257771
3003881,9.145862797267915
3003882,183.43362309325232
3003883,71.97003862281497
3003884,10.075307226713274
3003885,10.519504351001626
3003886,246.16415376156513
3003887,79.2438081136205
3003888,714.8696486568473
3003889,0.4409260384478199
3003890,9.899971264086718
3003891,3.84342550358795
3003892,0.015484975033382337
3003893,1.7898020565914368
3003894,3342.5578972755434
3003895,0.01266492111045723
3003896,372.039119599736
3003897,8.707551576694707
3003898,888.8282299545435
3003899,427.28855731488204
3003900,232.73831727818228
3003901,130.63424751503288
3003902,36.57937673846355
3003903,3423.470486014696
3003904,4.272592004417668
3003905,0.4174610328785127
3003906,14.403591954681689
3003907,11.732946617772392
3003908,0.050102641524838544
3003909,176.9848191158519
3003910,0.0
3003911,3.1488584594395386
3003912,1.6152370934824534
3003913,59.284251465414755
3003914,1.5366458720180391
3003915,219.52368992259028
3003916,194.6823499333666
3003917,2.0672569147717432
3003918,3.617211247203815
3003919,182.90237768861272
3003920,69.22965848899247
3003921,821.3885910987549
3003922,1.3330682157748455
3003923,0.585209789286645
3003924,13.993562235065259
3003925,0.12998326079925326
3003926,12.598114818823817
3003927,8157.660176866468
3003928,0.2922500319247515
3003929,1460.9350409274614
3003930,32.257736007800744
3003931,1974.1328848541275
3003932,2346.5700879531523
3003933,452.11119666862226
3003934,558.8775245133419
3003935,448.73425429830576
3003936,7663.750065606972
3003937,75.34806405410953
3003938,3.0901413523587253
3003939,69.85639074627284
3003940,89.10946200890444
3003941,1.0870695413650533
3003942,472.2524753141038
3003943,34.77721207157683
3003944,20.02190084294312
3003945,25.969874566139552
3003946,335.1295433688118
3003947,19.432891387932337
3003948,847.0808959568033
3003949,433.9771890013772
3003950,30.033010000145804
3003951,34.447180095808676
3003952,1059.0805948694306
3003953,360.64489865578196
3003954,7723.888681513125
3003955,139.37608940048798
3003956,84.75882470591942
3003957,10.8049009471387
3003958,0.0325225685603326
3003959,9.740013027503982
3003960,6940.910879142543
3003961,0.252336757008408
3003962,1119.0040108879832
3003963,34.77078936098233
3003964,1856.238296315108
3003965,1830.0677844691288
3003966,472.70408163853403
3003967,269.37712897517525
3003968,313.10322744668076
3003969,7387.306606860591
3003970,80.74190006368482
3003971,0.9983472322061773
3003972,43.309751812751635
3003973,69.07592686806258
3003974,0.7501710516474958
3003975,494.12205501948995
3003976,30.011941806203247
3003977,26.93336446825674
3003978,5.612509832898938
3003979,176.7506344363025
3003980,14.531513525479166
3003981,903.6566293458893
3003982,492.47682412409364
3003983,24.17998397960245
3003984,25.419373039363713
3003985,894.8911942145372
3003986,233.34784882724327
3003987,5089.545954243526
3003988,119.70079363581006
3003989,67.0401618006425
3003990,8.715756870572717
3003991,0.0
3003992,12.121155380675107
3003993,4192.928733987457
3003994,0.08498666783169972
3003995,682.2532975874508
3003996,22.45331923286723
3003997,1583.804107215259
3003998,1144.8316465296552
3003999,539.5684408982121
3004000,127.36924161996177
3004001,201.8898580073079
3004002,6258.507226837607
3004003,37.68710026667709
3004004,0.9750493693534383
3004005,32.28629736635258
3004006,30.889300531006402
3004007,0.6023791838919903
3004008,409.1229932582522
3004009,32.824559856240406
3004010,17.45376209446464
3004011,8.12172189009869
3004012,108.16854910804645
3004013,7.372034237039786
3004014,781.8259541994584
3004015,491.9676068569734
3004016,20.975204372920278
3004017,22.159259253772095
3004018,629.8365349806812
3004019,124.37291912000805
3004020,2080.172398038943
3004021,100.58559989569301
3004022,33.64068167526253
3004023,10.92382843596451
3004024,0.06247645476507474
3004025,13.124048145690065
3004026,6620.724054839222
3004027,0.2782664145640963
3004028,1076.6008293536754
3004029,27.483450352218288
3004030,1756.6986901640184
3004031,1861.5547236527389
3004032,483.5708383083542
3004033,268.5333656630492
3004034,270.9864219072352
3004035,7239.418999923035
3004036,56.74650476826049
3004037,1.5524124872822123
3004038,44.04509407173914
3004039,58.34683024738522
3004040,0.9938498856566851
3004041,498.61871809787306
3004042,35.39634917193675
3004043,23.051240536147173
3004044,8.755252324719342
3004045,168.17692293783492
3004046,11.920657593928945
3004047,759.5415905775379
3004048,511.2896478698776
3004049,22.995123680436077
3004050,24.259085263417816
3004051,872.8479627252718
3004052,210.50266810002816
3004053,4352.266842179515
3004054,102.13569693041526
3004055,63.71294219212298
3004056,7.691012377332724
3004057,0.0
3004058,11.144020464285882
3004059,3303.9077551085725
3004060,0.027727264155316712
3004061,565.9169636347838
3004062,17.707965665856616
3004063,1384.3991727539383
3004064,883.9014540130473
3004065,432.9508642433308
3004066,73.55382830735842
3004067,130.93743025436464
3004068,5431.58099988995
3004069,35.559002852138015
3004070,0.470859642377017
3004071,27.7399826919259
3004072,22.422510946944794
3004073,0.2732591878474238
3004074,380.27024584637275
3004075,17.804224450785863
3004076,9.007556457345917
3004077,4.422763022071698
3004078,64.85643468633201
3004079,4.940970310269168
3004080,632.38997553299
3004081,429.9016714103177
3004082,14.904770147220287
3004083,15.644716082001786
3004084,487.7126620756325
3004085,81.49623240074439
3004086,1431.2792831033005
3004087,119.22718570810659
3004088,17.77280350504204
3004089,9.255471471083418
3004090,0.04769043899169346
3004091,8.669590322659959
3004092,6737.684782561311
3004093,0.26295371736687145
3004094,1160.3091864498888
3004095,32.87902343734505
3004096,1643.8776413135515
3004097,2043.4528939570955
3004098,365.74307054020534
3004099,394.52165956186724
3004100,338.8465522970909
3004101,6556.873475251106
3004102,63.76558633064437
3004103,1.6458370890908465
3004104,42.030915186855914
3004105,45.067280186297936
3004106,0.824159303346335
3004107,402.77446186617885
3004108,24.4777343354481
3004109,21.63494565613737
3004110,11.1177955084222
3004111,204.81564872393696
3004112,14.843926651445637
3004113,739.947601446385
3004114,383.82386114003555
3004115,21.699364591624914
3004116,29.722516789176353
3004117,838.875933732764
3004118,254.2575365230068
3004119,6293.959809467738
3004120,92.55078502505026
3004121,69.2426211233423
3004122,3.637989487749576
3004123,0.08277233319309822
3004124,5.88349956356012
3004125,1475.5996746936173
3004126,0.14701515676933863
3004127,294.7165075389632
3004128,18.409249725856956
3004129,666.8554454120715
3004130,442.8463143560863
3004131,168.51188841238442
3004132,82.70179285526376
3004133,92.95099718060176
3004134,2217.517563762543
3004135,16.086837588550473
3004136,0.5812099374938986
3004137,20.065971503070855
3004138,21.712064815329608
3004139,0.20221232672920467
3004140,164.54108322191422
3004141,10.64051173223089
3004142,4.716381578747459
3004143,7.627064639143045
3004144,54.85350587237725
3004145,6.275505617867079
3004146,211.3125770931517
3004147,189.92781982679676
3004148,3.638230705137601
3004149,7.51468730824201
3004150,186.92594121883957
3004151,63.06129987590222
3004152,1217.975986917647
3004153,0.18888828306550093
3004154,7.7903020770091
3004155,7.531708335479923
3004156,0.0
3004157,9.085394424587724
3004158,3196.592203319793
3004159,0.1411270494896112
3004160,497.3803099150396
3004161,26.889193789681162
3004162,1113.8561383408164
3004163,779.9228966890688
3004164,355.06314112964964
3004165,80.53831873494738
3004166,124.95338667248555
3004167,4815.635091886541
3004168,41.667687330097436
3004169,0.7103246814548339
3004170,35.420891052348935
3004171,27.716278180947654
3004172,0.23068330413573973
3004173,304.28281131530684
3004174,17.928580163588887
3004175,5.457321070425574
3004176,2.976434492706973
3004177,111.08148517056375
3004178,7.979491045216063
3004179,457.2423502722747
3004180,346.06046792493896
3004181,9.895897470930375
3004182,17.60437001068395
3004183,316.3632565612232
3004184,76.73936829352382
3004185,1656.9217290263755
3004186,99.73568760216028
3004187,15.586792609161936
3004188,4.943544029486111
3004189,0.0
3004190,5.118505575789314
3004191,4020.3753707501405
3004192,0.051064170356028164
3004193,767.3671351787275
3004194,13.624842365914423
3004195,1100.6019810021232
3004196,1218.0982149790505
3004197,205.31427802465385
3004198,252.39352761763655
3004199,218.93339558877366
3004200,4108.532097909204
3004201,29.188096416043926
3004202,1.0341213043677504
3004203,19.824400699157856
3004204,30.337127221941177
3004205,0.4820201800743493
3004206,244.25817233717905
3004207,2.0145895820966224
3004208,31.22789274667271
3004209,4.183427720567481
3004210,140.3042228017837
3004211,7.853678465459572
3004212,563.1746349751177
3004213,228.57984337163978
3004214,19.405256873839328
3004215,12.789950770011561
3004216,563.6098057740177
3004217,124.41561695494903
3004218,4267.974078530066
3004219,1.75512494692539
3004220,33.99441004925877
3004221,4.691499878188597
3004222,0.42089329394885355
3004223,2.8779544524438525
3004224,3321.131197711013
3004225,0.41156614041589024
3004226,1017.442455882915
3004227,5.010329992133875
3004228,1222.6198562734319
3004229,800.8878287388267
3004230,384.2709647941309
3004231,33.07172037087377
3004232,22.061783313921207
3004233,4196.144233500541
3004234,26.801879523960665
3004235,1.5537122788246318
3004236,9.485870248939769
3004237,27.069052226048477
3004238,0.9314825673647928
3004239,263.5332003838468
3004240,4.121569733467269
3004241,39.31152814052855
3004242,3.86966706677459
3004243,148.4901391749919
3004244,4.506197080513359
3004245,69.43211852186866
3004246,352.20727978995274
3004247,9.338621560614222
3004248,14.01199451796867
3004249,127.3304550368118
3004250,47.20906042642041
3004251,3621.8598003332654
3004252,2.438737182411892
3004253,3.595662556386083
3004254,6.634050105040485
3004255,0.13133826957280337
3004256,3.127285843025021
3004257,1858.2832735731115
3004258,0.11985444829006761
3004259,438.0566793649577
3004260,8.707217120915113
3004261,794.866467645545
3004262,493.32939775159144
3004263,216.08012365255595
3004264,153.3547830281793
3004265,159.91095314884637
3004266,2385.0063796157337
3004267,13.08608964635074
3004268,1.0261498491470995
3004269,14.737607808378026
3004270,20.15179577953113
3004271,0.2731992780304711
3004272,187.4256192999303
3004273,3.206284641896337
3004274,7.6076823645295395
3004275,4.193864888621436
3004276,74.7737399515767
3004277,3.3197751881861137
3004278,269.554149407257
3004279,214.4117219470294
3004280,5.740869096645298
3004281,7.032955110881538
3004282,213.73080057008826
3004283,78.7681614626577
3004284,1568.2594105144187
3004285,0.7185134834301905
3004286,3.707394947800138
3004287,4.3370914874884114
3004288,0.06557185034850453
3004289,0.31118059986597185
3004290,1532.7632683570923
3004291,0.0
3004292,171.37669598349174
3004293,3.42852996916716
3004294,753.7887066524974
3004295,170.91124401737386
3004296,166.7885078261896
3004297,55.34441728408033
3004298,24.269742155811954
3004299,2393.668260850034
3004300,4.196388334601451
3004301,0.38112473380783934
3004302,15.205745888418551
3004303,8.468036400354155
3004304,0.06578628458121363
3004305,159.2775400332342
3004306,0.0
3004307,0.08625034803839526
3004308,2.0779979133453517
3004309,14.751343091552991
3004310,0.6134832230462464
3004311,60.73210993116276
3004312,136.78488367510653
3004313,0.3169614735478926
3004314,2.739075869666023
3004315,48.28139445446388
3004316,48.65494736437581
3004317,290.837658326817
3004318,0.1437317413066191
3004319,1.030212308893577
3004320,3.1695353214009314
3004321,0.0
3004322,5.496379807657652
3004323,2875.442494162669
3004324,0.0
3004325,479.1172566678563
3004326,11.781972150638637
3004327,922.9846910728196
3004328,796.1267256889812
3004329,257.839062301791
3004330,142.05774159932054
3004331,140.04778013159589
3004332,3662.923984323364
3004333,29.815512082895435
3004334,0.5554302338629404
3004335,19.17272388526213
3004336,34.037822580724146
3004337,0.07198487070675887
3004338,243.46839314712656
3004339,20.861870521717794
3004340,11.210272675137727
3004341,12.145680286265444
3004342,64.94021616471696
3004343,6.1097174010825945
3004344,349.4562098150979
3004345,251.32973729070946
3004346,9.33233199284419
3004347,10.18851665775944
3004348,404.5715255104604
3004349,88.63889346899978
3004350,1880.2611469443473
3004351,0.04909191129148254
3004352,23.764698758729875
3004353,3.6481389649245566
3004354,0.013309779838428779
3004355,3.630834067819415
3004356,3045.969305251114
3004357,0.13447439832877522
3004358,668.5547633285964
3004359,17.799805152949705
3004360,989.6685089707146
3004361,1123.974446409616
3004362,196.08238316888128
3004363,269.6023732577802
3004364,221.37270567175815
3004365,2970.660250138599
3004366,39.260918164928
3004367,1.787831462070172
3004368,16.491082309396077
3004369,15.891155916661596
3004370,0.5509245199698185
3004371,149.783355709834
3004372,12.665131677205828
3004373,34.19982400678946
3004374,5.854789384111104
3004375,105.9236494420385
3004376,11.283384549346367
3004377,507.23079303132465
3004378,208.66691531126023
3004379,9.552420124792569
3004380,12.11573260729901
3004381,594.6749278780763
3004382,148.93459269390786
3004383,5809.436252531619
3004384,0.2691020932387661
3004385,39.949792385477274
3004386,4.084542713579909
3004387,0.08135303544797447
3004388,5.58427088839642
3004389,3071.0882110323873
3004390,0.10629061171713011
3004391,698.2884385856102
3004392,22.2250784555481
3004393,1035.1217636000918
3004394,1184.1849271745457
3004395,245.37900781094024
3004396,251.10232799915656
3004397,176.50474844967366
3004398,2786.613994780163
3004399,38.920631192394545
3004400,2.0621867042170434
3004401,28.266059892927714
3004402,25.98424290705604
3004403,0.668515119477449
3004404,198.2601246784623
3004405,33.66565756716838
3004406,30.12150660168137
3004407,15.244213227287524
3004408,95.76721478613497
3004409,13.979095039711526
3004410,393.9593236680311
3004411,241.22508676946944
3004412,17.24455081524907
3004413,18.203964645107195
3004414,481.14842486810244
3004415,146.47055742379385
3004416,3956.393499119328
3004417,0.4872866207298235
3004418,36.772246864092004
3004419,8.86794803339358
3004420,0.16815823152202197
3004421,5.941685352390529
3004422,3069.060047808717
3004423,0.0
3004424,483.51576567279307
3004425,12.040218867631376
3004426,1283.0383855238592
3004427,682.1940655266064
3004428,458.5967589868465
3004429,138.04638861367738
3004430,73.06551163496236
3004431,5228.659218950375
3004432,7.6452145913730725
3004433,1.1507190273908825
3004434,30.574655363517422
3004435,25.89862551746502
3004436,0.09614192000387943
3004437,337.51801684093317
3004438,10.661486049830332
3004439,4.425051240972103
3004440,6.07246652880697
3004441,41.67216078514441
3004442,3.2977523139893217
3004443,461.9687033122303
3004444,317.3971846237359
3004445,5.479227920074372
3004446,9.83988162687354
3004447,386.4247125778279
3004448,78.53459170693674
3004449,1134.8013506906282
3004450,64.49913767223325
3004451,10.759865035567158
3004452,3.292795502937995
3004453,0.04897971410362303
3004454,4.361905122507031
3004455,2470.9173003833585
3004456,0.14593321124623138
3004457,401.09141173777334
3004458,15.900208474009062
3004459,655.6172046863052
3004460,796.52055687316
3004461,170.41261797708748
3004462,149.24760806658514
3004463,146.87664391551164
3004464,2722.682934766835
3004465,23.534524814510593
3004466,1.5963754985919905
3004467,15.987500007619165
3004468,22.615356918353907
3004469,0.34064255636996216
3004470,162.16217179957513
3004471,14.76091337941136
3004472,17.571107822171264
3004473,4.901718753351233
3004474,151.89559271131515
3004475,7.526204236475579
3004476,567.9782743318044
3004477,154.01361912883414
3004478,7.520371064097098
3004479,12.478724048386857
3004480,467.373527631193
3004481,91.50775038655401
3004482,2392.513086809792
3004483,0.10161371256954833
3004484,40.196597001852936
3004485,1.6539416367590598
3004486,0.05379402922914261
3004487,0.48701631356852976
3004488,990.5908255398836
3004489,0.0
3004490,82.27243510935031
3004491,3.0349581333883853
3004492,578.192031146349
3004493,211.0386473664038
3004494,219.7961642983698
3004495,28.582534291099822
3004496,25.79904368264139
3004497,1979.5919803183217
3004498,2.7555285573413464
3004499,0.20464684177068287
3004500,6.035421250493705
3004501,7.284801777293813
3004502,0.0
3004503,131.62408811059396
3004504,2.8503810204136397
3004505,0.07635386355636932
3004506,0.9935103359133541
3004507,16.468371758016435
3004508,0.45992841167590987
3004509,119.89434044898798
3004510,124.22971020184617
3004511,0.614338090469515
3004512,2.352048412616937
3004513,113.2638864613596
3004514,15.792486297609194
3004515,189.22588401093964
3004516,4.033904061435199
3004517,1.2003575964686553
3004518,5.776991418647127
3004519,0.22219510605007378
3004520,4.754494613106344
3004521,4096.129637900113
3004522,0.06481786714252193
3004523,503.97315956218523
3004524,14.201495307369704
3004525,1503.4079062979933
3004526,540.5643236704412
3004527,461.6837062682801
3004528,95.00967332716046
3004529,73.87287553011194
3004530,5774.611860577977
3004531,19.295532191612928
3004532,0.64406346401592
3004533,29.10992348272986
3004534,21.570508357830295
3004535,0.17992001887648387
3004536,354.345144216074
3004537,9.942997990295622
3004538,1.738698543442955
3004539,6.754332031363832
3004540,51.935239518272304
3004541,2.9575757795376125
3004542,501.81696033254013
3004543,295.4506436228749
3004544,2.296816135391864
3004545,10.530556383414
3004546,484.0955308873581
3004547,74.68751132086291
3004548,960.8734936397223
3004549,6.434444982977725
3004550,5.621631858987055
3004551,4.37241583748279
3004552,0.14440884941564489
3004553,1.5490849572171497
3004554,1593.3170680669916
3004555,0.0
3004556,152.71396104258207
3004557,9.413048191950303
3004558,721.6650574435079
3004559,329.0624891324507
3004560,239.63968408325363
3004561,55.94734662326956
3004562,38.67505932126349
3004563,2708.899522528503
3004564,6.101807928326686
3004565,0.6966790018535134
3004566,11.582887375892195
3004567,11.507670603344115
3004568,0.10128133129186957
3004569,150.68269820538248
3004570,1.6293529270282585
3004571,0.21283614293285819
3004572,4.654083473413925
3004573,53.315348431306425
3004574,1.3853795924632726
3004575,131.2553565647687
3004576,137.65020617606743
3004577,0.9765520068431985
3004578,4.679691542649319
3004579,181.98770200838013
3004580,34.68005867463782
3004581,330.59244815848325
3004582,8.55872246010374
3004583,2.3212644486192544
3004584,3.537799631872703
3004585,0.0
3004586,0.6628047399966923
3004587,1452.4988458598332
3004588,0.0
3004589,116.53502332944578
3004590,4.913938048613534
3004591,619.9581271487435
3004592,234.6796431872327
3004593,160.7977921709831
3004594,35.69816078627279
3004595,26.484191609789924
3004596,2377.7042210047052
3004597,6.118033299726238
3004598,0.21690881738334175
3004599,9.099464574326445
3004600,10.91565219721435
3004601,0.019205731859004472
3004602,121.09907303711212
3004603,2.536421111165637
3004604,0.09300221060490371
3004605,1.690815888895954
3004606,35.677834708469156
3004607,0.7539233860134615
3004608,137.32591784244062
3004609,138.85744329198482
3004610,0.5373273520557074
3004611,3.094549107652913
3004612,99.23246377188904
3004613,22.44972317971355
3004614,173.29446299033077
3004615,2.8603594869731266
3004616,1.289030166451783
3004617,2.714766136425651
3004618,0.041066225556268016
3004619,1.458997502628204
3004620,1173.3331030007591
3004621,0.0
3004622,151.49765155943822
3004623,5.862202642217893
3004624,856.9380747635
3004625,346.4965642235273
3004626,243.90649531657832
3004627,29.858087792216555
3004628,32.1314717874097
3004629,2448.0314182377215
3004630,4.3613109227690865
3004631,0.172058434296776
3004632,10.595241325549296
3004633,16.378612944556146
3004634,0.02629555330633645
3004635,176.54806969838913
3004636,0.4811344523553742
3004637,0.11414018618504453
3004638,2.1320208264299283
3004639,28.78827361443453
3004640,1.1519118735821605
3004641,216.15117525145146
3004642,217.7201869864264
3004643,0.6808013551533159
3004644,4.078136559912082
3004645,79.77021557779612
3004646,45.84347832405499
3004647,340.43876409051927
3004648,0.1290313222069469
3004649,2.358313762368816
3004650,2.753705851532572
3004651,0.4994253832266761
3004652,1.2413399519480097
3004653,1617.1435996079538
3004654,0.05908100527768119
3004655,142.48525040861125
3004656,5.275057937868447
3004657,795.2365995348135
3004658,310.9315508521495
3004659,309.77892777512454
3004660,63.37791952014719
3004661,54.174537048851235
3004662,2702.4274620544998
3004663,7.440541334653837
3004664,0.6620435959726236
3004665,17.375477149632285
3004666,13.695500875877785
3004667,0.06859868468768095
3004668,196.04275173688993
3004669,9.906483698974146
3004670,0.17590399998988504
3004671,3.653297398172195
3004672,26.222800777060968
3004673,1.4596247729734153
3004674,122.91982336955726
3004675,173.84923722063903
3004676,0.7422254714608598
3004677,4.614639557253958
3004678,149.71559406490354
3004679,41.888175022595696
3004680,488.56149222745756
3004681,6.125034244309286
3004682,4.006124400461573
3004683,2.9622080254627328
3004684,0.0
3004685,0.12865202177593427
3004686,979.289294340454
3004687,0.0
3004688,109.05447092663535
3004689,4.189468991393316
3004690,577.5064383903102
3004691,183.23397267913015
3004692,137.04026802661494
3004693,90.56419009464877
3004694,25.17134863635777
3004695,1688.40905702569
3004696,3.3307918729923243
3004697,0.1747885195019233
3004698,11.477780990631965
3004699,6.991814928754447
3004700,0.0
3004701,129.134636632746
3004702,0.0
3004703,0.0
3004704,1.0841641646091045
3004705,32.67069351042877
3004706,0.7381106653093688
3004707,54.13397761401245
3004708,101.02001051167595
3004709,0.5123845698872773
3004710,2.000963482281011
3004711,64.59244834277018
3004712,24.017355106331436
3004713,306.23203868156634
3004714,0.004222844744138334
3004715,0.6698184849410347
3004716,5.841801469738792
3004717,0.18452096781156435
3004718,2.56121369420951
3004719,2909.7975021496504
3004720,0.025111798776389263
3004721,288.71709200356423
3004722,7.492208712303835
3004723,943.846982377434
3004724,591.217260287501
3004725,472.2584369537203
3004726,143.76184350723054
3004727,87.1568324544931
3004728,4091.4808842123603
3004729,9.659818557111187
3004730,0.6525466049243547
3004731,23.26067735116805
3004732,17.907254112133735
3004733,0.20512917251841764
3004734,247.44371050382273
3004735,1.1309925892142392
3004736,0.26996286331164115
3004737,4.457700638075417
3004738,50.172992786257616
3004739,1.978426442633665
3004740,259.5451292185256
3004741,209.18439273003605
3004742,1.7334668319991882
3004743,7.393631548951312
3004744,316.9685110864809
3004745,63.27526455710402
3004746,924.4149603745699
3004747,5.840601726258345
3004748,7.774436243517922
3004749,0.24180637646599276
3004750,0.09056441506710271
3004751,1.869898846346314
3004752,504.92948228385563
3004753,0.0
3004754,103.31246827624476
3004755,2.2156049307873578
3004756,160.51389140107102
3004757,166.67744890103643
3004758,59.97053768834748
3004759,29.864455094628877
3004760,3.189532030729474
3004761,922.9528350708435
3004762,1.7586726403399555
3004763,0.439286801960989
3004764,6.712331619750615
3004765,1.8571851411014455
3004766,0.00046543639340602223
3004767,54.6362799225267
3004768,2.8107244100140445
3004769,1.6673082702102389
3004770,1.493291123363834
3004771,46.161124799523556
3004772,1.529148068054241
3004773,4.779325046462582
3004774,38.215783955308524
3004775,1.6549936362872928
3004776,2.634154621261847
3004777,67.01523165083458
3004778,25.686132818664113
3004779,236.75590972188317
3004780,12.7645111613544
3004781,1.0572329473615825
3004782,5.21485112950935
3004783,0.09221101406315745
3004784,0.9644079146946851
3004785,2198.8026191876115
3004786,0.03816845766386741
3004787,147.78331926027434
3004788,6.8910950308359835
3004789,788.9055872206462
3004790,289.25790764120796
3004791,301.4334538467508
3004792,53.27629576481369
3004793,47.10324126507071
3004794,3062.7703030526786
3004795,9.701749870986886
3004796,0.8160400544918656
3004797,14.49171439754542
3004798,11.22007452625286
3004799,0.10677742473320107
3004800,156.08754993175847
3004801,6.387780029355887
3004802,0.1510527652749064
3004803,3.525738172377678
3004804,33.25681800366149
3004805,1.6815341270175832
3004806,134.88055368877116
3004807,153.9757798126404
3004808,0.9820080111607055
3004809,4.839082785227005
3004810,114.72506838553679
3004811,32.25320036567852
3004812,357.11150195351894
3004813,0.13660339212273337
3004814,3.191485832092895
3004815,4.181020441051269
3004816,0.04449716422122937
3004817,6.044730119874614
3004818,2835.6289822869776
3004819,0.15555553588921694
3004820,532.8188700477003
3004821,12.91519701402545
3004822,874.6851626150528
3004823,911.3720017966667
3004824,257.84624410292946
3004825,180.2967768444351
3004826,135.0537624278082
3004827,3856.4927641862078
3004828,32.25285677499502
3004829,1.01672717519644
3004830,21.272567587942874
3004831,22.944663079497943
3004832,0.27560073703098303
3004833,237.64225032717005
3004834,23.175443433505475
3004835,14.268375500684625
3004836,10.093294810895003
3004837,108.83681170269804
3004838,7.799059741940933
3004839,753.4018747187183
3004840,232.03849180390839
3004841,9.63497619964617
3004842,9.003523047805727
3004843,662.8810672266084
3004844,101.6666276581828
3004845,2434.839898376441
3004846,0.2936316355394294
3004847,41.11464237599968
3004848,4.715309250398176
3004849,0.2652322330269426
3004850,3.6069518573938177
3004851,2432.692724182275
3004852,0.0578587018164401
3004853,331.53640702524604
3004854,6.795516984848772
3004855,1015.4071321017732
3004856,598.1079858939931
3004857,492.05525035276037
3004858,78.9102298700571
3004859,117.41817973857707
3004860,3486.6137972878637
3004861,9.254318235955704
3004862,0.4664221175210567
3004863,16.776319145887577
3004864,13.31302371703814
3004865,0.09625963469976666
3004866,239.3905297659666
3004867,4.355223178725951
3004868,4.72732714615914
3004869,2.5231695057879353
3004870,36.886683808370414
3004871,1.612725094984949
3004872,227.37368151591446
3004873,258.38435318049955
3004874,3.268592520860553
3004875,4.895157810526221
3004876,356.01456277973625
3004877,52.84054158937178
3004878,777.5697190224042
3004879,27.562196714690305
3004880,4.827930503313586
3004881,7.539780739147744
3004882,0.2938281401742527
3004883,3.0390061097585273
3004884,2314.115217067126
3004885,0.09430037714431778
3004886,417.25806436593723
3004887,6.601436018445377
3004888,1001.0667252918421
3004889,482.6143588495682
3004890,305.56574204219584
3004891,182.5402418295045
3004892,103.87987128628525
3004893,3479.6444392908447
3004894,12.457767425569779
3004895,0.7357293299159182
3004896,23.534071076869065
3004897,22.532869976080228
3004898,0.17382516332492406
3004899,217.38808165229926
3004900,2.802940316980763
3004901,2.851660497954853
3004902,8.210043913079595
3004903,78.53586888758062
3004904,2.7038262027816398
3004905,115.27198656885689
3004906,210.6686670905483
3004907,2.902429247128291
3004908,9.097251009803589
3004909,195.82883735858837
3004910,95.5902442648095
3004911,1060.564910877008
3004912,0.7191713337499277
3004913,4.173850097662401
3004914,3.694223992369924
3004915,0.15719195363379698
3004916,1.1025113871947512
3004917,1252.813167535531
3004918,0.022814381227386833
3004919,139.2421698743628
3004920,7.115197861011016
3004921,568.2751009500772
3004922,263.0551407465168
3004923,177.21189915161543
3004924,61.37844276333356
3004925,36.36687958383064
3004926,2282.000823634543
3004927,6.1100144223511
3004928,0.567199977264494
3004929,16.380970370204086
3004930,17.107075531024137
3004931,0.126258032678657
3004932,134.96567293056867
3004933,0.8890609564542822
3004934,0.5382423905226199
3004935,4.284392490052169
3004936,42.1056132316603
3004937,2.7317640695641625
3004938,69.07002776995674
3004939,122.88917553381653
3004940,0.9255056995957145
3004941,5.142190783247789
3004942,183.47865533579477
3004943,35.60009140994004
3004944,390.7003994371654
3004945,8.669404640832902
3004946,1.969562720238196
3004947,1.9297746840534087
3004948,0.024959758763726924
3004949,1.8401904966606648
3004950,1487.3232903323717
3004951,0.08058188164504632
3004952,237.07252663916594
3004953,12.86442247133306
3004954,499.3384547152824
3004955,434.2291009922203
3004956,140.03929861718453
3004957,47.32610004999096
3004958,69.78860331178208
3004959,2098.176336527863
3004960,26.739418982625544
3004961,0.10702569679197863
3004962,8.170050133030747
3004963,15.900286057901749
3004964,0.11552242453368922
3004965,116.3131140481581
3004966,9.79838233973055
3004967,2.018944568234695
3004968,3.8499340188296243
3004969,79.48018233505516
3004970,3.7058202639751396
3004971,584.7627968099495
3004972,124.51351499431038
3004973,3.064797635309458
3004974,3.976140960450386
3004975,322.184919454338
3004976,36.66378158718273
3004977,1265.3725318774148
3004978,0.013436656042166805
3004979,15.747376543508384
3004980,3.383569111048467
3004981,0.05106713319303325
3004982,5.410464073517086
3004983,3807.3210112180655
3004984,0.12347068928176719
3004985,880.610406586374
3004986,17.494032013240027
3004987,1073.7661935965523
3004988,1403.275883330372
3004989,325.79814170555096
3004990,241.82616174945346
3004991,177.4089282160151
3004992,4247.60481615455
3004993,29.12541884928027
3004994,1.170938796548366
3004995,19.781234717853053
3004996,40.75476646484927
3004997,0.24878784616677418
3004998,231.44067822826517
3004999,13.039442517715992
3005000,44.178431331686866
3005001,9.054800875652369
3005002,161.90307892177248
3005003,12.042182850887995
3005004,654.4787593706361
3005005,284.34945138657054
3005006,18.874922384228963
3005007,12.918666700735825
3005008,772.6497774473092
3005009,119.90296668052692
3005010,3965.0217990241013
3005011,0.36837146892401634
3005012,45.9865012798721
3005013,0.9038296059640412
3005014,0.0
3005015,3.5304557727709653
3005016,2212.538761618082
3005017,0.0
3005018,361.5970316928973
3005019,4.332793819043693
3005020,437.8908646022558
3005021,513.4437556257731
3005022,157.21307855384381
3005023,139.90248631973057
3005024,15.927090346214904
3005025,2122.162160669981
3005026,6.05378291386059
3005027,0.34169714421770886
3005028,6.684744137943756
3005029,19.161731992069726
3005030,0.0
3005031,104.24325909955513
3005032,0.0
3005033,18.56825452615666
3005034,1.8979179171676566
3005035,197.57575116931287
3005036,3.298950793990122
3005037,354.6683658669089
3005038,120.23022799141658
3005039,3.0553193723270216
3005040,3.2659278008910553
3005041,308.6999583326221
3005042,8.202481050398278
3005043,2038.2139739401061
3005044,0.06654690641119798
3005045,6.560833482123483
3005046,2.3099079636518027
3005047,0.0
3005048,1.0945652442407963
3005049,780.3972075578896
3005050,0.0
3005051,160.97205468182207
3005052,5.772548525373448
3005053,320.7670696945515
3005054,198.3077983859619
3005055,80.77336242993906
3005056,34.14601257605724
3005057,32.92631430086772
3005058,1219.6209178933523
3005059,3.651222983044767
3005060,0.3310790577528888
3005061,5.6898584161295735
3005062,5.241531969158427
3005063,0.09592643346574027
3005064,68.29107253814173
3005065,0.5374742645281261
3005066,4.341690817003647
3005067,1.3822397787078922
3005068,33.87326431336423
3005069,0.6903753227900107
3005070,362.2705565771934
3005071,101.81343913640448
3005072,1.919636171175458
3005073,1.7484315606064826
3005074,169.116002088579
3005075,13.998246155953655
3005076,454.044550291904
3005077,0.19444178476013418
3005078,3.2547306949151418
3005079,4.513130062360456
3005080,0.04415111353423577
3005081,4.579658884899353
3005082,2764.154927656943
3005083,0.05381334569003144
3005084,547.6511770278985
3005085,14.880293752032772
3005086,813.5501458476841
3005087,826.4875211980511
3005088,256.9498768450229
3005089,215.89605181481693
3005090,174.0560558240883
3005091,3409.7732140152484
3005092,22.129258869241355
3005093,1.3924119479741002
3005094,18.473692789090332
3005095,23.15848273744863
3005096,0.2817451755086064
3005097,185.1062746572191
3005098,5.694023012961914
3005099,31.71766124825826
3005100,4.777145640538104
3005101,186.44962752075307
3005102,4.694527404952748
3005103,401.44892219405426
3005104,186.75188310937324
3005105,10.060733971175017
3005106,9.424367128478677
3005107,474.94749647618295
3005108,79.47300599464334
3005109,2658.700168852982
3005110,0.38954113321837164
3005111,23.43043274303664
3005112,5.837124763504109
3005113,0.03325457643497631
3005114,0.9103144146845403
3005115,2643.0989153424
3005116,0.0
3005117,456.40749895727566
3005118,11.425465246085063
3005119,931.1713918001584
3005120,625.7516593047098
3005121,345.97943819731785
3005122,165.94886712291637
3005123,71.0966074192418
3005124,3633.971627032838
3005125,7.604551829040442
3005126,0.7072339373877183
3005127,24.35727908307862
3005128,16.771631460096458
3005129,0.31214285031319805
3005130,199.44444007918727
3005131,0.0
3005132,3.2764356503359195
3005133,4.563501749863835
3005134,84.27457163586725
3005135,1.1844415565231219
3005136,186.29474916040152
3005137,206.36019375725772
3005138,4.520833584194319
3005139,5.040586317165733
3005140,210.87023827439774
3005141,56.34029939502281
3005142,1191.5177788367835
3005143,1.0608725089615016
3005144,2.6254784644412372
3005145,4.897474472836038
3005146,0.2760788519804873
3005147,2.7868025653663846
3005148,2328.858602050245
3005149,0.08654477307081626
3005150,437.127514666537
3005151,9.64609884877083
3005152,877.6172737567426
3005153,553.7213362133551
3005154,278.7399035722369
3005155,153.014710765028
3005156,140.14660218816675
3005157,2965.377606455908
3005158,9.236645670095152
3005159,0.6649690671457673
3005160,19.494113801023534
3005161,12.443730536352593
3005162,0.22027853034661127
3005163,194.76096887116185
3005164,0.0
3005165,2.2783705643892547
3005166,3.4945306442265958
3005167,95.233364703031
3005168,1.4665609835436353
3005169,159.07210909951218
3005170,205.94465610630627
3005171,4.619946604793587
3005172,5.185259539147895
3005173,195.76754088745585
3005174,55.2309046160552
3005175,1082.5990522670636
3005176,0.9724573219822226
3005177,2.9071497275278935
3005178,8.528980336888702
3005179,0.40080271918617594
3005180,10.41883817796583
3005181,8503.83257027463
3005182,0.36542958067383047
3005183,1303.4818066896546
3005184,43.77109229029869
3005185,1730.4030753805835
3005186,2375.384391533716
3005187,443.42707271241073
3005188,508.6195251518676
3005189,451.49657073749887
3005190,7952.3094029634985
3005191,88.59680723888222
3005192,2.8680162358955554
3005193,50.760428667755605
3005194,52.4374653868781
3005195,1.2963068407857277
3005196,443.2170526304005
3005197,42.24791701302648
3005198,61.75651892645555
3005199,28.740752651672498
3005200,341.3630093440718
3005201,22.98274654136018
3005202,1308.510282631132
3005203,431.676834907501
3005204,22.25659012349817
3005205,27.004121481116172
3005206,1609.390326179953
3005207,376.9836238521882
3005208,8394.34513419057
3005209,1.3663911047915747
3005210,129.5086772811125
3005211,2.4459499422934154
3005212,0.0
3005213,0.3413954996997867
3005214,1262.5066198436016
3005215,0.0
3005216,131.19364135746625
3005217,3.6839624545582392
3005218,451.95293795120915
3005219,216.4389352551632
3005220,125.69960291549464
3005221,102.56806631250376
3005222,39.554817882178284
3005223,1767.296467781362
3005224,3.109551667910827
3005225,0.5730473701328442
3005226,8.75615976832351
3005227,7.497852063056023
3005228,0.08540564006263034
3005229,106.5752469594123
3005230,0.4137522846507653
3005231,0.27162218539607913
3005232,2.445941524855144
3005233,60.82217295454806
3005234,0.7040014974039759
3005235,53.16929581290758
3005236,85.50122595289847
3005237,1.3634781287537083
3005238,3.1044134213951002
3005239,109.38887531400795
3005240,18.53563232473233
3005241,296.77878378837494
3005242,0.0893963974384908
3005243,1.8921668745747655
3005244,6.371259688884398
3005245,0.22762670222218678
3005246,1.4998042669826148
3005247,2265.2852853229056
3005248,0.05436564470417891
3005249,376.75588278518865
3005250,8.796007133047963
3005251,1026.2107356037395
3005252,589.4107379274321
3005253,245.79838767669733
3005254,177.13650644760907
3005255,64.95327662463762
3005256,3525.5656833894086
3005257,10.467731654918149
3005258,0.47861426998003076
3005259,17.94071705520705
3005260,14.291310849893543
3005261,0.257073050745889
3005262,206.67452786540974
3005263,1.1641569586917049
3005264,1.8009215639436027
3005265,8.665883073719609
3005266,34.60300126159538
3005267,1.4162582910538877
3005268,275.2273243485534
3005269,214.38848235985316
3005270,3.3429572212994616
3005271,6.73339687870389
3005272,151.61922191536735
3005273,68.04194665325642
3005274,1040.472082923536
3005275,0.7517310415625662
3005276,4.286985336113125
3005277,1.4256906467825434
3005278,0.0
3005279,0.053491085657956544
3005280,801.1284137627562
3005281,0.0
3005282,83.62389434272163
3005283,2.843248190969337
3005284,409.5011388120877
3005285,125.54173266019765
3005286,104.00837141654323
3005287,108.51780202607868
3005288,20.141734717787067
3005289,1529.4337478073808
3005290,1.4862277124651113
3005291,0.2052280188404693
3005292,5.130940635475288
3005293,3.024593005330579
3005294,0.0
3005295,71.88558685599476
3005296,0.0
3005297,0.06745170551432608
3005298,0.6187016538662271
3005299,50.079254679052134
3005300,0.3315696268832693
3005301,50.63111821960611
3005302,68.53295925215942
3005303,0.303871761648295
3005304,1.087754547109257
3005305,63.87975022614768
3005306,10.415421009203593
3005307,152.70138257707472
3005308,0.0
3005309,0.5694947934527623
3005310,5.981326135257777
3005311,0.03724437635765175
3005312,0.5117453099626179
3005313,1509.1199963806835
3005314,0.0
3005315,193.26620603903405
3005316,6.609283659408361
3005317,713.7052089122836
3005318,338.8932112064018
3005319,180.25393085775474
3005320,112.32735201535189
3005321,50.9655280573796
3005322,2496.863457563876
3005323,2.328733397160911
3005324,0.41943067829506064
3005325,24.74328990393754
3005326,12.388152918987748
3005327,0.06086709505087031
3005328,146.94914794636531
3005329,0.0
3005330,0.19229651261939762
3005331,7.584164000081266
3005332,64.67740693191443
3005333,1.0465580514787365
3005334,205.411788813753
3005335,146.02643558221263
3005336,1.1430175575608716
3005337,4.137972557375724
3005338,195.02392465563346
3005339,30.595583976503452
3005340,928.0887551556623
3005341,0.08132176391344566
3005342,0.6675289674466078
3005343,3.3455017438232497
3005344,0.09673954179593655
3005345,3.4101921026630553
3005346,2631.4466277228667
3005347,0.04767252954579635
3005348,550.7642964280163
3005349,9.975383231469413
3005350,851.9078732307878
3005351,563.7701429447319
3005352,249.53980028811617
3005353,106.08679778766337
3005354,84.89652399428226
3005355,3554.6757070931967
3005356,5.154746425161891
3005357,1.430192746660834
3005358,22.488965483383893
3005359,31.538266903028898
3005360,0.40000542971431097
3005361,197.70726225790062
3005362,4.089311872602465
3005363,4.710082787663754
3005364,5.748000213090978
3005365,66.78788900709007
3005366,2.36621630248884
3005367,175.82796599850946
3005368,239.38645074761652
3005369,3.302950814252048
3005370,5.549963935534464
3005371,135.20036860153363
3005372,38.7231380202974
3005373,795.6272688197979
3005374,1.7452214958464238
3005375,2.0864701728428576
3005376,3.4508119162735147
3005377,0.0
3005378,0.07283263476252906
3005379,1318.757683708424
3005380,0.0
3005381,77.97201765574127
3005382,2.6764690529631032
3005383,419.5773957188205
3005384,142.09834852509397
3005385,92.91942255991613
3005386,125.77825963734212
3005387,35.75171697958061
3005388,1661.3338696606359
3005389,2.404313643443404
3005390,0.2618197092691298
3005391,5.639760720580796
3005392,5.287435207554664
3005393,0.014682401284264283
3005394,82.23212030889941
3005395,0.0
3005396,0.18787924148596735
3005397,0.4058557711114019
3005398,40.430699472425594
3005399,0.5737867056308563
3005400,121.81618180722933
3005401,68.77257035482073
3005402,0.4588348186594513
3005403,1.2520929035095043
3005404,56.64868174319264
3005405,14.23572519353744
3005406,272.54622290439204
3005407,0.07300186658304743
3005408,0.19440826482136314
3005409,4.098188311177064
3005410,0.0
3005411,0.8526785631420108
3005412,2751.613447208695
3005413,0.0
3005414,394.5040817386734
3005415,7.168201922222114
3005416,793.0124524279032
3005417,522.6557152484198
3005418,227.59791575541672
3005419,106.18444486826797
3005420,92.56430446929822
3005421,3542.889790672432
3005422,6.272214455263425
3005423,0.40950710778224375
3005424,20.09630988885747
3005425,14.294299421448102
3005426,0.12068946704615223
3005427,173.11785358653847
3005428,0.0
3005429,21.78744198771763
3005430,2.5865766343112617
3005431,102.22290739909359
3005432,1.2048229037740024
3005433,201.90827698110084
3005434,189.64149420515594
3005435,2.4118097144938218
3005436,4.615668035322762
3005437,130.3093586688811
3005438,49.09036110873078
3005439,1408.5012828788626
3005440,0.47802668777596036
3005441,0.7506357774612691
3005442,2.897533032013995
3005443,0.03179425248233506
3005444,5.918540259238719
3005445,2574.01429281306
3005446,0.057013262209162224
3005447,517.2826269338609
3005448,13.036811092847632
3005449,877.328197024745
3005450,910.403390325107
3005451,166.11639685943967
3005452,123.41154308524011
3005453,162.89583236361912
3005454,3517.061312276877
3005455,43.07060807644031
3005456,1.1734201801935544
3005457,19.846450512358647
3005458,20.170174544646716
3005459,0.13197984195732756
3005460,220.81913787350663
3005461,20.42420742453449
3005462,28.596610527365957
3005463,3.175661078104471
3005464,139.42080501332862
3005465,8.427279745101828
3005466,277.89786352397715
3005467,228.08774243755505
3005468,10.41985227536879
3005469,9.366196738283302
3005470,285.71415331670863
3005471,91.69942393305409
3005472,3013.398249888435
3005473,0.14364036663609495
3005474,21.433364423358658
3005475,4.069428379744547
3005476,0.025595064241540077
3005477,6.761125581729869
3005478,2102.4260511386283
3005479,0.07083487286225867
3005480,446.3884629215957
3005481,12.890537924144331
3005482,843.5250931548494
3005483,751.8799688053248
3005484,161.24056177919974
3005485,86.13265372677355
3005486,141.69020086450763
3005487,3280.0714705986834
3005488,28.83420160681769
3005489,0.912999737269576
3005490,23.58616445994662
3005491,21.406175882762785
3005492,0.039821791968642176
3005493,236.24632913301963
3005494,18.91982251890645
3005495,15.972265406614003
3005496,5.968291643615872
3005497,112.94483335141646
3005498,8.268832334734979
3005499,208.0145194442702
3005500,256.4256789771043
3005501,7.3573489266529695
3005502,8.372102797921363
3005503,171.4598746520032
3005504,88.45910395313662
3005505,2049.4600005889743
3005506,0.19342516957564315
3005507,22.466515899032977
3005508,6.689809970161553
3005509,0.21045417420127535
3005510,3.162416103293724
3005511,3083.887050038672
3005512,0.05382681133317201
3005513,613.8129250800712
3005514,10.762411895305517
3005515,1206.1298458729052
3005516,608.9770512639108
3005517,210.6536945828334
3005518,248.89634772956546
3005519,76.76487178217451
3005520,4449.453193228198
3005521,29.578946410971163
3005522,1.3450228609185522
3005523,22.39822375813541
3005524,21.991195255250155
3005525,0.22440928745963892
3005526,267.62519189176254
3005527,5.667326563074828
3005528,15.29626030821807
3005529,8.467041120655317
3005530,83.90813749093938
3005531,3.6990163551813104
3005532,155.6583920636552
3005533,243.3047375562177
3005534,6.300808981340789
3005535,8.79247048944951
3005536,227.7928790866957
3005537,69.60971672837775
3005538,1314.36625694488
3005539,4.045238808499104
3005540,8.534680128522398
3005541,2.7385317752492515
3005542,0.0
3005543,3.9617296436313065
3005544,2387.02156710416
3005545,0.07946093534734969
3005546,363.9773305499756
3005547,9.457208920731267
3005548,741.6639224970611
3005549,764.5348564391794
3005550,207.98574521978085
3005551,140.83780190174062
3005552,117.54690926264871
3005553,3029.810911856246
3005554,18.99969900212428
3005555,0.8870859909789544
3005556,14.225230961078875
3005557,12.22513821735769
3005558,0.17956215101254872
3005559,197.21123604478547
3005560,18.728694112318934
3005561,19.01357466776114
3005562,1.699145554513826
3005563,109.8024834795114
3005564,6.113149993581367
3005565,442.884145679996
3005566,183.7436538013085
3005567,7.48931033782935
3005568,7.722365561367072
3005569,485.6791562948843
3005570,64.42705105122803
3005571,2295.4859972663653
3005572,0.009048900872787546
3005573,30.937258852992173
3005574,3.5809097061051167
3005575,0.22937608619146485
3005576,1.9942282424728308
3005577,3153.963475072412
3005578,0.03195521936022113
3005579,388.03439721852476
3005580,8.017758657169114
3005581,1284.4882709159203
3005582,563.0183931372416
3005583,296.9007325571006
3005584,131.0051931269949
3005585,64.24018007037606
3005586,4675.702622724979
3005587,10.551436271481954
3005588,0.77588311941911
3005589,21.843090639346716
3005590,25.86283155169509
3005591,0.1807326465342442
3005592,297.3664128233784
3005593,0.02235497535527801
3005594,0.6805125295821521
3005595,6.775983488615325
3005596,81.21509980798305
3005597,1.618831507330821
3005598,123.729757617569
3005599,260.2722535974268
3005600,2.125885298173015
3005601,6.458524920820278
3005602,179.21974117602
3005603,47.49506786477889
3005604,964.128301622937
3005605,0.15858170190136395
3005606,2.5039798497084758
3005607,4.169695016780663
3005608,0.06521086374798234
3005609,6.574136770819366
3005610,1928.8001356860475
3005611,0.12791062052202945
3005612,435.2725219893867
3005613,13.208439852317335
3005614,785.8808991927417
3005615,599.230023149841
3005616,222.14175614276988
3005617,119.40653395542569
3005618,153.4443214932901
3005619,3122.0332705705073
3005620,24.7309921245433
3005621,0.8757888320701999
3005622,17.891367582607206
3005623,18.357820512325777
3005624,0.213044850322426
3005625,188.47819324344087
3005626,11.240974684800126
3005627,22.919949668100184
3005628,5.446409274901138
3005629,105.15821735882518
3005630,8.878256716581493
3005631,254.99794997146958
3005632,238.42420117172023
3005633,10.12965274742475
3005634,8.972562297121986
3005635,195.30086014028214
3005636,54.702094127103116
3005637,1883.8841035030694
3005638,0.31713167211736076
3005639,8.157163501731468
3005640,3.474268262079822
3005641,0.18198737505010495
3005642,4.6879871002772076
3005643,2353.6900782463185
3005644,0.1908995637352034
3005645,578.8911466648408
3005646,11.549901346199944
3005647,728.178042793894
3005648,761.5692524738715
3005649,180.6882315031394
3005650,162.96080813835064
3005651,102.03993893495296
3005652,3444.41525944088
3005653,34.21524840735473
3005654,0.8820885816267683
3005655,17.106772997545907
3005656,17.167724484959347
3005657,0.16069791403634795
3005658,178.71581449730212
3005659,13.68454343181073
3005660,42.68041791782761
3005661,5.232483308738675
3005662,108.9763764196565
3005663,9.721762683999435
3005664,321.16440490578793
3005665,190.1357100502917
3005666,9.5984782839132
3005667,11.055261401218083
3005668,393.30091727352357
3005669,84.75250810700952
3005670,2580.0070835005286
3005671,0.4098427826482154
3005672,22.72982722563213
3005673,4.217983141767693
3005674,0.06681560269703042
3005675,0.7427231682067343
3005676,3616.590959853558
3005677,0.03374555488553228
3005678,391.3905161911878
3005679,10.544636894336717
3005680,1001.8989735456692
3005681,433.04002705323137
3005682,292.43857167605483
3005683,136.13048352288115
3005684,41.439425800861066
3005685,3779.1198295314475
3005686,5.227111043298725
3005687,0.5406311440472717
3005688,16.72456207991855
3005689,12.749660761169427
3005690,0.06284691607786948
3005691,198.6716989772713
3005692,0.0
3005693,3.5689158773938674
3005694,1.8915659308286084
3005695,93.40763262807003
3005696,1.7885673120933046
3005697,157.7717434438594
3005698,201.62132691300738
3005699,2.205311145933972
3005700,3.996183549183251
3005701,214.5171716024353
3005702,68.26401885161384
3005703,813.7043106041441
3005704,1.3773824440167313
3005705,0.5977228798843484
3005706,15.972777506823377
3005707,0.17745555677604632
3005708,15.466131502668365
3005709,9881.4611173375
3005710,0.32439234920918125
3005711,1637.4298842499263
3005712,35.557571224047315
3005713,2123.4817817135977
3005714,2677.986274427061
3005715,626.4031774484563
3005716,664.6889949826574
3005717,607.1628435514443
3005718,9073.51915158794
3005719,89.76875547377938
3005720,3.380418110920365
3005721,83.21558318805295
3005722,82.69860709033097
3005723,1.2341944664383981
3005724,501.33376791126267
3005725,35.306358507915874
3005726,31.909066827580745
3005727,27.501809597529213
3005728,517.6998730614728
3005729,21.389352352192066
3005730,1508.6207010027438
3005731,469.08276851864093
3005732,32.305933967518015
3005733,35.35875326067806
3005734,1842.3234717341095
3005735,430.4308045478783
3005736,10131.944640924174
3005737,142.22183522266624
3005738,150.96595186618012
3005739,12.42486527274303
3005740,0.10167192683368867
3005741,12.28691920398259
3005742,8572.744000756664
3005743,0.2891180647987853
3005744,1271.428374165632
3005745,41.03977919772949
3005746,2070.812526830185
3005747,2173.04209726843
3005748,672.1281213291365
3005749,376.7654278520347
3005750,446.8019439622113
3005751,9028.876596695394
3005752,98.7831410563661
3005753,1.170446430207325
3005754,53.8904957494631
3005755,75.10637484620871
3005756,0.8853956546100701
3005757,541.8814877034457
3005758,30.874614365946357
3005759,43.726990817262795
3005760,8.620735545937222
3005761,298.091788557253
3005762,16.421705309690868
3005763,1835.091645648481
3005764,532.9012457938717
3005765,26.39854970133291
3005766,28.208939694943467
3005767,1706.3313327836727
3005768,279.1026139111031
3005769,7209.34264858094
3005770,122.77678759129488
3005771,120.06332288920622
3005772,9.704011311706045
3005773,0.007112864453462607
3005774,13.91097479890111
3005775,4927.270517949908
3005776,0.11484688808051723
3005777,762.9761796669457
3005778,23.80960648073494
3005779,1801.1506563088603
3005780,1375.3996503504313
3005781,799.6728249144857
3005782,139.18367907510964
3005783,248.99024383692915
3005784,7210.248131167294
3005785,44.00874018080792
3005786,1.1113140300532147
3005787,28.911889180796152
3005788,41.08045245492471
3005789,0.6990715589357921
3005790,448.5127572872858
3005791,28.360948751458494
3005792,21.485123544612883
3005793,10.264766406481023
3005794,157.21320501128343
3005795,8.176039794530979
3005796,1602.1831193286787
3005797,547.3387748825413
3005798,22.90998546989025
3005799,25.167357801673756
3005800,1133.1660712797138
3005801,138.95589655000828
3005802,2386.751284693833
3005803,100.52544775744502
3005804,61.85555888219702
3005805,11.839741960022975
3005806,0.10941476939041671
3005807,14.207422704602067
3005808,7853.083416536759
3005809,0.31763935076306854
3005810,1190.4565942081908
3005811,32.0145304247668
3005812,1906.2275237472552
3005813,2132.446341289822
3005814,708.393462474609
3005815,366.6342540919074
3005816,352.96873600079317
3005817,8230.221549551256
3005818,67.46378972851832
3005819,1.7487532617071624
3005820,43.847365190869354
3005821,61.73727159320459
3005822,1.1096147498387046
3005823,521.1524078565552
3005824,36.24826950565759
3005825,33.088735496361906
3005826,10.553279389235383
3005827,256.6350702550677
3005828,13.648233467172648
3005829,1413.931561879279
3005830,533.6333578889245
3005831,25.259347472640293
3005832,26.855323208545588
3005833,1498.3453444694323
3005834,244.2976069723655
3005835,5864.781119359092
3005836,100.676460440502
3005837,108.79177152557533
3005838,8.613537093260094
3005839,0.0
3005840,12.513316857318687
3005841,3757.178229519846
3005842,0.056028082129563506
3005843,619.5817920410252
3005844,20.963100299260226
3005845,1521.9915945935684
3005846,1047.858154966569
3005847,581.6917929880852
3005848,106.49323323122587
3005849,162.79685237905815
3005850,6277.162779889095
3005851,42.628699244097604
3005852,0.5488962874509209
3005853,27.902754658437406
3005854,30.3523924020985
3005855,0.3484745447913799
3005856,407.2409076128002
3005857,25.022045491149477
3005858,11.502029972648542
3005859,4.639210947224428
3005860,143.56863792098582
3005861,5.604826470882465
3005862,1292.9752494401396
3005863,463.80786917623857
3005864,16.272655999528197
3005865,18.796151609183095
3005866,877.7939684548003
3005867,90.90894194221383
3005868,1590.954087610504
3005869,118.69196127968964
3005870,34.049801714732794
3005871,9.899830927697092
3005872,0.07825733199417942
3005873,8.959399691891067
3005874,7985.405920143122
3005875,0.28128852783023706
3005876,1263.4694860239224
3005877,39.92228802444802
3005878,1768.3389685320083
3005879,2263.4093036421623
3005880,510.1861111744219
3005881,492.51725185485725
3005882,408.12419616721684
3005883,7532.061669294156
3005884,76.42090181235447
3005885,1.8453499979379
3005886,40.47708401164972
3005887,45.321644491489515
3005888,0.8559306805706679
3005889,421.4320551638902
3005890,18.708038361259824
3005891,34.17751192758051
3005892,12.48188471629127
3005893,344.6694089875962
3005894,17.10482875795449
3005895,1391.7034344569267
3005896,406.7835851649489
3005897,23.06254515781189
3005898,32.47036774280992
3005899,1495.7015145352661
3005900,286.641149986621
3005901,8492.644761354908
3005902,86.94331723625352
3005903,116.47341400702395
3005904,4.056806162211966
3005905,0.12126355660882084
3005906,5.283357952296871
3005907,1655.1180419595287
3005908,0.18072663246182788
3005909,310.74846568447947
3005910,20.36205746645331
3005911,730.4981931772647
3005912,481.2271812398082
3005913,216.89559011160208
3005914,77.13651556007038
3005915,95.44952258176326
3005916,2546.5472949864406
3005917,18.648348053620417
3005918,0.6589802842526586
3005919,23.334027451077635
3005920,25.86484288868539
3005921,0.21879053563586087
3005922,185.52809491213924
3005923,11.285452848331111
3005924,5.559489121471709
3005925,7.974388338554817
3005926,85.62492415311544
3005927,6.753443127323447
3005928,291.62278083409495
3005929,209.74073442379984
3005930,3.7606038186981694
3005931,7.926811326166247
3005932,251.38830295717798
3005933,66.72887283191265
3005934,1352.1069345201713
3005935,0.2305605034671328
3005936,13.950633791751972
3005937,8.360581738612135
3005938,0.016695550961038027
3005939,9.788162573301557
3005940,3777.0854498802396
3005941,0.16958049950028653
3005942,547.1425609082239
3005943,31.659961551615382
3005944,1290.8061055400171
3005945,867.9772301875805
3005946,462.6633553370547
3005947,100.92920882671034
3005948,166.39782873759685
3005949,5757.071547185022
3005950,51.47171228545595
3005951,0.8518118916449919
3005952,41.34206680295058
3005953,44.771565586595386
3005954,0.26197280885271057
3005955,341.716185656105
3005956,20.863792995531842
3005957,7.885447273390916
3005958,3.7819117497954773
3005959,171.47634261080995
3005960,8.941462196984105
3005961,721.7040382212936
3005962,383.3843058829967
3005963,10.526788827036027
3005964,19.556487788651022
3005965,460.0730572554487
3005966,87.40014775847075
3005967,2187.287877612953
3005968,97.60936874690387
3005969,21.27841223293676
3005970,5.622765439454213
3005971,0.0
3005972,5.785694401574603
3005973,5018.779034506941
3005974,0.06874718213839011
3005975,862.3820361793944
3005976,16.47081430649344
3005977,1198.3188147940857
3005978,1462.4099061529462
3005979,278.3249488598777
3005980,329.9503133771309
3005981,275.6167243371242
3005982,4941.496805468691
3005983,34.79613056419617
3005984,1.1966870685919897
3005985,22.54146552763522
3005986,37.211828617000265
3005987,0.5530742706407938
3005988,282.6212494530789
3005989,2.441118721888505
3005990,49.47716742609095
3005991,4.777281283176064
3005992,241.79316963175538
3005993,9.234828344678503
3005994,1133.3756401994906
3005995,251.4809101855808
3005996,20.984694604325526
3005997,11.337976645548
3005998,1546.7903697926808
3005999,146.62686096645476
3006000,5699.697249679589
3006001,1.713103624559699
3006002,72.13452154065814
3006003,4.848816686636996
3006004,0.44963744888032814
3006005,8.301641672018045
3006006,3414.9066423444137
3006007,0.4474352833546974
3006008,1017.3390145759286
3006009,5.730690827113536
3006010,1260.6886515623924
3006011,902.1423817180029
3006012,399.9616037501979
3006013,298.39502710246717
3006014,182.23915287207944
3006015,4335.112979733037
3006016,28.87098683421546
3006017,1.6768365554886477
3006018,26.211950225183887
3006019,28.72430743908899
3006020,0.9520817293844728
3006021,269.0724715136126
3006022,4.443205827112814
3006023,42.82209832845346
3006024,4.112606280670756
3006025,195.0176297555522
3006026,5.0894370525341195
3006027,751.363021764725
3006028,354.3591791648753
3006029,9.85459227454419
3006030,14.662316290079112
3006031,800.7463499415101
3006032,48.20985173961112
3006033,3736.3554179246153
3006034,2.391838338433118
3006035,12.871014553584818
3006036,7.032246060972605
3006037,0.12297337765877028
3006038,3.1587235485480285
3006039,1960.882215377031
3006040,0.13401728199825738
3006041,443.7448375841601
3006042,10.408127011776202
3006043,819.6959376365925
3006044,526.6432110582954
3006045,265.14982194149195
3006046,108.98566406528897
3006047,200.01212787866703
3006048,2628.183398257057
3006049,14.614444475146088
3006050,1.0603476424438165
3006051,15.907706045756214
3006052,16.98535136879342
3006053,0.25717005620031724
3006054,188.0900475251088
3006055,3.3955593047459285
3006056,10.190237699319223
3006057,4.395092294843893
3006058,125.0402999132764
3006059,3.76620581514348
3006060,403.30826769731635
3006061,217.4579540976731
3006062,6.0348367352141405
3006063,7.220667238484079
3006064,273.56174389600847
3006065,80.52673416253208
3006066,1883.0110597709554
3006067,0.6964544323019852
3006068,5.2704614369223926
3006069,4.72207443652724
3006070,0.10884104908183767
3006071,0.3015345370771585
3006072,1541.0587760763688
3006073,0.0
3006074,169.21366938827305
3006075,4.4626691436794115
3006076,833.4006842588319
3006077,176.15899221045274
3006078,205.31932157941654
3006079,55.31016024570534
3006080,27.385409702032863
3006081,2626.215419762168
3006082,5.068845138761907
3006083,0.4447964538565217
3006084,17.262163500445496
3006085,9.356771002369468
3006086,0.05320714724577337
3006087,163.25871849350412
3006088,0.0
3006089,0.06543094309181727
3006090,2.3392667637103637
3006091,24.811203691392517
3006092,0.7907965253083096
3006093,56.15817774467744
3006094,133.51513073735444
3006095,0.33113517210540583
3006096,3.0215541146846796
3006097,48.68293817146185
3006098,47.53858369369834
3006099,475.3149497098882
3006100,0.13830583120311762
3006101,0.9483292182349599
3006102,3.573335090765468
3006103,0.0
3006104,5.753865424282974
3006105,3175.5615949057437
3006106,0.03235753494564989
3006107,505.49826667970274
3006108,13.213200029477768
3006109,977.5935053252595
3006110,904.1313209725408
3006111,322.98251793114645
3006112,163.4509002632911
3006113,184.62274933063622
3006114,4191.340205076598
3006115,34.407851941436014
3006116,0.6502480707625211
3006117,21.167610656565895
3006118,35.17585879771315
3006119,0.09202489337078495
3006120,259.80457333046104
3006121,21.872475557257403
3006122,16.396109310155367
3006123,11.773880319056472
3006124,117.05221576244574
3006125,6.485780867998313
3006126,605.7370442407155
3006127,269.36461817089315
3006128,9.64896423560718
3006129,10.620335427569332
3006130,673.4651443749087
3006131,97.6675211520532
3006132,2446.4131774656976
3006133,0.08133900291911315
3006134,44.498662156555994
3006135,3.8716202077503192
3006136,0.008200295039011053
3006137,6.129168297854394
3006138,4537.657845204938
3006139,0.1540647010322107
3006140,712.074877298418
3006141,20.875228121903564
3006142,1024.065791074086
3006143,1330.6248891643327
3006144,205.75591236376235
3006145,296.2440840257798
3006146,264.50811124536983
3006147,4382.024953752976
3006148,43.3005671920632
3006149,1.8554820588604248
3006150,23.80376560577563
3006151,27.92208073673728
3006152,0.5203818236417765
3006153,241.3635767320825
3006154,13.199201888023538
3006155,51.59745193739135
3006156,5.952064664361705
3006157,263.0918281572562
3006158,12.469314879391323
3006159,718.181315785404
3006160,222.4227890655573
3006161,9.800650317786351
3006162,13.399381640503755
3006163,861.7750649494672
3006164,160.63425944327
3006165,6966.018425987955
3006166,0.23024298608007823
3006167,64.89012741943205
3006168,4.5368052776717
3006169,0.1337074097943875
3006170,8.218844433626067
3006171,4877.182804403896
3006172,0.17525392114499597
3006173,853.790777168529
3006174,25.080952903307328
3006175,1150.9336711855763
3006176,1532.6566349712189
3006177,314.5409232815637
3006178,300.9387816124739
3006179,217.2590117724648
3006180,4774.425413587036
3006181,43.8980671425389
3006182,2.2902752896303307
3006183,31.898695975918457
3006184,36.94163329016008
3006185,0.7844287812449993
3006186,326.16634582234167
3006187,34.726947082916105
3006188,36.9237978423596
3006189,22.295149602763093
3006190,189.2435057694453
3006191,15.504753454033615
3006192,780.821971524735
3006193,311.557347011976
3006194,17.981340224415526
3006195,19.151897389054252
3006196,836.6324669523555
3006197,169.03318427816222
3006198,4500.767610115307
3006199,0.5351891421075625
3006200,69.23102200616775
3006201,8.504727521384869
3006202,0.12867208898441074
3006203,5.792507112910719
3006204,2964.9046717628776
3006205,0.006912906399952841
3006206,465.62774970003244
3006207,13.425961330718597
3006208,1297.507673396222
3006209,651.4420940000496
3006210,527.3498602810204
3006211,125.4464778821799
3006212,77.6290869586699
3006213,5187.179959290233
3006214,8.582510971644435
3006215,1.1447250553394452
3006216,40.25000425911202
3006217,30.39624133000043
3006218,0.06750275233718708
3006219,336.5645143315
3006220,11.144017187698108
3006221,4.619613218975311
3006222,5.886996752931769
3006223,70.75407568954014
3006224,3.6291146717422347
3006225,282.75857161336563
3006226,297.81309076618896
3006227,5.594662796947617
3006228,10.082757558345047
3006229,419.2103587388383
3006230,85.9621288426946
3006231,1088.1476476399337
3006232,30.661057636733467
3006233,10.308164080634539
3006234,3.218024402591576
3006235,0.07846743170422499
3006236,4.232125702672257
3006237,2386.0494988204127
3006238,0.16831879295339303
3006239,364.0980552820598
3006240,13.521206770664861
3006241,628.7080168741911
3006242,756.991520205351
3006243,131.84870206909122
3006244,113.12562141973049
3006245,129.3198711470481
3006246,2451.1220648450562
3006247,20.307591253323075
3006248,1.4627748283596547
3006249,17.59633148421129
3006250,11.238335747809648
3006251,0.26678776063846305
3006252,173.60376117450014
3006253,14.417573494175157
3006254,15.625252874733565
3006255,3.949192765518914
3006256,173.48045229181966
3006257,6.88121121744469
3006258,254.2250723703366
3006259,154.41479661401223
3006260,6.821364969867679
3006261,11.96441810617435
3006262,252.24369657596276
3006263,79.36358027372187
3006264,2308.9572463900718
3006265,0.0743890288448786
3006266,17.914918152940572
3006267,2.9569577040488766
3006268,0.08508914349589175
3006269,0.946783177900741
3006270,1516.9416054088233
3006271,0.0
3006272,117.37069081238897
3006273,4.150616737390416
3006274,821.0098891755915
3006275,317.5711299183444
3006276,270.5713209947575
3006277,44.792077988444454
3006278,50.19548010785727
3006279,2685.047904359569
3006280,3.4532058112799877
3006281,0.43100772296106343
3006282,12.896761149036848
3006283,11.393305063302474
3006284,0.027234165615691974
3006285,194.01427304393405
3006286,4.836218243622656
3006287,0.2862871658787805
3006288,1.6177851248493411
3006289,23.287681582547158
3006290,0.9378011664280557
3006291,145.8649593776247
3006292,190.5292755528163
3006293,0.9708876155844686
3006294,3.6426219115488907
3006295,154.6321922674838
3006296,21.3845432738275
3006297,279.35855440981277
3006298,4.438155015205426
3006299,1.6436444311114986
3006300,9.369407560265762
3006301,0.21160945412946439
3006302,6.6878044276267925
3006303,5249.285216842523
3006304,0.043687605471831426
3006305,630.4652867604185
3006306,19.07819740756849
3006307,1875.971688513724
3006308,706.895896205921
3006309,541.7109637529992
3006310,145.46454739203475
3006311,143.26364833749915
3006312,7311.778388019576
3006313,25.578170818363702
3006314,1.0034446116945572
3006315,36.318201160827044
3006316,30.20927282630084
3006317,0.3224699885251826
3006318,486.79382991600846
3006319,15.264888674231589
3006320,2.6035717593533647
3006321,9.465859710371623
3006322,92.34373184044364
3006323,4.22635823140891
3006324,603.7977274884684
3006325,432.9325582248643
3006326,3.3161103770645255
3006327,15.114353179288596
3006328,527.007482805988
3006329,71.95255205776328
3006330,1142.1827349205591
3006331,20.993514531380452
3006332,9.582144784325775
3006333,6.035676088010409
3006334,0.15257180028521727
3006335,1.0632636841450571
3006336,2112.746385681089
3006337,0.0
3006338,189.37533060130716
3006339,11.048612396895527
3006340,922.1035147756401
3006341,441.6463911375504
3006342,262.63142316565427
3006343,74.89464018049246
3006344,70.55023378204147
3006345,3113.211367134135
3006346,6.506720158080104
3006347,0.8878475640325987
3006348,16.903539559699293
3006349,18.88597443963336
3006350,0.1689796313990224
3006351,197.07607013293583
3006352,2.0605380284827417
3006353,0.26461263798678214
3006354,7.29925721879574
3006355,79.07263499993763
3006356,1.7923506583018693
3006357,146.44273640559544
3006358,182.38644321201565
3006359,1.19419286393549
3006360,6.035223967161288
3006361,184.06057930901224
3006362,43.51413732365698
3006363,385.0450822749527
3006364,2.8521028078986097
3006365,3.556360538132944
3006366,5.35266621004306
3006367,0.012469416311174234
3006368,2.089248492360189
3006369,2093.068736129081
3006370,0.0
3006371,158.2031722795995
3006372,6.108811145811239
3006373,860.5686448489287
3006374,347.5921235605007
3006375,195.2836344495632
3006376,53.742177235156944
3006377,47.93377974149987
3006378,3160.4797243873445
3006379,7.022778192112288
3006380,0.36578553031674604
3006381,11.844220513357607
3006382,15.40754084002317
3006383,0.09366101861692243
3006384,181.03928330597634
3006385,3.8114833304150695
3006386,0.20823387203840962
3006387,2.3420285715351117
3006388,59.059801805381085
3006389,1.1290939442311694
3006390,156.59366634289168
3006391,201.5909569296974
3006392,0.7013911264843864
3006393,4.175456743002221
3006394,128.91531308210736
3006395,29.63740920702433
3006396,240.52256382402044
3006397,3.9287513808974177
3006398,2.505212123295202
3006399,3.7628771015466107
3006400,0.05813562413855893
3006401,1.9618722791583552
3006402,1666.216011504038
3006403,0.0
3006404,196.30130510449038
3006405,6.91787066804961
3006406,1125.996028968039
3006407,489.3786045738595
3006408,263.84708562545393
3006409,42.253185195012115
3006410,73.4488742901178
3006411,3050.8896865841352
3006412,4.908924920544672
3006413,0.30481898978656996
3006414,12.926403147132502
3006415,14.709495600358315
3006416,0.09933611050583548
3006417,237.8515667897018
3006418,0.7167678975304919
3006419,0.17082027277909995
3006420,2.761494233420108
3006421,23.274476562368548
3006422,1.5152428617069797
3006423,251.51983117817943
3006424,285.708526127258
3006425,0.8617324593236471
3006426,5.240824078159944
3006427,95.16053938317184
3006428,56.46879511682706
3006429,414.88187250950864
3006430,3.4741140926597254
3006431,5.842659724480558
3006432,3.4467971634035495
3006433,2.035931622955758
3006434,1.4303299201408626
3006435,1806.9652330247818
3006436,0.06504224171113865
3006437,152.0361393710867
3006438,5.717823911011404
3006439,860.7747454073892
3006440,366.8857371298328
3006441,272.5086715454413
3006442,72.21864214649692
3006443,79.59761195510379
3006444,2909.89126346578
3006445,7.9827193653297535
3006446,0.7901527975695106
3006447,19.063052737530963
3006448,18.67796348044139
3006449,0.09886710931222778
3006450,227.10997528314974
3006451,9.836229953819435
3006452,0.30245094527909866
3006453,4.829760366730556
3006454,47.364003051591915
3006455,1.7861518982167115
3006456,128.39150920080803
3006457,194.60424440406126
3006458,0.8512606325015561
3006459,5.3550551005774985
3006460,144.87082078353896
3006461,40.42639575596648
3006462,598.0248714160373
3006463,4.000734194670162
3006464,4.914309818782498
3006465,4.460126837157194
3006466,0.0
3006467,0.3886286708183441
3006468,1455.0211619976658
3006469,0.0
3006470,143.10025984942928
3006471,5.168748673719019
3006472,777.2376058555772
3006473,262.77906828031206
3006474,163.71019204829918
3006475,131.92105411041052
3006476,47.75914707403912
3006477,2303.6707664571836
3006478,4.151525404831833
3006479,0.3071765193259334
3006480,12.781329521919098
3006481,9.276257520599447
3006482,0.0
3006483,182.96686284460802
3006484,0.027223224403775257
3006485,0.06362339651417352
3006486,1.7026702819338153
3006487,60.66498868119635
3006488,1.0740577008955134
3006489,62.84465542553594
3006490,149.60787223215615
3006491,0.6835201890948321
3006492,2.8365540968422827
3006493,83.34762861741862
3006494,33.168672174088876
3006495,329.72445142743646
3006496,0.0548516857278379
3006497,0.9115806438203904
3006498,9.89880865930804
3006499,0.17620218274364902
3006500,4.198405654107033
3006501,4313.6460607374565
3006502,0.007253782048200114
3006503,392.75800198694185
3006504,10.297094532667034
3006505,1325.807233104073
3006506,897.3015858231022
3006507,589.3191242747446
3006508,229.54701428307786
3006509,184.88659783074237
3006510,5650.4048381778875
3006511,12.772599975843788
3006512,1.0330691986929295
3006513,32.90450409595409
3006514,32.014328982033405
3006515,0.3510970072674364
3006516,353.5868081339407
3006517,2.2778404825411553
3006518,0.664098454196933
3006519,10.313225486232934
3006520,102.73446281997312
3006521,2.94657837426656
3006522,340.2287230582234
3006523,321.91278079394056
3006524,2.500041627673787
3006525,10.930888350309274
3006526,416.82642864108243
3006527,87.22947638703296
3006528,1076.6830458003471
3006529,13.79781617904336
3006530,12.01012197207811
3006531,1.0205326889005333
3006532,0.09360251603199227
3006533,3.792825436537907
3006534,731.8443371608258
3006535,0.0
3006536,141.38571099515175
3006537,3.649158333592572
3006538,247.61190134425635
3006539,236.14941068540153
3006540,79.05832775100623
3006541,46.8554373206495
3006542,43.317892845116525
3006543,1211.4360499193376
3006544,2.925184212042536
3006545,0.7419060095239967
3006546,5.440697454579986
3006547,8.701301095557943
3006548,0.09940248566855428
3006549,81.54127227567302
3006550,5.396331047662424
3006551,2.5611065324490405
3006552,3.34009306988745
3006553,62.38714322251125
3006554,2.444414675997163
3006555,7.6183978648409685
3006556,60.901944628678116
3006557,2.621433682179217
3006558,4.639650339239709
3006559,75.5701478506889
3006560,7.250915965484051
3006561,339.8984910320569
3006562,36.55737427207465
3006563,7.632593090284265
3006564,8.716761441472707
3006565,0.1094539118402658
3006566,3.0155922411956437
3006567,3615.930357579434
3006568,0.03874799452593136
3006569,209.58514936157675
3006570,8.930076914988664
3006571,1179.4202138772584
3006572,472.61667256885556
3006573,377.7464782369819
3006574,84.63853690713067
3006575,83.56648825868882
3006576,4402.060855021233
3006577,12.430744349877378
3006578,1.1610868211490946
3006579,23.44449557417855
3006580,19.5457211708712
3006581,0.20073753168126618
3006582,235.67994490385678
3006583,10.402704654943708
3006584,0.41478801972849516
3006585,5.168104704755981
3006586,63.1805506891106
3006587,2.495153850542945
3006588,173.04906286249394
3006589,242.0204911529005
3006590,1.3818113703290025
3006591,7.105069035437335
3006592,162.54786490976568
3006593,44.96014210716411
3006594,523.3653612408253
3006595,10.52971020265006
3006596,5.4513920461114
3006597,6.492555839455689
3006598,0.05276875231234302
3006599,7.531448969334727
3006600,3903.5861261361765
3006601,0.14755477772119738
3006602,678.5289754647688
3006603,16.52211348353036
3006604,1091.690466034878
3006605,1192.6698483579557
3006606,282.05503800750756
3006607,228.74622399320248
3006608,186.88035689106482
3006609,4734.940085335555
3006610,42.77321864059718
3006611,1.4378312201669483
3006612,26.113555485913686
3006613,27.69348659846392
3006614,0.4017117117924121
3006615,312.99434797245857
3006616,38.34537027448214
3006617,19.618145803887224
3006618,9.344215611010718
3006619,158.36851251542805
3006620,10.628224667324409
3006621,514.6301794294867
3006622,327.4304431478136
3006623,13.095526788621255
3006624,12.72631500148254
3006625,584.4814915948509
3006626,132.41837259722263
3006627,3412.445877665748
3006628,0.6354737444889018
3006629,32.55041586190154
3006630,9.070922482297549
3006631,0.3406192015947442
3006632,7.104865528858527
3006633,3880.7239371192145
3006634,0.08508286063100094
3006635,560.9101230224136
3006636,10.579015039184773
3006637,1600.1343764581843
3006638,966.9989759121886
3006639,695.0262035079834
3006640,134.06110450577128
3006641,129.84110646467178
3006642,5401.344529792629
3006643,15.692854694117994
3006644,0.9089176126954932
3006645,26.657719313355564
3006646,15.88606966864021
3006647,0.33317233510882704
3006648,413.8823925578556
3006649,9.01622219118897
3006650,8.529143506678976
3006651,4.461216443638719
3006652,69.8401405871195
3006653,2.760899825735851
3006654,328.203489999367
3006655,468.5245435852931
3006656,5.519753537369968
3006657,8.527086793634957
3006658,394.0902319260855
3006659,124.43643032021534
3006660,1168.9961298966828
3006661,34.64072170298728
3006662,20.188323341522267
3006663,12.54812165436965
3006664,0.3830435386660076
3006665,7.252930861917502
3006666,3528.3082944208268
3006667,0.12037176799120929
3006668,612.5194764675202
3006669,9.501470200284475
3006670,1534.3826127578868
3006671,785.458015866019
3006672,436.6891051586258
3006673,271.69058711043897
3006674,141.38251117469582
3006675,5061.684251374146
3006676,17.94240527923174
3006677,1.1654839586646606
3006678,33.692362285448816
3006679,33.40453604212536
3006680,0.4079349706721348
3006681,347.0696209060833
3006682,5.344798210068913
3006683,4.587514258966196
3006684,11.922507491932365
3006685,111.21441682491309
3006686,4.111672399498577
3006687,158.1710293110537
3006688,363.1001943410054
3006689,4.402112115851162
3006690,12.428778148475716
3006691,239.7837648862277
3006692,170.58218950548425
3006693,1446.1062520150704
3006694,1.3235360540621963
3006695,9.72741939040832
3006696,4.804861881383489
3006697,0.21222178239120287
3006698,1.5465549158780925
3006699,1527.2561368040542
3006700,0.04453689119214345
3006701,174.32220567917378
3006702,8.356801824757929
3006703,725.2298134740839
3006704,344.6925463054578
3006705,184.4031836894659
3006706,76.06807840560487
3006707,74.62007525513954
3006708,2517.676172338075
3006709,6.361298327216905
3006710,0.6971807793706968
3006711,30.163875050462217
3006712,21.927895100591922
3006713,0.1896505763704201
3006714,183.05069629785007
3006715,1.2080481030988643
3006716,0.6863620557862455
3006717,5.169777713065645
3006718,66.89520498521746
3006719,3.3908448656450014
3006720,72.20128799905015
3006721,152.58098482086817
3006722,1.140954482281987
3006723,6.408612958568737
3006724,96.5506297062152
3006725,42.2601698231205
3006726,454.9598060299532
3006727,19.809359275538984
3006728,4.0472358968888384
3006729,2.4519302588000214
3006730,0.021674186880206153
3006731,3.4359412993633383
3006732,1822.2117473413048
3006733,0.08535469424633639
3006734,283.9656766631522
3006735,15.713896552277117
3006736,552.5357214314138
3006737,535.4579812231653
3006738,136.54674850495925
3006739,57.27915422933854
3006740,82.47926101853245
3006741,2288.2539985467392
3006742,32.25546007635291
3006743,0.3162941557295184
3006744,10.343889620559723
3006745,19.545629526528067
3006746,0.2295421957156921
3006747,151.0143574695964
3006748,14.234558094077292
3006749,3.07273499726713
3006750,3.1760000101076162
3006751,121.33182607805568
3006752,4.908131223905298
3006753,518.0037329495574
3006754,151.30074680850336
3006755,4.0635549977075005
3006756,5.199324354627445
3006757,302.256370655065
3006758,43.362378825817025
3006759,1627.1063887523787
3006760,0.16970960653839787
3006761,13.532579900305825
3006762,4.286645416378107
3006763,0.06583270118426265
3006764,9.294047925445629
3006765,4430.431102005875
3006766,0.10199289901128793
3006767,959.3295103876983
3006768,19.277459480372528
3006769,1176.0684256515588
3006770,1491.550074029074
3006771,303.59126653919037
3006772,219.11007381068376
3006773,235.18576457277265
3006774,4509.692424561195
3006775,31.593502494903902
3006776,1.4580622175315798
3006777,23.15762970467033
3006778,41.701354203122825
3006779,0.3334985430125992
3006780,323.47169755815986
3006781,17.31317027921437
3006782,47.784114370581285
3006783,9.966635638829738
3006784,180.99286325015737
3006785,13.911858255338661
3006786,345.0101936256531
3006787,347.63122205922696
3006788,21.706349103798285
3006789,16.020933685695454
3006790,446.3461761575228
3006791,125.23395298477718
3006792,4352.039539467629
3006793,0.6362986555523789
3006794,27.18643283464839
3006795,1.475763589265537
3006796,0.0
3006797,3.626075292564482
3006798,3024.879360940779
3006799,0.0
3006800,449.63387864287455
3006801,6.18729701558509
3006802,563.7736122335368
3006803,681.9060301505557
3006804,157.15374220710913
3006805,23.002067201371393
3006806,24.565607905965564
3006807,2514.425685417077
3006808,8.41311038572244
3006809,0.602854520300784
3006810,9.179641441223747
3006811,21.46011956763769
3006812,0.06078324146798523
3006813,136.021846712955
3006814,0.0008791145729839668
3006815,24.120615523429098
3006816,2.787886705763608
3006817,348.15799911176
3006818,4.509814609172122
3006819,34.54480033689258
3006820,159.94794632515098
3006821,4.042155302663051
3006822,4.7807177036412885
3006823,46.43759111079926
3006824,13.03709772914023
3006825,2848.2974188327285
3006826,0.25584617179661967
3006827,1.5211338333309539
3006828,3.433467296932905
3006829,0.008647222498748068
3006830,1.7890427357415954
3006831,1163.6885182223743
3006832,0.0008442743029968525
3006833,220.25205293608064
3006834,7.535797108947952
3006835,424.1133404040288
3006836,285.14362221920015
3006837,90.33719177206095
3006838,46.19873272336537
3006839,42.55390574227327
3006840,1496.8861392436106
3006841,4.985680353666043
3006842,0.5660282359804802
3006843,7.751029254006054
3006844,7.544449139967336
3006845,0.2131003157811791
3006846,94.11063656578342
3006847,1.1594577055382582
3006848,5.968682350006409
3006849,2.0280131867490216
3006850,56.262064247702696
3006851,1.1527050352819925
3006852,222.95432208017382
3006853,142.0856298177737
3006854,2.644357837828784
3006855,3.3741022473660065
3006856,146.3260144354763
3006857,17.662000210323004
3006858,698.1057161361601
3006859,0.41261840298637054
3006860,2.597995568314915
3006861,7.423424107993611
3006862,0.07107873361598699
3006863,7.992073780932818
3006864,4032.5754527466697
3006865,0.07273110494944264
3006866,778.7443638916658
3006867,22.660582768427954
3006868,1102.8920462818758
3006869,1164.3136779613703
3006870,307.17528015870846
3006871,291.52499278398295
3006872,264.920793546559
3006873,4503.666726658085
3006874,33.86406850085168
3006875,2.1057832856954706
3006876,21.978892395960884
3006877,32.301589368758435
3006878,0.5063082231586198
3006879,267.4192000793387
3006880,10.094185954631218
3006881,52.6246039903782
3006882,7.359358673989222
3006883,307.1046046881924
3006884,7.359304667365249
3006885,370.04968635791863
3006886,293.62541085132284
3006887,15.021704872755677
3006888,16.117906073559578
3006889,481.19187151403867
3006890,109.86690794003964
3006891,4373.465461805398
3006892,0.8838732636853319
3006893,21.656714228735694
3006894,10.41431068715976
3006895,0.07002525312394928
3006896,3.4828329929076762
3006897,3991.298256613717
3006898,0.0
3006899,692.0035978312468
3006900,16.615756253480175
3006901,1347.1435395595208
3006902,972.4441482586116
3006903,428.7192648184244
3006904,267.76646845072264
3006905,144.43680699854244
3006906,5136.705499243198
3006907,11.53196614438203
3006908,1.1973441712975612
3006909,31.770674880911024
3006910,23.135178023895243
3006911,0.535036614928319
3006912,302.40710921231465
3006913,0.2347162994339588
3006914,5.415582742097414
3006915,7.241223210292958
3006916,181.3628362275875
3006917,2.107021993620391
3006918,258.1070724367106
3006919,339.25924244320703
3006920,6.91855873916742
3006921,7.889143408831336
3006922,302.00292038205555
3006923,75.33692682118485
3006924,1669.6997498718524
3006925,1.7765788808334664
3006926,7.420691574278127
3006927,7.002562663518409
3006928,0.35568237514909024
3006929,2.1810473940325403
3006930,3304.7214518649384
3006931,0.14088041544546145
3006932,628.8512655885227
3006933,13.041106463047925
3006934,1247.2092917599764
3006935,785.9421797544097
3006936,330.8164255226686
3006937,212.45839595258798
3006938,125.8387414683579
3006939,3956.4575141121354
3006940,12.814989200747725
3006941,1.0810402251815834
3006942,25.972017205986287
3006943,25.03650564242979
3006944,0.4810213245568372
3006945,281.93500409018844
3006946,0.35263776155741566
3006947,3.530836795815609
3006948,5.067912870960206
3006949,152.99223195702868
3006950,2.096989932498045
3006951,214.80890174099036
3006952,305.65925127512406
3006953,6.354392645760088
3006954,7.225662518880263
3006955,287.5899274897353
3006956,113.74185456040738
3006957,1415.0509079484098
3006958,1.5985938242461764
3006959,8.198888874874216
3006960,13.458637372730253
3006961,0.40686848069468456
3006962,17.565375994074316
3006963,11955.643044780916
3006964,0.3832106682933768
3006965,1660.5999733745746
3006966,54.58505869319807
3006967,2408.7645267158873
3006968,3088.6457909414703
3006969,520.5539880639517
3006970,685.0552596496659
3006971,628.5216641548441
3006972,10623.769323267796
3006973,106.69688858306174
3006974,3.6139863803290666
3006975,64.31131912762646
3006976,68.77742736822901
3006977,1.711368799189814
3006978,612.0973444839657
3006979,71.58380186915188
3006980,80.59276577332733
3006981,34.020858508166526
3006982,376.64809565971194
3006983,30.464178693378965
3006984,1113.3193223518638
3006985,719.6662589049594
3006986,31.23423759748075
3006987,39.57129068126777
3006988,1722.0529696210506
3006989,485.7283742696109
3006990,10782.809602539399
3006991,2.5246311174174685
3006992,120.3357890591412
3006993,3.0305519965391596
3006994,0.0
3006995,0.5069502053743993
3006996,1563.1236122084094
3006997,0.0
3006998,154.5377026453523
3006999,4.411104152404173
3007000,557.2973335594367
3007001,281.08467556621184
3007002,117.17420440042585
3007003,133.18934998916546
3007004,69.69647846302045
3007005,1894.681511263223
3007006,3.3900810227463722
3007007,0.6597379952869178
3007008,10.04090250693375
3007009,7.510253187069072
3007010,0.13597145662099838
3007011,132.721826407469
3007012,0.6927091944888712
3007013,0.33403206296229493
3007014,3.0099843548786334
3007015,99.90234226642966
3007016,0.9766297418801084
3007017,58.969619760839386
3007018,108.89803064818499
3007019,1.546079515488028
3007020,3.884001875632449
3007021,103.09192204838607
3007022,22.068605736225155
3007023,289.10520879178347
3007024,0.12405930096318715
3007025,4.007073123645658
3007026,10.222209560651255
3007027,0.18710634740044552
3007028,2.5758583010274796
3007029,3284.721670954528
3007030,0.018218644503525245
3007031,492.7938587516243
3007032,11.541737222613703
3007033,1421.0777144627993
3007034,845.6669120293561
3007035,297.88731466369364
3007036,263.34099241943466
3007037,133.03844035939176
3007038,4797.310805153854
3007039,13.122749504591077
3007040,0.7954864924414677
3007041,23.80854004671739
3007042,24.63481494579748
3007043,0.39232769890408953
3007044,287.31194522586014
3007045,2.078152141692231
3007046,2.378690490413932
3007047,12.01581633411153
3007048,53.16940876208489
3007049,2.187344143942484
3007050,336.12712611021084
3007051,332.57780645808435
3007052,4.395528516206596
3007053,9.602974858357724
3007054,187.38827777892823
3007055,77.76087306417328
3007056,1354.4479014911792
3007057,1.0644228553653554
3007058,5.759341665307426
3007059,1.902170524147662
3007060,0.004127234312409315
3007061,0.2083087643325767
3007062,1026.6527875773008
3007063,0.0
3007064,101.01553409598624
3007065,3.4797933911088306
3007066,521.7086759389551
3007067,179.18519501079626
3007068,94.34711273088891
3007069,137.50913545994382
3007070,34.83499873900851
3007071,1699.5811249061478
3007072,1.7388114554701866
3007073,0.31090090103920603
3007074,6.340257883397168
3007075,3.9542004165161764
3007076,0.01791390160659379
3007077,92.61864899119654
3007078,0.11057295038732685
3007079,0.13962374726535165
3007080,0.9394875854211153
3007081,97.13851891838299
3007082,0.5432520535601535
3007083,55.34648451691632
3007084,98.51067078500445
3007085,0.44164944937822315
3007086,1.471295215580505
3007087,63.28610457822123
3007088,12.412985332431017
3007089,194.24839453190265
3007090,0.030530587936099102
3007091,0.6906540423509837
3007092,8.700767429699253
3007093,0.05262262133653458
3007094,0.8459914490126286
3007095,2265.368373137774
3007096,0.0
3007097,255.1976995256063
3007098,8.231654996012018
3007099,1030.9450524077083
3007100,501.87283136733816
3007101,213.25981983042686
3007102,168.07823703823829
3007103,108.99848670351447
3007104,3412.5752962018846
3007105,2.626840228600776
3007106,0.632926325125988
3007107,26.86360576791497
3007108,19.252167109103173
3007109,0.14540058572707767
3007110,222.90399553611135
3007111,0.0003501769901784854
3007112,0.2962565427337045
3007113,9.397288977934894
3007114,112.76047008781576
3007115,1.5006387377813755
3007116,234.01397177261265
3007117,217.7247371279008
3007118,1.4362861963971976
3007119,5.745438728591564
3007120,219.8117352182766
3007121,38.43613325004387
3007122,1054.959810154077
3007123,0.15586506168694897
3007124,1.5696261385668384
3007125,4.231693778298241
3007126,0.08592198385708287
3007127,2.5210771032070785
3007128,3227.4570103640926
3007129,0.038420358587822716
3007130,637.7565836080755
3007131,11.90488097864305
3007132,989.6187710603683
3007133,709.3810777590584
3007134,258.15331298083413
3007135,131.11812277116474
3007136,123.41647129567671
3007137,4069.0705562174003
3007138,5.717637617956481
3007139,1.6429814230573148
3007140,32.93858897215445
3007141,37.56991734671323
3007142,0.46024558866098664
3007143,245.7208586170714
3007144,5.0791370746829
3007145,4.919658834619292
3007146,6.854338363198022
3007147,105.02549156790704
3007148,2.9664158076619365
3007149,200.32833661898258
3007150,310.846719105749
3007151,3.93445801372141
3007152,6.85381835310541
3007153,176.8276022790851
3007154,36.14291231490526
3007155,695.4411895366868
3007156,2.031666594158504
3007157,4.428329465424207
3007158,4.560008064838698
3007159,0.0
3007160,0.2815244732923537
3007161,1749.0697149592734
3007162,0.0
3007163,105.90474702407926
3007164,3.4501137660935512
3007165,565.8162420365202
3007166,214.1635539286721
3007167,101.33100985082149
3007168,173.53497415935965
3007169,85.8697888920132
3007170,1882.1704937330437
3007171,2.9456478295947677
3007172,0.4052451675663665
3007173,7.16676794270168
3007174,7.0167831363412
3007175,0.09526888989092565
3007176,118.13616886924132
3007177,0.06011255712783983
3007178,0.3307232283562992
3007179,0.7809800064203121
3007180,98.84851799460137
3007181,0.8732515859624896
3007182,135.22621067236625
3007183,94.94222954478977
3007184,0.6641379795096558
3007185,1.7833817442670084
3007186,61.73801441744481
3007187,17.980635218464627
3007188,231.2580518014234
3007189,0.1497846259778415
3007190,1.4000069209680874
3007191,5.4478666503794395
3007192,0.0
3007193,1.2146758776355209
3007194,3378.0078053701513
3007195,0.0
3007196,476.31349082969905
3007197,8.69687529748382
3007198,986.9609686393206
3007199,663.0389487853487
3007200,236.01800150272203
3007201,140.86693621970394
3007202,167.9232349983054
3007203,4043.291831717168
3007204,7.570713245731268
3007205,0.5509139611429525
3007206,24.113147202431318
3007207,15.810895612734509
3007208,0.21218064667098763
3007209,228.07061278553547
3007210,0.06485152798779326
3007211,22.88932293490885
3007212,3.3885598098800607
3007213,206.4453900874923
3007214,1.5038735298049848
3007215,216.71126622908983
3007216,251.5308163834776
3007217,2.8225029096422514
3007218,5.780990751539672
3007219,140.08142625393225
3007220,57.04328512374852
3007221,1525.9539272704312
3007222,0.6391477350921198
3007223,0.9739800429377061
3007224,3.7027589834050296
3007225,0.052397229908999
3007226,6.70141867269021
3007227,3089.6022600614647
3007228,0.07726391052085155
3007229,554.1093990474161
3007230,15.609583721526203
3007231,987.6649650701314
3007232,1009.7956758209517
3007233,163.48358830291588
3007234,142.81477793724864
3007235,184.23921008864244
3007236,3771.1460236590574
3007237,44.763646439425166
3007238,1.3685427372657575
3007239,29.370939807873246
3007240,22.636233266280055
3007241,0.15563824868801238
3007242,256.5667689727966
3007243,26.575639593202684
3007244,28.728323372476527
3007245,3.576835238396148
3007246,156.03226575780843
3007247,9.702561341967742
3007248,228.27856178750264
3007249,267.61807364438715
3007250,11.298387626482212
3007251,11.45508080761794
3007252,235.7392172506501
3007253,96.98716316287411
3007254,3369.926080412559
3007255,0.2256404222629395
3007256,14.544485156202654
3007257,7.19915884164215
3007258,0.023449517128935594
3007259,10.03861886002881
3007260,3173.9245750596883
3007261,0.08316834094423697
3007262,655.2668249451624
3007263,17.454249203120305
3007264,1253.0140874434157
3007265,1144.5518397274614
3007266,208.94439948173132
3007267,142.3513434861677
3007268,211.67618971094535
3007269,4609.621279348645
3007270,33.15490282814439
3007271,1.461374067303332
3007272,36.153763344711955
3007273,31.289912389328236
3007274,0.22055089488108715
3007275,349.86959293062256
3007276,36.13894536604821
3007277,23.356525016226072
3007278,9.42037437403333
3007279,144.47051535230673
3007280,12.445356417056745
3007281,200.57569211195155
3007282,417.3383661206481
3007283,10.780909476710034
3007284,12.713824187026018
3007285,222.45137876122436
3007286,125.53383112399945
3007287,3098.336419708892
3007288,0.5762691737099159
3007289,19.087776063947807
3007290,11.21158236326446
3007291,0.2077408311381432
3007292,7.298848802067237
3007293,4233.952269823288
3007294,0.04283015666973957
3007295,825.327643019832
3007296,14.993899358964466
3007297,1616.5979195312766
3007298,848.4602745294524
3007299,260.63431784941235
3007300,369.59827725451845
3007301,133.84857207064098
3007302,5902.102496080265
3007303,42.535224255350144
3007304,1.8586437138237435
3007305,32.11098490226157
3007306,29.85514909195573
3007307,0.39973995024642506
3007308,376.91930709688404
3007309,9.271265281438659
3007310,20.6835623215747
3007311,12.939368603343901
3007312,130.87351619900113
3007313,5.468765928835212
3007314,202.45178790457183
3007315,374.3399876924998
3007316,8.702863624249648
3007317,12.980021067105767
3007318,280.90729470094686
3007319,86.83046193025274
3007320,1769.2732405706233
3007321,11.841021905521066
3007322,14.824804940673644
3007323,4.5277778838125595
3007324,0.0
3007325,6.149896765528289
3007326,3473.454308430106
3007327,0.0782552078208599
3007328,493.95559250418535
3007329,12.928224884676471
3007330,1003.0347382219121
3007331,1072.5192616339732
3007332,242.94948439836077
3007333,151.11576931413566
3007334,168.79727397954636
3007335,3997.7569077856974
3007336,26.738550407918332
3007337,1.3157289435240624
3007338,20.121547076822484
3007339,18.340952610383244
3007340,0.3168559607644739
3007341,257.8807828620754
3007342,32.038853428498854
3007343,28.689030456663904
3007344,2.722745349416101
3007345,154.89879458448982
3007346,8.977160165068618
3007347,408.1794577946378
3007348,275.03082624942334
3007349,10.683198967213261
3007350,11.223254971084703
3007351,488.38504295541077
3007352,87.25733468982995
3007353,3509.9088654435877
3007354,0.27600214954644997
3007355,28.296349091689134
3007356,5.020412348536456
3007357,0.2150390346226228
3007358,2.3789398279306893
3007359,3968.1259577361593
3007360,0.026302228748307524
3007361,449.61992838486776
3007362,12.045007998344742
3007363,1701.4198570670503
3007364,702.5447523481581
3007365,312.51470890084005
3007366,166.3949634654187
3007367,103.36012081312502
3007368,5725.469396021587
3007369,11.378496672057581
3007370,0.901269429403772
3007371,25.688956972829562
3007372,30.555022772372972
3007373,0.23443634321371598
3007374,379.145821789575
3007375,0.1988398627081374
3007376,0.7595368543864041
3007377,7.840185895468663
3007378,172.2306465149157
3007379,1.9312044348626132
3007380,138.2379356217696
3007381,333.0124238723227
3007382,2.423238080341587
3007383,8.153195322854428
3007384,174.8493576545382
3007385,57.25046151845083
3007386,1036.762111159891
3007387,0.211145182950116
3007388,5.103293363687078
3007389,7.075764085636548
3007390,0.07033175341872651
3007391,8.566578156573113
3007392,2873.8759792108717
3007393,0.12511818329518387
3007394,611.4023736585604
3007395,18.78282048620245
3007396,1119.396524579937
3007397,889.2845327819009
3007398,262.97111793163225
3007399,162.86823977547382
3007400,227.58561199495517
3007401,4142.342035088882
3007402,36.619043763099434
3007403,1.4025643890415669
3007404,29.021205809786824
3007405,26.67543041016022
3007406,0.40520301434917133
3007407,284.4438755068513
3007408,19.51044885994994
3007409,33.908723304932906
3007410,8.432204529392065
3007411,153.92560250761397
3007412,12.737435906098092
3007413,229.42134304423882
3007414,373.5601685893068
3007415,14.545709193045598
3007416,13.402783131117674
3007417,226.05318221579248
3007418,75.25486157414642
3007419,2812.300738579466
3007420,0.7010850795806494
3007421,8.651348525082991
3007422,5.438345900275584
3007423,0.28535675651328674
3007424,9.415036828222483
3007425,3296.0017072464443
3007426,0.24989426972270057
3007427,782.3085849339826
3007428,14.88075744190431
3007429,1011.9566075496305
3007430,1060.9832277893613
3007431,240.91063429567865
3007432,151.17290910694388
3007433,122.91485334445112
3007434,4320.973482910704
3007435,46.28873559140991
3007436,1.365646137656276
3007437,20.22635692817148
3007438,25.893783429652057
3007439,0.40644434297275456
3007440,254.043675875198
3007441,23.184679365207188
3007442,61.7040433524048
3007443,9.327416452136983
3007444,145.1353381270936
3007445,13.46602396144374
3007446,233.45608142357193
3007447,284.4249877381102
3007448,13.356847856409054
3007449,16.118507951855356
3007450,310.07732523757545
3007451,106.25447901614064
3007452,3124.736105610522
3007453,0.9126909306399442
3007454,14.613731970094888
3007455,5.779884170301867
3007456,0.07615637223955034
3007457,2.405197841976712
3007458,4559.479126305286
3007459,0.025163023777617508
3007460,466.9082097160437
3007461,12.61989632512454
3007462,1199.2351139896437
3007463,581.4522770531196
3007464,308.47434247023415
3007465,187.06186384844074
3007466,82.28408047653231
3007467,4570.278894638583
3007468,5.985370389934169
3007469,0.6623344071133064
3007470,23.83006439371834
3007471,19.398159875905346
3007472,0.10612096078416568
3007473,254.0423075527628
3007474,0.1673597848797659
3007475,3.510546021811858
3007476,2.554848129288768
3007477,198.09322649725388
3007478,2.245751292887849
3007479,180.81325011201926
3007480,262.55896944130063
3007481,2.447903589265618
3007482,5.114187473074821
3007483,234.6758897741102
3007484,83.20615379783749
3007485,734.3477306733636
3007486,1.4852127688253534
3007487,0.7146473624814964
3007488,27.73706049416107
3007489,0.15452429710036464
3007490,23.903818219981506
3007491,14723.661847864492
3007492,0.3217978252681793
3007493,2273.750684947388
3007494,45.366643034491304
3007495,3219.702078390773
3007496,3721.9037360863636
3007497,799.5262911691868
3007498,929.7145818821721
3007499,879.3386073400654
3007500,13406.072259618011
3007501,117.39839765166843
3007502,4.178601206526103
3007503,103.20904648676576
3007504,118.47894203501765
3007505,1.6584928653751665
3007506,763.1726334468982
3007507,67.21867034175312
3007508,44.69745487899713
3007509,33.69307865153218
3007510,594.8478338912528
3007511,28.847436857415964
3007512,1368.4652022304333
3007513,840.2602847899517
3007514,47.65222752788612
3007515,53.618872238108565
3007516,1863.5204916843848
3007517,591.8232023229175
3007518,14477.19376670839
3007519,184.2919569756438
3007520,130.31375322250366
3007521,21.731506798533058
3007522,0.10608236807145774
3007523,19.71476066743302
3007524,12847.36007763583
3007525,0.302634055712922
3007526,1775.4722354102234
3007527,55.40248986441477
3007528,2973.2050908506685
3007529,3048.9728732132617
3007530,853.8266690781378
3007531,515.6391773990238
3007532,672.141395326028
3007533,13240.067147382946
3007534,136.69072940702648
3007535,1.7458187547835364
3007536,74.03450217690025
3007537,101.39707480205318
3007538,1.2766954808633861
3007539,804.5180818489636
3007540,50.64086600079726
3007541,68.44791026491421
3007542,11.543293538845054
3007543,368.60948267841775
3007544,23.433772450746527
3007545,1500.6235039987266
3007546,922.8428363440174
3007547,41.26515810060095
3007548,44.63250277237598
3007549,1635.4055639703024
3007550,390.3917156170756
3007551,10428.23646716607
3007552,161.23399767651367
3007553,115.96047325405193
3007554,19.12974284508498
3007555,0.04672883188433773
3007556,23.82734827338615
3007557,8827.791196390905
3007558,0.1532206794782795
3007559,1221.000075877103
3007560,33.58199377457182
3007561,2931.0059314943883
3007562,2267.0369349924713
3007563,1078.7000473758126
3007564,278.79678502992857
3007565,421.16205311133615
3007566,11525.47541833362
3007567,69.61372285316513
3007568,1.9752547287860032
3007569,44.48758066864198
3007570,64.36894003266087
3007571,1.173166849842124
3007572,739.2078967378559
3007573,71.91498763457649
3007574,39.1032867545164
3007575,13.891849473835222
3007576,211.31026988788014
3007577,13.421675389595837
3007578,1336.0642961647789
3007579,1005.8891948078715
3007580,38.28409500270778
3007581,38.72545071172239
3007582,1314.7463703963008
3007583,220.76514498444217
3007584,4207.806377564084
3007585,132.83460839518372
3007586,67.822726541237
3007587,21.314632334805804
3007588,0.0914668958262121
3007589,22.433630288918824
3007590,11896.222763140533
3007591,0.29979281053682444
3007592,1617.9765668116584
3007593,42.70505114879648
3007594,2836.9969331359234
3007595,3014.4038517653066
3007596,839.9377161402488
3007597,503.9058957878482
3007598,536.2341202404989
3007599,12252.217631317815
3007600,91.93927571270743
3007601,2.498352218805185
3007602,66.7180578632772
3007603,86.90710770408914
3007604,1.5264923606171208
3007605,793.9988735326374
3007606,68.42335705837347
3007607,50.07509364578937
3007608,13.484437536674623
3007609,296.78158904303547
3007610,20.09393580687074
3007611,1196.5831270323754
3007612,932.3555372586153
3007613,39.00643849985452
3007614,41.95402921387844
3007615,1538.6145411060654
3007616,344.2375842307985
3007617,8573.035839689126
3007618,127.7693892884144
3007619,104.01546659245837
3007620,16.908454361829126
3007621,0.0
3007622,18.16774203864067
3007623,6966.158056782753
3007624,0.09383584472338288
3007625,1046.956791349952
3007626,30.88164405335004
3007627,2569.386907540672
3007628,1788.0154254442875
3007629,883.2731985222697
3007630,205.4250999816938
3007631,291.86632475582644
3007632,10085.152304399922
3007633,72.61408386273241
3007634,1.195081936180837
3007635,42.66195403951867
3007636,47.603689734775315
3007637,0.7130585987755165
3007638,682.3857882042112
3007639,52.68158165054193
3007640,22.127388384096914
3007641,10.700448986288087
3007642,202.76485642449552
3007643,9.628360184766043
3007644,1123.425031132068
3007645,908.8737595388485
3007646,28.19761258641088
3007647,28.57173751746418
3007648,1054.9437056881077
3007649,147.6965236857686
3007650,3035.5962960915354
3007651,155.01693835224788
3007652,37.769237311695754
3007653,14.85486381776892
3007654,0.05944419001151963
3007655,13.776071308691112
3007656,10140.70812417332
3007657,0.24263932876436894
3007658,1507.7277869181676
3007659,49.800050435381785
3007660,2220.4287067713963
3007661,2813.0173503556066
3007662,519.3595209853378
3007663,600.5184412481575
3007664,647.0183058896332
3007665,9236.409383080729
3007666,94.68386505309743
3007667,2.337742491719564
3007668,58.331899282580586
3007669,55.68556474829659
3007670,1.0709980008981073
3007671,561.514104047974
3007672,24.13262319460976
3007673,44.58070210556031
3007674,17.716109383242966
3007675,442.3436249332265
3007676,22.361593512549163
3007677,993.1865255524747
3007678,605.2511075716959
3007679,29.951614783246406
3007680,44.50473530938192
3007681,1176.7657406010985
3007682,367.56836463680173
3007683,10860.382186700752
3007684,83.40538547645697
3007685,92.95280550666304
3007686,5.767243822102207
3007687,0.09425602787777758
3007688,7.691950996779633
3007689,2160.67786705791
3007690,0.16272550726680993
3007691,379.4553279392187
3007692,25.075084960578526
3007693,887.9684798477429
3007694,619.2968417875936
3007695,225.39437600030377
3007696,118.55926656149396
3007697,139.51023195596156
3007698,3024.6944407932383
3007699,22.61678737375256
3007700,0.922402531235871
3007701,25.360293653000063
3007702,31.146993336143353
3007703,0.30130660410636
3007704,232.48880732012316
3007705,16.30196461244826
3007706,6.728622421479346
3007707,10.660032064357905
3007708,108.73297462638254
3007709,8.548567648458096
3007710,257.3292749480533
3007711,273.86848054917857
3007712,4.914663871428969
3007713,10.293627691326947
3007714,256.82148995669485
3007715,80.1050384757115
3007716,1718.2551667417758
3007717,0.37084020432380216
3007718,9.279651079906003
3007719,14.4570340318927
3007720,0.042693984538930536
3007721,14.317671468797199
3007722,6167.418544690417
3007723,0.18395074328933944
3007724,801.6779885399097
3007725,44.84411723136468
3007726,1914.9867508027255
3007727,1374.5547611270738
3007728,612.7123924975785
3007729,159.9566014103382
3007730,247.35973881878795
3007731,8308.753802391002
3007732,73.99494870176342
3007733,1.4821361308391316
3007734,53.47810807052177
3007735,63.45945658444563
3007736,0.5345511058078274
3007737,536.6125121358298
3007738,35.609917950344204
3007739,13.153297036782364
3007740,6.057792978710818
3007741,219.54250216567837
3007742,13.659545881426057
3007743,664.2545013708348
3007744,633.6919668917067
3007745,16.282358248244538
3007746,30.32310989791657
3007747,551.5937833724448
3007748,123.31428074075038
3007749,3452.8691592097516
3007750,114.85642234127276
3007751,26.57351835271558
3007752,8.450593731515637
3007753,0.0
3007754,10.850135683627986
3007755,6297.970231744466
3007756,0.08579328155448475
3007757,1010.9997669645971
3007758,20.532414964220376
3007759,1480.423138277642
3007760,1725.793347887124
3007761,295.6173136460116
3007762,354.5161183071749
3007763,389.49675304121644
3007764,5730.746932559078
3007765,42.48777193084434
3007766,1.5061842640186676
3007767,33.2203497146975
3007768,39.12197940654868
3007769,0.6779883014932848
3007770,368.2466824445031
3007771,3.929200551492997
3007772,63.478676475067715
3007773,6.142545495058605
3007774,306.3006460299365
3007775,11.934572016529923
3007776,748.0268229423942
3007777,353.8852362063824
3007778,27.64100902824116
3007779,18.553830838727425
3007780,758.9264742432541
3007781,176.4035095703222
3007782,6900.026117304719
3007783,2.542505654087711
3007784,43.791220656277865
3007785,5.9703512315435585
3007786,0.5088311207449048
3007787,9.050519827403097
3007788,4373.845904418648
3007789,0.48738905664615273
3007790,1258.2040619544973
3007791,6.907233782628868
3007792,1492.2373269577172
3007793,1095.6369623883597
3007794,451.37083049766846
3007795,39.50792848295725
3007796,30.583008714366066
3007797,4820.544626094567
3007798,34.90697623652459
3007799,1.767360796597175
3007800,22.18151168599314
3007801,25.031256212697652
3007802,0.9577459820763339
3007803,317.8488648182575
3007804,5.717517505931035
3007805,47.56846141262245
3007806,4.810975541763406
3007807,257.5076555610975
3007808,6.277983473623114
3007809,88.2666987228571
3007810,406.36109041737967
3007811,11.76122195284953
3007812,17.360041044070844
3007813,160.16825955540887
3007814,53.16963255126465
3007815,4838.161165967997
3007816,2.815572150598237
3007817,4.697214433379238
3007818,11.029415517642915
3007819,0.10449422448109316
3007820,6.889692578161825
3007821,2934.7378880830183
3007822,0.11830454119448502
3007823,606.8109620468427
3007824,14.196845144100543
3007825,1142.1503283459529
3007826,740.8688843738273
3007827,306.2268947419391
3007828,210.13803240607933
3007829,272.2894111280842
3007830,3271.149319244546
3007831,21.070476071085224
3007832,1.6022147335843973
3007833,22.323653854257337
3007834,33.30324027389129
3007835,0.4306462292727637
3007836,279.038117217891
3007837,6.1452701520964235
3007838,14.312937089976627
3007839,6.340490504012301
3007840,178.40508849411833
3007841,5.2719904760126886
3007842,346.64766497779397
3007843,336.5931360835002
3007844,8.334189895101778
3007845,10.329944981679073
3007846,297.9087001257902
3007847,107.2720980986248
3007848,2919.930494358065
3007849,1.1359632838857503
3007850,5.4966511459991665
3007851,6.893503045690929
3007852,0.1359248121164608
3007853,0.5897367320126163
3007854,2261.1405064991654
3007855,0.005073515382697345
3007856,230.8062432277173
3007857,5.550028073666811
3007858,1266.362281120485
3007859,272.64867375544446
3007860,241.9628419984589
3007861,82.81151560538291
3007862,54.98275281942281
3007863,3569.4566945199213
3007864,6.019747674258496
3007865,0.5799797000554487
3007866,17.745468945456825
3007867,12.508685314342182
3007868,0.10445391352077465
3007869,240.34507033551625
3007870,0.21840277357110732
3007871,0.16263405560398872
3007872,3.1815903032351285
3007873,47.194402106370795
3007874,1.123556399038212
3007875,67.88871505253785
3007876,210.22265598777486
3007877,0.4426443975675326
3007878,4.018726016839216
3007879,70.60233367968958
3007880,63.816555194038244
3007881,330.2847104666879
3007882,0.2206930829368675
3007883,2.1695204614537253
3007884,6.267197079901007
3007885,0.0
3007886,9.592376393786294
3007887,4697.379929980945
3007888,0.027576886704796168
3007889,709.4214480862105
3007890,18.8759567436782
3007891,1384.5202156586242
3007892,1306.161179585595
3007893,403.0610397452051
3007894,244.60177528225753
3007895,282.0091457594711
3007896,5751.229822788385
3007897,49.98417603746493
3007898,1.147056874148249
3007899,31.3427795836499
3007900,46.8581243287945
3007901,0.28473177649381
3007902,376.7680811694979
3007903,41.08454367330062
3007904,26.261992808211374
3007905,15.321593299873769
3007906,178.29047052469775
3007907,9.615928289713393
3007908,549.324712647327
3007909,430.034804538961
3007910,14.417846571398663
3007911,16.02160009728318
3007912,686.2895592890918
3007913,141.14873446044467
3007914,3902.2168133492805
3007915,0.43917280437137907
3007916,38.86976038012219
3007917,4.569065477954737
3007918,0.027027721722596147
3007919,5.416150168748857
3007920,4877.268686228068
3007921,0.150673246540012
3007922,714.2868938094792
3007923,21.644348927495383
3007924,1081.1621451119804
3007925,1386.8118585831437
3007926,187.99797589810467
3007927,292.54654623261433
3007928,326.1067209678622
3007929,4233.436730806014
3007930,43.55548967523465
3007931,1.9708483238802548
3007932,21.926572460748254
3007933,27.99507585665606
3007934,0.5187214374434095
3007935,247.85148742770212
3007936,15.376570816626128
3007937,53.00348763506809
3007938,9.014108410226374
3007939,345.15770505855204
3007940,13.502863887500704
3007941,539.0287891886297
3007942,246.1609096810626
3007943,10.469077316071486
3007944,15.094055568346963
3007945,610.3657540572715
3007946,170.44900118931199
3007947,7129.166372759714
3007948,0.326306658813009
3007949,36.79568683754989
3007950,7.46491119329467
3007951,0.16011068370671547
3007952,12.694368175977575
3007953,6707.922771635139
3007954,0.18654643856481704
3007955,1026.9492892236601
3007956,31.102603264524333
3007957,1573.1008647206177
3007958,1971.4271786132813
3007959,372.6448712584865
3007960,381.57908268452684
3007961,295.2364726404544
3007962,6191.588159019563
3007963,56.56864058022493
3007964,2.9434165249950275
3007965,47.18158224609958
3007966,53.326626133499865
3007967,0.993269519361532
3007968,470.01125300692075
3007969,57.359788031558374
3007970,46.90962136467013
3007971,28.12834162212611
3007972,244.44046834201788
3007973,20.795477295334766
3007974,555.2285808917857
3007975,492.33514518814974
3007976,23.10667020004915
3007977,28.092259511501464
3007978,738.5726678277733
3007979,220.44831900618115
3007980,6000.017420713133
3007981,0.9655299870119065
3007982,54.367379662287625
3007983,14.936541412237585
3007984,0.13154098527969285
3007985,9.054087891276668
3007986,4376.093721723522
3007987,0.006894671051685912
3007988,626.1949954186018
3007989,18.713728979432528
3007990,1811.7718454161388
3007991,989.6972414081382
3007992,670.2089923400487
3007993,209.41851714515604
3007994,148.85878155394192
3007995,7613.86500387176
3007996,12.629474811789896
3007997,1.686769346880392
3007998,51.25491292680537
3007999,41.26588506887763
3008000,0.2278031644813714
3008001,525.1113242172457
3008002,18.827192177202594
3008003,7.1122688944094605
3008004,8.710544193223434
3008005,117.64871183517272
3008006,5.50107102065867
3008007,385.5310580256453
3008008,482.42445373873875
3008009,8.029703695005074
3008010,15.057993391549775
3008011,600.8814248932335
3008012,107.48256393269303
3008013,1591.328934540036
3008014,33.71418482776658
3008015,18.320312881901085
3008016,1.567417495772137
3008017,0.0
3008018,2.065736536088778
3008019,1256.979687744341
3008020,0.02160440423577156
3008021,193.33614477319333
3008022,7.048856780055727
3008023,207.133227357428
3008024,467.80757805476196
3008025,69.46966666771773
3008026,81.33179376874733
3008027,65.06929321874328
3008028,1223.7771290384228
3008029,10.523128685073289
3008030,1.054156693509742
3008031,6.978866988782155
3008032,10.892930513547135
3008033,0.04260387343689066
3008034,90.56893462256681
3008035,11.344406610691872
3008036,10.130599783223477
3008037,1.983143848360875
3008038,40.42047027785721
3008039,5.165429840721325
3008040,144.76727003149307
3008041,78.79663132770487
3008042,5.204744452460064
3008043,6.643281644590945
3008044,147.23014955937842
3008045,45.87737323888224
3008046,1441.0414148603952
3008047,0.0
3008048,13.268353447760877
3008049,3.1599693729340554
3008050,0.07960624560592171
3008051,1.0710982224600571
3008052,1524.772152741085
3008053,0.0
3008054,133.1633596207281
3008055,3.439842907578683
3008056,809.5666654777536
3008057,349.71248102152265
3008058,275.2941291570014
3008059,52.67764083530615
3008060,31.048010560081927
3008061,2737.2666564165975
3008062,4.454596107193677
3008063,0.4202121264482504
3008064,7.946413908990294
3008065,7.63514072496495
3008066,0.04820375589723251
3008067,202.61791152350548
3008068,5.266821509684189
3008069,0.2080552441586928
3008070,1.6046092055321592
3008071,7.217069311167714
3008072,0.8655700067443646
3008073,152.9307096343888
3008074,198.5312049209796
3008075,0.9987755283640629
3008076,3.763867380800421
3008077,161.3771875072742
3008078,22.769564826673683
3008079,296.73006000100514
3008080,4.629516048143297
3008081,1.8626335120531485
3008082,10.222313802112255
3008083,0.22245525541147046
3008084,5.516415289173298
3008085,5790.199484568234
3008086,0.06735954096507162
3008087,784.6692969779442
3008088,15.807502950959709
3008089,2057.171682407602
3008090,842.5803232046984
3008091,602.8491111609305
3008092,185.82659831328655
3008093,84.89206256617062
3008094,8044.192949757391
3008095,27.290192813719727
3008096,1.0640003396584787
3008097,36.28747929106256
3008098,33.35916030795918
3008099,0.3660091298217947
3008100,545.2589355843692
3008101,17.21219600987248
3008102,2.479048800878662
3008103,9.526759632999207
3008104,41.26209229082187
3008105,4.1931849773652585
3008106,658.6625874905342
3008107,501.07713967171577
3008108,3.428071595473451
3008109,16.084558057603143
3008110,564.9100121197388
3008111,78.86371083915478
3008112,1310.0762152611817
3008113,34.19185204517671
3008114,8.370218457467427
3008115,6.153777816644683
3008116,0.16136504619043784
3008117,1.1509637983150527
3008118,2206.290368406474
3008119,0.013082221825662498
3008120,221.7721362125325
3008121,9.138721379423226
3008122,937.3877688774257
3008123,502.62419127837745
3008124,269.5000931925611
3008125,85.82296579175055
3008126,38.607269431580114
3008127,3082.894653056646
3008128,6.618264227672723
3008129,0.945148523123283
3008130,12.745524621789324
3008131,19.638637035982494
3008132,0.20575044622193536
3008133,209.05389814814356
3008134,2.1888688470243376
3008135,0.20600895749098808
3008136,8.629916144025012
3008137,34.43893591452829
3008138,1.768378897826298
3008139,151.82499412654292
3008140,199.6797920716825
3008141,1.2486369008906277
3008142,6.141392868504474
3008143,184.78655503137375
3008144,45.58501780482543
3008145,408.5984962224956
3008146,2.056111872129204
3008147,2.599762621336115
3008148,4.798863561242763
3008149,0.0
3008150,1.8729624709491297
3008151,1723.2413159121777
3008152,0.0
3008153,150.48342179784242
3008154,4.60034890484489
3008155,711.917593486061
3008156,311.3575042696089
3008157,168.82073321006413
3008158,52.80460769862692
3008159,26.214450660496187
3008160,2589.0257844471666
3008161,6.039369269786393
3008162,0.28772866845497863
3008163,9.390472984629213
3008164,13.847799819247792
3008165,0.07242660124249783
3008166,163.95940267788612
3008167,3.6482121026302208
3008168,0.05829446463807006
3008169,2.0441794679548644
3008170,20.563239916487323
3008171,0.9221003656667595
3008172,132.28312579814326
3008173,175.737273075676
3008174,0.6565251758458543
3008175,3.8802624074042766
3008176,113.38496937639718
3008177,27.51345499417961
3008178,182.5111646022079
3008179,3.6595868661807955
3008180,1.3473535442107898
3008181,3.297987826950303
3008182,0.011361068548551572
3008183,0.6338620831628294
3008184,1301.1097990603964
3008185,0.0
3008186,166.0375350254301
3008187,5.6061824484926035
3008188,857.4405049666833
3008189,396.1560982749573
3008190,223.6466598561675
3008191,37.66154004690896
3008192,32.5860823161674
3008193,2457.27625872611
3008194,3.8265234144027884
3008195,0.1922574286842998
3008196,10.13294479245234
3008197,12.827711802664806
3008198,0.04379976172162635
3008199,200.1257467306601
3008200,0.5669201354446007
3008201,0.018322218739554533
3008202,2.197809798239139
3008203,17.539032833637993
3008204,1.2418387664252646
3008205,202.40334902818412
3008206,223.71138259965207
3008207,0.75400452628678
3008208,4.7764666121332535
3008209,83.40729908056049
3008210,48.3822835868518
3008211,377.17948591275376
3008212,4.060163504599803
3008213,2.0983724123721164
3008214,3.822328269155042
3008215,0.494306825617142
3008216,1.3887863762942434
3008217,1673.8099932328375
3008218,0.052463225937800485
3008219,162.82268368133967
3008220,4.372244326526075
3008221,768.3519979349433
3008222,371.1515294986507
3008223,247.6031556036452
3008224,72.974156559431
3008225,48.07009689005267
3008226,2681.310361930866
3008227,6.77550180253235
3008228,0.7695970704823416
3008229,14.635137268548094
3008230,19.3848065752405
3008231,0.07808947872563012
3008232,212.4643662144035
3008233,9.939234104011128
3008234,0.19255636448425748
3008235,3.738220670265995
3008236,8.823761009992976
3008237,1.6768707524543807
3008238,119.59469691078226
3008239,182.73546935270716
3008240,0.807506371980802
3008241,5.117741284333539
3008242,135.0549150839214
3008243,38.590010933047886
3008244,558.342034684142
3008245,8.203595833519419
3008246,4.142338992853491
3008247,4.993772541597935
3008248,0.021847099231036404
3008249,1.7828728251619919
3008250,1828.1997973836355
3008251,0.0
3008252,194.30150199386537
3008253,4.638168955268275
3008254,949.0363460024871
3008255,342.1190047648087
3008256,215.73707711476604
3008257,168.14154861910094
3008258,32.18316624480449
3008259,2897.9598664749174
3008260,6.237102813212164
3008261,0.3697680194662781
3008262,12.514979554502688
3008263,14.572490195187417
3008264,0.0
3008265,239.33026224291683
3008266,0.160931054253951
3008267,0.06881554730780837
3008268,1.8683169705100875
3008269,28.685396623533972
3008270,1.097460691320571
3008271,71.83691289160846
3008272,203.27349379266917
3008273,0.7779072892652903
3008274,3.18982127251967
3008275,96.4955740634264
3008276,37.27436142292129
3008277,382.9622633337968
3008278,0.19020197625487978
3008279,1.26427077932167
3008280,10.94601415309363
3008281,0.21415147561786954
3008282,5.557116921740379
3008283,5214.212331593762
3008284,0.024804567164542882
3008285,561.7010326218699
3008286,9.036109759094895
3008287,1586.7763113778924
3008288,1129.2965834030742
3008289,747.8935448030294
3008290,300.15005355008145
3008291,120.72967327361013
3008292,6753.1982738831475
3008293,18.51107767332942
3008294,1.126418261129721
3008295,36.01715328295799
3008296,27.14641134577971
3008297,0.3937253203081091
3008298,440.062456075257
3008299,2.6836235569381173
3008300,0.6300684891310255
3008301,11.176825348524956
3008302,47.347011951901685
3008303,2.9275514112274648
3008304,379.0312958896722
3008305,410.2951333502348
3008306,2.6770712236802923
3008307,12.07248514222105
3008308,528.3396265791703
3008309,96.21180569810043
3008310,1270.2763152480359
3008311,19.390238726687162
3008312,11.635691295935214
3008313,1.2147264445287433
3008314,0.12369210528295888
3008315,5.103003237571306
3008316,911.0105779441406
3008317,0.0
3008318,211.76900833971072
3008319,2.9163361835038377
3008320,300.7814361297196
3008321,299.8233261503863
3008322,102.59918531284696
3008323,59.26491466842334
3008324,5.424897956538634
3008325,1501.5158434280252
3008326,7.698110936174494
3008327,0.8172157560483377
3008328,5.2035531064894425
3008329,10.93132299075138
3008330,0.13573768613030227
3008331,104.83798902865193
3008332,6.134902591772702
3008333,2.5291640613768465
3008334,2.822361287228643
3008335,34.215701385307064
3008336,2.4798307050257704
3008337,8.465310543943563
3008338,78.31585940732492
3008339,2.8308577889455306
3008340,5.130659711899695
3008341,97.19001495483238
3008342,8.098656055551487
3008343,418.05560719108513
3008344,33.25888932611484
3008345,2.2453827209258854
3008346,7.902040771742726
3008347,0.06272457844456648
3008348,1.554235868375072
3008349,2852.6655930876314
3008350,0.006306826028940958
3008351,210.60667881189036
3008352,6.850844885227851
3008353,974.4590215042335
3008354,427.1929784614529
3008355,322.04440863046676
3008356,82.23966173557135
3008357,50.047363340152486
3008358,3620.893165157397
3008359,11.06396380819011
3008360,0.9947800335508188
3008361,15.502735940460845
3008362,14.989339240234802
3008363,0.16510738946847098
3008364,218.8263820573671
3008365,9.823284644322772
3008366,0.23531353669092095
3008367,4.430195618585909
3008368,22.30556537980238
3008369,2.1091912982757672
3008370,153.2777509823562
3008371,205.15065920088531
3008372,1.3035742636749026
3008373,6.556413246058536
3008374,142.76081757923907
3008375,40.406074543142594
3008376,497.1942146778115
3008377,3.3123595177548664
3008378,3.7030684033898744
3008379,6.644940939634274
3008380,0.08084474245851687
3008381,9.0738231055296
3008382,4225.122429495328
3008383,0.18013793470865389
3008384,744.8098481528913
3008385,13.42078646137603
3008386,1184.2053317146701
3008387,1312.1288688415516
3008388,307.48036470067944
3008389,239.86998032732765
3008390,165.7268079877032
3008391,5105.5404566586585
3008392,39.39407485311787
3008393,3.1913312340513382
3008394,21.878643935828187
3008395,29.259544697780616
3008396,0.43788148860606824
3008397,333.1374704293362
3008398,40.7365416283896
3008399,17.926910062090375
3008400,6.4202637205310165
3008401,76.71572854253307
3008402,10.55662112597571
3008403,518.9394199179263
3008404,368.4928268675522
3008405,13.350492501759318
3008406,13.155581443302307
3008407,597.2601713373685
3008408,127.75228208247017
3008409,3466.565542727972
3008410,0.7005209613809167
3008411,33.477931705951384
3008412,10.194144044630784
3008413,0.38086343902986325
3008414,9.606197845234636
3008415,4847.0501417691785
3008416,0.12376562529553188
3008417,849.5985060412797
3008418,9.216983039322848
3008419,1939.3230012551678
3008420,1258.831835204408
3008421,913.6764181520574
3008422,189.20982766937678
3008423,165.60669279901404
3008424,6705.267627410661
3008425,24.25619823166543
3008426,1.009627825940615
3008427,20.23969564944616
3008428,28.91763167475691
3008429,0.40018662837220775
3008430,507.1671147805343
3008431,10.819623004655726
3008432,8.557914556776787
3008433,7.555269142233703
3008434,46.43992897413343
3008435,2.8057189098053206
3008436,372.55025705693487
3008437,626.7966422315649
3008438,5.884040594477414
3008439,9.45499783367698
3008440,505.9429151251415
3008441,136.61360196638722
3008442,1524.926489559832
3008443,44.17129261741295
3008444,10.636415124667883
3008445,13.781995707043722
3008446,0.46253127030583224
3008447,9.477391611196822
3008448,4544.240397008331
3008449,0.16028948409526664
3008450,924.9552544751439
3008451,8.697953169998366
3008452,1890.7047466173826
3008453,1025.6005371073345
3008454,549.4571070326016
3008455,362.9701665750737
3008456,138.28939456577274
3008457,6333.822821555966
3008458,29.28456056558256
3008459,1.2799599457773443
3008460,39.975070701508905
3008461,42.85950612272304
3008462,0.4683398195911678
3008463,449.97757478260974
3008464,6.26137931003961
3008465,4.5310890917742634
3008466,12.91909516211504
3008467,90.13544299844038
3008468,4.3094322793578055
3008469,178.62484166672803
3008470,481.5144700097935
3008471,4.626248348758215
3008472,13.606237985430873
3008473,373.5254744102121
3008474,187.9840147758082
3008475,1935.9407722728558
3008476,1.5850364053847148
3008477,7.427450582162217
3008478,5.007796304837535
3008479,0.23704318346839506
3008480,1.6867703025196912
3008481,1772.1054796129356
3008482,0.07066019060486049
3008483,217.50714035845007
3008484,7.6522042166437885
3008485,785.5656447087382
3008486,398.0194942484036
3008487,191.37304191601555
3008488,93.31341763948596
3008489,37.92851299057192
3008490,2652.6983073941606
3008491,5.363528602991754
3008492,0.7271367816002297
3008493,26.78858400822528
3008494,24.237794595427914
3008495,0.2177766647300756
3008496,200.2081496569304
3008497,1.3333082622630297
3008498,0.6266499805358319
3008499,5.200919590168335
3008500,35.840485581770736
3008501,3.358454538262296
3008502,74.87363206916834
3008503,182.14343527824505
3008504,1.1858236612277313
3008505,6.649788277470924
3008506,99.59857716652269
3008507,43.60847585426548
3008508,234.28047556750454
3008509,8.943455828706513
3008510,2.2959325348659827
3008511,2.4975122326976225
3008512,0.035959425669640076
3008513,2.6760839035058224
3008514,1965.0883562237036
3008515,0.1000780067484565
3008516,304.94934107417225
3008517,12.345187043783945
3008518,581.2323279732573
3008519,607.1366661447993
3008520,145.1269901091165
3008521,61.81514522182936
3008522,70.23963401092126
3008523,2397.475725026327
3008524,27.9546024308311
3008525,0.36576404870937274
3008526,12.13913837537072
3008527,21.39100665074143
3008528,0.2452070903860551
3008529,163.27969466980926
3008530,15.039179754364369
3008531,2.6681805936806673
3008532,6.14054957107042
3008533,55.59556041608485
3008534,4.645243428345033
3008535,526.2722468184036
3008536,166.19931354271245
3008537,4.077466140168684
3008538,5.395745947247558
3008539,308.62869194819376
3008540,44.12856884218347
3008541,1656.2073968685568
3008542,0.19363030342288073
3008543,13.513370320217712
3008544,3.842980987612089
3008545,0.01977655457274617
3008546,6.8737279751226374
3008547,3852.1309033056405
3008548,0.054038207438421755
3008549,885.3832456618038
3008550,14.57775636757502
3008551,999.8052006161751
3008552,1331.851621066053
3008553,271.76462924859936
3008554,208.70544778425767
3008555,181.07020695286084
3008556,3906.2135842538237
3008557,26.04736488339174
3008558,1.3219699207899214
3008559,20.48750917992778
3008560,40.134494648012925
3008561,0.26325108963536686
3008562,307.8795803874571
3008563,16.593903345499168
3008564,36.56792524955843
3008565,8.810835549150294
3008566,66.7995716643469
3008567,12.422511318962014
3008568,298.6886202205189
3008569,320.6252402931884
3008570,20.272190773259407
3008571,14.807507783527269
3008572,401.8185807329434
3008573,108.03168399826875
3008574,3598.5749239003335
3008575,0.5646701402724352
3008576,24.823606665385867
3008577,1.136856049237525
3008578,0.0
3008579,2.932004383605929
3008580,2246.12082591658
3008581,0.0
3008582,361.60468641403264
3008583,4.412635659025707
3008584,434.0075338257941
3008585,538.2398898577807
3008586,125.85775220202999
3008587,20.12264872051646
3008588,16.41888376329136
3008589,2040.562041913339
3008590,5.902421400944622
3008591,0.4272205130724712
3008592,6.890156653308223
3008593,4.459528418658702
3008594,0.0
3008595,116.7105441717978
3008596,0.0
3008597,16.060590914470012
3008598,2.1072009443406676
3008599,102.04975462535478
3008600,3.650988894715912
3008601,27.831298438850684
3008602,130.7331392769295
3008603,3.6021259148167646
3008604,4.175000666928056
3008605,38.967660802604236
3008606,10.146602801048575
3008607,2054.3496207921335
3008608,0.2038790407338452
3008609,1.1280816667325864
3008610,3.7700755144688562
3008611,0.0384852309027261
3008612,1.0204239663419936
3008613,1349.060493093979
3008614,0.014457658138955868
3008615,255.01637351119695
3008616,5.826060768334171
3008617,486.08315015036135
3008618,355.0423866455213
3008619,108.47052881036637
3008620,53.229438196009575
3008621,34.40501078176226
3008622,1730.229167406943
3008623,4.877813235557891
3008624,0.6334097810185471
3008625,7.394891826744157
3008626,8.016279294181956
3008627,0.24400816250252264
3008628,112.64429386784114
3008629,1.393962145440942
3008630,5.357697394687923
3008631,2.160390815851744
3008632,27.708782588752445
3008633,1.092671357870675
3008634,246.10679114824188
3008635,172.0605685721514
3008636,2.7759211309437
3008637,2.8125371983407916
3008638,163.84526888480644
3008639,20.18855085157821
3008640,735.0892767675947
3008641,0.5426472526839641
3008642,3.0454852400722032
3008643,8.2999321468357
3008644,0.10522476548324612
3008645,10.413062101842849
3008646,5030.556168693285
3008647,0.13132812431172314
3008648,998.5954712578296
3008649,19.022001117893037
3008650,1342.7118958834733
3008651,1539.1930569124534
3008652,398.30511905002436
3008653,341.6700002448016
3008654,202.64609118858328
3008655,5735.796484326439
3008656,32.4673339039898
3008657,2.3177762898693373
3008658,21.531541802407926
3008659,39.39089388164698
3008660,0.5796341551332227
3008661,342.66625380459556
3008662,11.582894769357472
3008663,45.07144497850834
3008664,8.115763674880945
3008665,128.5268628846806
3008666,7.4545846518655505
3008667,419.68297991000225
3008668,387.0069500456297
3008669,16.14134875148999
3008670,15.578433218307953
3008671,554.5203212513073
3008672,119.71380270543668
3008673,4447.534665219678
3008674,1.143915259595507
3008675,25.585376097946057
3008676,11.435286428503975
3008677,0.10788838189219739
3008678,2.50017324251863
3008679,5380.728074729946
3008680,0.04934360198803209
3008681,1068.4864465434619
3008682,14.132051325574581
3008683,1724.720251937606
3008684,1351.5400939694614
3008685,588.407045394689
3008686,356.73882955290816
3008687,98.3693232531675
3008688,6775.148573466442
3008689,12.259721593837243
3008690,1.3529256686316415
3008691,40.79363516513288
3008692,30.093876282319826
3008693,0.6108145374303275
3008694,408.19502223684697
3008695,0.41122838964836245
3008696,5.425043185011306
3008697,7.972439326953872
3008698,61.55705978311709
3008699,2.172699992134267
3008700,299.9617869626262
3008701,486.39057695591606
3008702,7.497910055389928
3008703,8.892826315574558
3008704,350.16893545363297
3008705,82.08529087424469
3008706,2076.0071586757613
3008707,2.133297413602128
3008708,5.692366486696143
3008709,7.5407019849786
3008710,0.4032418237446129
3008711,2.4258934636755463
3008712,4320.502218583068
3008713,0.18019853676104247
3008714,927.6193498802838
3008715,11.1098012400352
3008716,1529.6208557056311
3008717,1024.0393650433407
3008718,422.34042297073876
3008719,280.7643827197548
3008720,176.0096576437575
3008721,4872.993853569943
3008722,23.35102580137974
3008723,1.196440065342991
3008724,33.68055602279715
3008725,30.520171204107033
3008726,0.5470659938699376
3008727,372.5443800684147
3008728,0.4546744453646054
3008729,3.6068900756517657
3008730,5.4263020859867375
3008731,83.81867366166153
3008732,2.171465815987856
3008733,232.3345840064533
3008734,424.6525595993094
3008735,6.617989375114836
3008736,7.808907633927861
3008737,307.7262773694297
3008738,122.21941815285008
3008739,1821.97642409775
3008740,1.7931152519080067
3008741,4.619168791069591
3008742,13.710892783299522
3008743,0.4533542230719509
3008744,20.152968963047808
3008745,12796.302434810446
3008746,0.42219307715867227
3008747,1857.2204762573213
3008748,42.94143331260216
3008749,2668.1852255311505
3008750,3333.9294656960583
3008751,574.3266759932733
3008752,712.3260478496237
3008753,490.4579654595496
3008754,11308.946689510623
3008755,97.02641577434466
3008756,3.7994613915813584
3008757,65.70729182244398
3008758,73.2245518986345
3008759,1.7875049628449822
3008760,693.9585761665749
3008761,76.03579725655884
3008762,66.4970502707186
3008763,39.359423211220715
3008764,207.12376677427582
3008765,29.243236464038105
3008766,1127.0778187680787
3008767,816.9741269393783
3008768,32.11046628847063
3008769,40.52518777248176
3008770,1775.3530121918482
3008771,464.12777539841596
3008772,9977.291132509008
3008773,2.694508271857738
3008774,122.72669124110716
3008775,3.12262908937228
3008776,0.0
3008777,0.5726982852615097
3008778,1617.8523089890566
3008779,0.004641515520067371
3008780,176.99054931951935
3008781,3.4428807553638947
3008782,556.5680474350004
3008783,302.19121845729205
3008784,118.92668095829596
3008785,135.72836605099863
3008786,38.6841138378734
3008787,1948.2422317435828
3008788,5.348464028749632
3008789,0.7072536559472691
3008790,12.603517584217913
3008791,7.6748790791435635
3008792,0.16903144554856855
3008793,139.0797010975613
3008794,0.7892764605694096
3008795,0.31128389078391955
3008796,3.0220698689147705
3008797,32.54994581671373
3008798,0.9498762425714395
3008799,61.14940241277301
3008800,114.80814705323188
3008801,1.5875588670546747
3008802,4.018517311325461
3008803,105.99718755049481
3008804,23.04889387634117
3008805,313.38029535860636
3008806,0.1667930327020623
3008807,2.276903036456665
3008808,11.253844225009434
3008809,0.20652314605460267
3008810,4.776189814057327
3008811,3805.355590340811
3008812,0.04322603070147147
3008813,681.4648541854573
3008814,9.399467426982527
3008815,1615.6676668350524
3008816,997.9234625307495
3008817,365.73586533172056
3008818,307.20575708295115
3008819,82.80242204895548
3008820,5444.736270752276
3008821,17.14801374200516
3008822,0.8676004865717826
3008823,24.893363380639737
3008824,27.704393028642745
3008825,0.45592982360736917
3008826,355.2951001361319
3008827,2.434804010193475
3008828,2.2519560164243964
3008829,12.347567173198618
3008830,24.82917077008015
3008831,2.1868821773227047
3008832,365.2712089168514
3008833,408.0169724465998
3008834,4.6538726387293
3008835,12.229385642625338
3008836,209.07444046764851
3008837,87.98992949753259
3008838,1498.143273286406
3008839,1.3375872803029667
3008840,4.694141603660745
3008841,2.015284669316459
3008842,0.015511801327831774
3008843,0.2672810853518965
3008844,1064.5786361874661
3008845,0.0
3008846,135.60595483290325
3008847,2.8387716413365163
3008848,532.7652372622888
3008849,202.12297732558696
3008850,103.58695889364938
3008851,149.87626991371658
3008852,19.98151306988301
3008853,1760.2195170570806
3008854,3.535266699040492
3008855,0.3346948090928537
3008856,10.294920265913198
3008857,4.082103994615318
3008858,0.03913371272190236
3008859,98.51089233347179
3008860,0.19447457452045935
3008861,0.04569588645032984
3008862,0.9416183781920209
3008863,21.96145263195858
3008864,0.514913788370023
3008865,58.173734736559574
3008866,106.72791313169272
3008867,0.46717337186093555
3008868,1.5488633899851196
3008869,67.00804642859742
3008870,13.272178451403242
3008871,195.42472654240436
3008872,0.0858084637826632
3008873,0.8739333052432277
3008874,9.227510373240374
3008875,0.0780900795032761
3008876,1.02009162668848
3008877,2583.3872223713397
3008878,0.0018955064671754567
3008879,318.03016205129745
3008880,6.276892314262986
3008881,1133.7962792789583
3008882,594.2743492613906
3008883,239.92578942370528
3008884,195.78943554159073
3008885,62.766146590847555
3008886,3702.796266186555
3008887,2.85771549300407
3008888,0.7061861450029625
3008889,25.305866269101436
3008890,17.412467847110804
3008891,0.19127429154574863
3008892,260.4365393408403
3008893,0.09339032338505449
3008894,0.25731350826291227
3008895,9.881122361679262
3008896,40.79709082449419
3008897,1.5119135695898684
3008898,256.44166420433345
3008899,267.3755507314197
3008900,1.5055318618970932
3008901,6.115985404930996
3008902,237.15994460646024
3008903,43.28113125199139
3008904,1128.1480929428167
3008905,0.2457915602910831
3008906,0.9667255436995152
3008907,4.136890536427172
3008908,0.07961220532837866
3008909,2.509183236616905
3008910,3064.212316171862
3008911,0.03674653063043861
3008912,693.8021664038013
3008913,8.85285757503269
3008914,916.0558274055242
3008915,703.829137854508
3008916,250.00209677401716
3008917,136.13611417012646
3008918,76.39324464713378
3008919,3992.646860451446
3008920,6.790319412495225
3008921,1.6342570863900105
3008922,23.238142184876256
3008923,35.4040524292098
3008924,0.4677942882488019
3008925,245.67788204542097
3008926,5.366982977146279
3008927,4.132165821959019
3008928,6.492776279438203
3008929,27.29717903710596
3008930,2.7335532122261035
3008931,185.09891454831185
3008932,298.99920329714035
3008933,3.8878477598321046
3008934,6.761573883487891
3008935,169.6656253573252
3008936,34.81520110755282
3008937,695.5033837324951
3008938,2.112900857776169
3008939,2.071973887460076
3008940,4.5518269547839205
3008941,0.0
3008942,0.3115567669071559
3008943,1769.2959522495823
3008944,0.0
3008945,124.11325102960429
3008946,2.7529851233100686
3008947,570.721293648216
3008948,230.75025788716255
3008949,96.7614442219387
3008950,171.5009206334121
3008951,35.443263774188836
3008952,1919.8586834515472
3008953,6.4796138506264525
3008954,0.41818349033555263
3008955,11.462525602427768
3008956,6.835972929120301
3008957,0.10414634848296558
3008958,122.29741286928248
3008959,0.10190576491407406
3008960,0.1977732089958332
3008961,0.7827381581144082
3008962,36.424550759296096
3008963,0.8132192016399027
3008964,134.4123840270328
3008965,101.21054745049402
3008966,0.6693134601843076
3008967,1.816666816452929
3008968,62.51982957076246
3008969,18.86275258206459
3008970,236.4768194005335
3008971,0.18048674591379346
3008972,0.4116186080837163
3008973,5.573735630951586
3008974,0.0
3008975,1.2690573902852904
3008976,3624.7005188503517
3008977,0.0
3008978,592.4671232167644
3008979,7.173195173175637
3008980,1043.4565368971
3008981,745.6497235939369
3008982,253.620471847743
3008983,160.257746879269
3008984,87.20924316663768
3008985,4162.106830971808
3008986,11.66171098812697
3008987,0.5748948815178754
3008988,17.847551085315455
3008989,16.79347015337858
3008990,0.22502715412812885
3008991,254.1912000030679
3008992,0.10849049999794778
3008993,18.568902115008612
3008994,3.3723122255174056
3008995,65.97348394140198
3008996,1.4240105803680203
3008997,223.62077815621186
3008998,274.52205473483406
3008999,2.850798436298408
3009000,5.887373781128916
3009001,143.20365462519192
3009002,58.60892182037336
3009003,1465.477947211252
3009004,0.6837997657997723
3009005,1.0630311650095559
3009006,3.3954495756339877
3009007,0.027297853366971853
3009008,6.0834140563640995
3009009,2589.7978054719224
3009010,0.052789191590499045
3009011,494.8202543450811
3009012,9.689901638329788
3009013,819.277672022032
3009014,915.1515652226065
3009015,142.25249511094955
3009016,138.67680847033802
3009017,125.4982016252661
3009018,3080.6826760822987
3009019,34.41055024219968
3009020,1.2543779593838806
3009021,17.516460549625858
3009022,19.9885223800643
3009023,0.10420537329954603
3009024,226.71990936285593
3009025,26.26177701592999
3009026,21.05585416554591
3009027,3.113140710384811
3009028,66.50001501560268
3009029,8.683077172582133
3009030,199.52094306384416
3009031,236.61529899598588
3009032,10.699475792103163
3009033,10.58143060258996
3009034,217.5938232632325
3009035,81.76313570293979
3009036,2560.4693064978555
3009037,0.18729439665062877
3009038,13.701973171875593
3009039,7.345407266143299
3009040,0.04059699324235702
3009041,10.090283346758378
3009042,3320.2876065890773
3009043,0.11748017112284231
3009044,720.5741664003763
3009045,14.128388103686857
3009046,1328.4512002519502
3009047,1215.747481812379
3009048,221.2351222867708
3009049,147.7897510735315
3009050,162.52265990416555
3009051,4790.201015017039
3009052,28.7989417209755
3009053,1.534687531596819
3009054,32.15816123425796
3009055,35.97665964307312
3009056,0.23422499980885156
3009057,384.60091061695874
3009058,37.147897742736646
3009059,19.128720595904724
3009060,9.438103560135007
3009061,72.66049668486455
3009062,11.607502243401067
3009063,196.31003469737462
3009064,455.4704628308279
3009065,10.928921362501338
3009066,13.025009249888843
3009067,225.9652047621515
3009068,117.72401829174677
3009069,2922.2456376979535
3009070,0.6369740374197397
3009071,19.247220538095068
3009072,11.406829344028559
3009073,0.23138711453378483
3009074,8.292061960702519
3009075,4516.765088634665
3009076,0.06938989359888101
3009077,1022.8844652604278
3009078,11.735157586187096
3009079,1745.7679853319737
3009080,932.546645028676
3009081,282.5628755662191
3009082,377.23553035461873
3009083,94.76416154553054
3009084,6214.698234779975
3009085,46.04186611944332
3009086,1.9615734853501814
3009087,35.52457345137844
3009088,33.13286613632596
3009089,0.4454547766053894
3009090,427.05335441704364
3009091,9.739585141899342
3009092,18.321159036339044
3009093,9.850652964427125
3009094,69.02882624714485
3009095,5.423463804637288
3009096,204.93646431139683
3009097,430.6250459237049
3009098,8.958913775753008
3009099,13.340416161810271
3009100,264.2525342931736
3009101,84.79290339141988
3009102,1767.154293200544
3009103,20.06082478469061
3009104,11.905027777967858
3009105,4.979054443275188
3009106,0.0
3009107,8.887234455206775
3009108,4080.309790901027
3009109,0.1162360055653002
3009110,608.6538264088074
3009111,10.037160428198106
3009112,1184.7020581427348
3009113,1302.5805366546515
3009114,305.55423544969307
3009115,206.41440426945263
3009116,143.41636181920416
3009117,4769.580507079062
3009118,26.17795163130866
3009119,1.4189693665350958
3009120,15.405543633272323
3009121,13.49882292355318
3009122,0.3583404054787668
3009123,328.3206311585086
3009124,35.48802993625662
3009125,24.542278066000915
3009126,2.8972416225521616
3009127,76.50748265613566
3009128,8.852689510088606
3009129,439.7808388548174
3009130,339.1989632843452
3009131,11.260466984684951
3009132,12.19587853147741
3009133,543.0128642364093
3009134,90.5483945494835
3009135,3611.167526926791
3009136,0.41610603089696363
3009137,31.866815832235183
3009138,5.040382022099465
3009139,0.21991033084199071
3009140,2.5075974224169353
3009141,4011.1223629498654
3009142,0.03291612308900312
3009143,517.9625553872892
3009144,7.183501396415938
3009145,1633.806987498848
3009146,726.9589519338479
3009147,314.1231420365661
3009148,179.79920191134562
3009149,66.40026978621252
3009150,5619.03779415302
3009151,13.984340396763196
3009152,0.8854802780232263
3009153,22.486130811756873
3009154,21.26867759708442
3009155,0.24517671043212572
3009156,395.6149936764783
3009157,0.23316567557179624
3009158,0.597786097642276
3009159,7.660237722079531
3009160,19.937243595192445
3009161,1.8523656504375077
3009162,134.93083966981538
3009163,345.306717498181
3009164,2.419352510277535
3009165,8.071034232496551
3009166,170.82604343506412
3009167,57.97815341414753
3009168,1001.943799415831
3009169,0.24296083823270911
3009170,2.491820601195045
3009171,7.755110911548297
3009172,0.09894591314150382
3009173,11.815562808195734
3009174,3477.954627652467
3009175,0.17087419090186082
3009176,768.4380811230882
3009177,14.243799346953793
3009178,1339.5213761733921
3009179,1159.7283372970649
3009180,331.37822308109617
3009181,188.24716823472752
3009182,171.3023606518707
3009183,5006.666141043484
3009184,34.09344319209017
3009185,1.5445437303346128
3009186,28.80561662776334
3009187,28.795645322667998
3009188,0.46678727626271216
3009189,352.8204752358971
3009190,21.948052935346684
3009191,28.52104695290614
3009192,9.27927027136479
3009193,47.441197990099134
3009194,12.584913325072892
3009195,263.0314255669272
3009196,478.6426956123493
3009197,15.45305803442741
3009198,14.764191468657474
3009199,251.69674380331756
3009200,85.60327503510989
3009201,2944.7858656738786
3009202,0.8972500243548753
3009203,10.042912215597726
3009204,5.705423782177885
3009205,0.31477138997300064
3009206,11.064380659424657
3009207,3723.974466167326
3009208,0.27725943980173706
3009209,897.9031339539679
3009210,13.135965908759792
3009211,1140.1416051753217
3009212,1156.9127128625241
3009213,274.9456188888113
3009214,161.15442952157102
3009215,116.47013703646267
3009216,4802.279569520918
3009217,44.512552337356716
3009218,1.4253743113586839
3009219,19.702698872039566
3009220,28.58889399769217
3009221,0.4205093691437866
3009222,290.78210554688224
3009223,25.12352633732783
3009224,59.04699005227019
3009225,9.635339910403047
3009226,115.73584543601699
3009227,13.137194181055392
3009228,242.35730585816904
3009229,330.4517089153612
3009230,13.503032879798063
3009231,16.840832668504138
3009232,323.6044175047343
3009233,107.92579686390093
3009234,3459.527247941876
3009235,1.0205765361756267
3009236,15.267504957464872
3009237,6.035455255998979
3009238,0.0855463797883199
3009239,2.914426794979448
3009240,5272.754574831257
3009241,0.054383101357651724
3009242,634.7506118374517
3009243,11.372810300979381
3009244,1334.063463877572
3009245,682.9475381761634
3009246,353.1286339988233
3009247,218.82337886870596
3009248,50.14643605465279
3009249,5148.994785950198
3009250,7.319899331639542
3009251,0.7134111778147063
3009252,24.772956865193745
3009253,22.24695217833888
3009254,0.14393695064157153
3009255,297.879006008233
3009256,0.2376494413823388
3009257,3.4296108678256756
3009258,2.611956705094926
3009259,54.05342977375566
3009260,2.3304981055786054
3009261,196.33559514474783
3009262,315.50989219840426
3009263,2.5358406823540847
3009264,5.242700134090833
3009265,250.05915331662317
3009266,92.02057768065843
3009267,793.490414686165
3009268,1.764537513047212
3009269,0.842714082056214
3009270,28.514662267887786
3009271,0.18019312149191852
3009272,28.857235662734688
3009273,16325.462586981088
3009274,0.3521494398180733
3009275,2588.156608130949
3009276,34.419244348105714
3009277,3579.2536678597603
3009278,4123.60927951798
3009279,947.1756783579988
3009280,1002.1828575071859
3009281,659.2284669546729
3009282,14904.56856362337
3009283,105.12288214560763
3009284,4.40599958767875
3009285,105.65592855041454
3009286,127.25180866409139
3009287,1.7207027034059839
3009288,914.9724174978519
3009289,72.09703612057041
3009290,36.2694788195499
3009291,35.52315211678735
3009292,272.0383650079606
3009293,27.175042011969207
3009294,1382.8910510535961
3009295,988.5677282054755
3009296,49.24804040667771
3009297,63.67149806471966
3009298,1941.006016422725
3009299,567.5416217494259
3009300,13610.236315938746
3009301,202.22816649944133
3009302,135.7888743453572
3009303,23.43255692430784
3009304,0.1374483723514198
3009305,24.716141947933878
3009306,14643.114863572446
3009307,0.33698711542909443
3009308,2131.531080334837
3009309,40.729631197617834
3009310,3434.045419199889
3009311,3571.593906350732
3009312,1069.139137447146
3009313,588.6592797269017
3009314,513.1621669894461
3009315,15150.096921254544
3009316,126.66171161409264
3009317,1.898291088117762
3009318,76.83385463846388
3009319,113.38519719573758
3009320,1.3342540765656485
3009321,988.2056755777027
3009322,69.95818157168505
3009323,56.711378795143304
3009324,13.015159786990246
3009325,208.54268371987342
3009326,22.353511225573886
3009327,1578.3605090186184
3009328,1142.599358145452
3009329,43.24672972875277
3009330,47.58965781818888
3009331,1763.514102226259
3009332,398.4503335622505
3009333,10215.44467782075
3009334,181.24940266849524
3009335,125.82439658785236
3009336,20.800336311973865
3009337,0.07123774559827846
3009338,29.051006334680007
3009339,10838.509752573978
3009340,0.16308630438113147
3009341,1504.4311352198617
3009342,27.83878096033339
3009343,3419.702527965513
3009344,2796.0232957421176
3009345,1299.648209368903
3009346,320.5133147112153
3009347,356.13811858100337
3009348,13754.773156551559
3009349,65.03140859034808
3009350,2.135067242409227
3009351,47.6872489365897
3009352,73.65753807033238
3009353,1.2373908402798452
3009354,890.7475525194875
3009355,88.21386864225782
3009356,37.20879085940031
3009357,15.08578551003843
3009358,112.78720247673614
3009359,13.206674096809772
3009360,1389.0029861869707
3009361,1235.4424251894347
3009362,40.05665051708994
3009363,45.40403416495188
3009364,1421.1889611886415
3009365,224.41354876155938
3009366,4998.739369747018
3009367,146.94310715203937
3009368,74.88725974062059
3009369,23.12717391115546
3009370,0.1197604679027728
3009371,28.09210807569279
3009372,14067.12832217715
3009373,0.3358814297018982
3009374,1977.939096991065
3009375,34.867104844769806
3009376,3318.734133842405
3009377,3560.5611254631276
3009378,1045.1227358008693
3009379,578.8858186991603
3009380,444.58109494614587
3009381,14490.043262159346
3009382,86.45937992616092
3009383,2.682474418903196
3009384,72.55068880169348
3009385,102.07788840256816
3009386,1.6042839013168844
3009387,971.5615629502138
3009388,81.57071278076357
3009389,45.07864774687757
3009390,14.25010054413353
3009391,181.48081003841173
3009392,19.719746747215538
3009393,1242.504616492626
3009394,1149.5822725473336
3009395,40.90255982671182
3009396,45.65444050016256
3009397,1681.7978805588348
3009398,350.75737523498566
3009399,8792.032782091459
3009400,148.57605311350235
3009401,114.53173945831342
3009402,18.6861056827983
3009403,0.02322535609143992
3009404,26.47337049926416
3009405,8981.248642930097
3009406,0.12344138918061097
3009407,1344.717997143602
3009408,25.14785230669527
3009409,3153.7817067079473
3009410,2343.966463122972
3009411,1120.337228642386
3009412,239.38777431409812
3009413,257.36970812922203
3009414,12712.446756456073
3009415,69.52489756680089
3009416,1.3337743264397344
3009417,56.87826193672372
3009418,56.829977113040755
3009419,0.7684572332915152
3009420,857.9413179073692
3009421,64.59797735991245
3009422,21.906425422801323
3009423,8.621776688613059
3009424,83.93591527201666
3009425,9.736408655223435
3009426,1216.122804359497
3009427,1165.3031058118372
3009428,29.915342948643737
3009429,35.32556833799349
3009430,1159.7694537757266
3009431,154.88610547211164
3009432,3921.111781106679
3009433,176.46855137035584
3009434,42.21953163235082
3009435,15.359128530026101
3009436,0.08408496684035903
3009437,15.97218368129786
3009438,11110.420811622776
3009439,0.27320321265390907
3009440,1713.838696148623
3009441,36.99804448872583
3009442,2486.90906315538
3009443,3134.4173718456764
3009444,612.5968922630415
3009445,644.6564314205236
3009446,482.2079371162534
3009447,10034.807361764622
3009448,86.46488016463483
3009449,2.4949994825840025
3009450,57.33151931971804
3009451,62.003742539993596
3009452,1.1158702935733849
3009453,651.4892314661311
3009454,36.872447615811566
3009455,37.1919882956204
3009456,20.796979064583947
3009457,196.02914679311846
3009458,21.37072355947005
3009459,1003.0235576542831
3009460,695.6161852690851
3009461,30.821125445035925
3009462,46.8161721791627
3009463,1227.0723513072965
3009464,356.2667451890132
3009465,10195.690331970396
3009466,101.42447961578246
3009467,96.90310709670312
3009468,6.117423791735518
3009469,0.11426475068656856
3009470,7.942022592362584
3009471,2437.495575577061
3009472,0.16371996189420096
3009473,428.11037108143125
3009474,19.857431475134838
3009475,967.1991118411215
3009476,721.9621011576616
3009477,249.14629664302552
3009478,126.75918119576903
3009479,119.96003964747436
3009480,3284.903723552756
3009481,20.895402234818288
3009482,1.0038292123598929
3009483,20.88860166479866
3009484,23.575693272402496
3009485,0.32972820592399715
3009486,261.76746057411196
3009487,17.786179341927944
3009488,6.089360366788611
3009489,10.9931893812431
3009490,43.466925609981196
3009491,8.31019514084076
3009492,268.81918803142815
3009493,310.4359117265429
3009494,5.04826098840773
3009495,10.838778805472353
3009496,271.99048581592496
3009497,78.39566968200499
3009498,1745.1871403197201
3009499,0.4516870598478587
3009500,9.81966697521944
3009501,14.605892972760126
3009502,0.06036021685417705
3009503,15.528360342457468
3009504,6660.239679641312
3009505,0.19185807491125723
3009506,886.2096299059328
3009507,34.38338838149717
3009508,2060.6095817670243
3009509,1573.123074097464
3009510,655.8051124001132
3009511,170.6200918485771
3009512,185.9078301322368
3009513,8655.791471538629
3009514,64.16283076563045
3009515,1.6088756041792038
3009516,56.88843912307552
3009517,66.86593240562057
3009518,0.5633470970942962
3009519,604.6499702332816
3009520,38.530773691417856
3009521,10.999237365470929
3009522,6.219450161724065
3009523,102.94994953973121
3009524,12.951481886352761
3009525,659.2794442901273
3009526,696.6700357916488
3009527,16.49277101441457
3009528,31.14224933740372
3009529,557.2498259887168
3009530,116.02221882875078
3009531,3202.4669929862966
3009532,116.23945477663283
3009533,26.909119926205793
3009534,8.716832017952813
3009535,0.0231536422414987
3009536,10.059442072900001
3009537,6808.843085185323
3009538,0.11027075296889981
3009539,1127.3746916351538
3009540,15.186430790189338
3009541,1634.2867961468621
3009542,1914.2385187381778
3009543,334.567919587724
3009544,378.09767067233975
3009545,290.14037971799235
3009546,6230.871323592305
3009547,38.566879842334686
3009548,1.6366485278091316
3009549,26.411139655036312
3009550,41.156049408255505
3009551,0.7095362157001093
3009552,426.8849856979672
3009553,4.247826775687893
3009554,52.742303482618375
3009555,6.16955759273743
3009556,136.02832742567864
3009557,11.516199286950435
3009558,746.7744436352139
3009559,411.661854983953
3009560,28.03641313960946
3009561,20.308835793590166
3009562,770.8648221751396
3009563,170.05108114482076
3009564,6458.0211650400015
3009565,2.6780191872289123
3009566,45.077511992459364
3009567,6.2479001478531355
3009568,0.5356870242585652
3009569,7.7732336008895295
3009570,4584.919632687181
3009571,0.5272041334628295
3009572,1365.250116972962
3009573,6.933807731618393
3009574,1591.90959025466
3009575,1164.7160388693428
3009576,501.51400236805404
3009577,41.327881761595684
3009578,28.89976189445625
3009579,5089.297482878498
3009580,32.989823955469284
3009581,1.8037960167098115
3009582,11.563323243778898
3009583,36.27517904778235
3009584,0.9933828214010736
3009585,361.50895431935976
3009586,6.1202386592036975
3009587,44.82517025120047
3009588,4.885189170178549
3009589,188.71482760613813
3009590,6.932587793232019
3009591,98.61396212208186
3009592,464.2914877084368
3009593,11.847432729255079
3009594,17.628514525416765
3009595,180.5441301602004
3009596,59.34379112385726
3009597,4871.521963567877
3009598,3.3765529393956717
3009599,4.976787776275522
3009600,11.662137376697595
3009601,0.13247216555780822
3009602,8.210791820020226
3009603,3479.973207004322
3009604,0.1400702504529391
3009605,726.971417527361
3009606,11.23677472392437
3009607,1342.5441010230045
3009608,927.3151257584196
3009609,373.38832497431
3009610,235.85254743065857
3009611,227.12836837959946
3009612,3877.755408895636
3009613,20.285156371903664
3009614,1.7006159067701363
3009615,26.28375628674158
3009616,34.937349291346116
3009617,0.46452421681305467
3009618,338.6110138297163
3009619,6.866825732733224
3009620,12.715543684380549
3009621,6.807185437817144
3009622,91.713339039403
3009623,5.076088078692459
3009624,384.1972007612066
3009625,420.6597397149072
3009626,8.644578722380073
3009627,11.212457915189713
3009628,323.2784134633013
3009629,115.40459199694207
3009630,3231.434301369687
3009631,1.304604722221114
3009632,6.017758752400673
3009633,7.619132277835407
3009634,0.18036587013333924
3009635,2.389378138077352
3009636,2921.673079190103
3009637,0.032483528612137984
3009638,333.35161145235355
3009639,4.731771752809539
3009640,1610.5534556081507
3009641,370.2772365964799
3009642,317.9043444534012
3009643,113.35638416685939
3009644,44.28746120076322
3009645,4399.920882909297
3009646,8.46113386464624
3009647,0.6759565390761302
3009648,26.493639321565635
3009649,13.51085609808121
3009650,0.15039471711905222
3009651,313.97395743731914
3009652,0.35428057359994897
3009653,0.17120535412558824
3009654,3.4779034811506433
3009655,25.452418789401968
3009656,1.1286004128709477
3009657,77.64500120375851
3009658,296.6265227413448
3009659,0.5325420540768906
3009660,4.461524214509958
3009661,79.05333711259581
3009662,72.18748776689331
3009663,384.5947989924179
3009664,0.3764617471619295
3009665,1.4961075401568782
3009666,6.95209721473139
3009667,0.018063663201328944
3009668,12.02032678080783
3009669,5523.1136412041305
3009670,0.06551316809716308
3009671,870.6801857597185
3009672,14.90669087885208
3009673,1621.3383091768405
3009674,1604.881810169779
3009675,497.4774704272368
3009676,281.1064708473999
3009677,221.33626896084425
3009678,6770.071427081912
3009679,47.6291932994145
3009680,1.2563993231572597
3009681,33.42272973625321
3009682,53.66163324738684
3009683,0.32903271063289324
3009684,452.21901204074646
3009685,45.58498939312027
3009686,22.724610470217616
3009687,16.711889508933407
3009688,84.48524429135713
3009689,9.525419469202811
3009690,600.9668663285978
3009691,532.1769035425854
3009692,15.329305191556873
3009693,17.366354857314892
3009694,774.3396568306672
3009695,144.11353310830083
3009696,4003.974320900018
3009697,0.6175490959845245
3009698,43.742451339929836
3009699,4.406044137730877
3009700,0.038089160577359386
3009701,6.593460639338104
3009702,4682.82699107392
3009703,0.1493738459912851
3009704,700.0073344082454
3009705,16.362117521930347
3009706,1033.6037402870218
3009707,1398.3953142695425
3009708,182.19360486347514
3009709,299.694891325259
3009710,235.1436868101698
3009711,3952.4530974157487
3009712,38.19614669595836
3009713,2.051007641946306
3009714,19.146277701545024
3009715,26.35654135729347
3009716,0.49573659566422174
3009717,254.6315408218416
3009718,15.832002157621442
3009719,43.15693949483573
3009720,11.758171346934677
3009721,125.15984343421934
3009722,12.913513316803813
3009723,528.2901520159207
3009724,248.40089653764434
3009725,10.368572908447254
3009726,14.113048837598091
3009727,597.0551832408368
3009728,156.90043973385193
3009729,5792.1731267083405
3009730,0.3312720171651636
3009731,37.10577133794898
3009732,7.566517907251313
3009733,0.16234351895921226
3009734,14.273089796882898
3009735,6762.4890505926605
3009736,0.20969312387501474
3009737,1089.4033707256542
3009738,24.448790050239666
3009739,1594.6863486853515
3009740,2028.687127420011
3009741,387.65421781179873
3009742,391.5175251469531
3009743,237.9390617388607
3009744,6383.878026755234
3009745,48.01212995654969
3009746,2.9448761208575833
3009747,38.15236944353436
3009748,53.24128804958372
3009749,1.0259601210889047
3009750,506.6377381193658
3009751,59.94493554106452
3009752,40.54663123663104
3009753,28.047756612417036
3009754,119.90426841403976
3009755,19.392695927910918
3009756,525.0275970242212
3009757,520.74942016505
3009758,23.32310660941115
3009759,28.218078835179938
3009760,731.8811418682845
3009761,202.16323631847513
3009762,5820.354892868572
3009763,1.021512180598287
3009764,54.296120553546075
3009765,15.946913457105037
3009766,0.16113262576879747
3009767,11.59292782285596
3009768,5383.794297401932
3009769,0.041078629642535044
3009770,852.8721497211689
3009771,15.625672026266006
3009772,2121.2670207416168
3009773,1274.3093103432386
3009774,823.4317294091472
3009775,270.8584743787249
3009776,108.63363748250082
3009777,8840.480014442905
3009778,14.704805047189513
3009779,1.8277609474656291
3009780,54.54819140844179
3009781,48.76822102542524
3009782,0.2837506424171051
3009783,628.4451141166962
3009784,21.433821359331382
3009785,6.905067157742673
3009786,13.137827786800027
3009787,64.25229418556137
3009788,5.561481636038011
3009789,468.90713421920157
3009790,610.390331990774
3009791,8.573037383942479
3009792,16.288429577638997
3009793,631.4238622259534
3009794,115.18407083126972
3009795,1841.6372169145495
3009796,55.51979753533761
3009797,18.39786716841643
3009798,3.271242414244181
3009799,0.02874477718295705
3009800,4.621124493597111
3009801,2314.505990874152
3009802,0.1287122640314371
3009803,406.8381001312461
3009804,12.373644771171294
3009805,684.3435859459862
3009806,785.9855165873025
3009807,146.8244167476438
3009808,142.95189116159796
3009809,111.7214480613966
3009810,2577.5086148661667
3009811,21.484756006691683
3009812,1.512261439868524
3009813,13.724517634617184
3009814,27.99320215034386
3009815,0.34024297250930446
3009816,185.70226003722865
3009817,16.004115331450684
3009818,13.70449469138169
3009819,5.103652633188073
3009820,75.11296120634718
3009821,7.21782769332639
3009822,273.10467728627924
3009823,172.1073924657748
3009824,7.43239555835102
3009825,12.415617392861497
3009826,295.49588360030606
3009827,87.66149307591031
3009828,2162.6981529524414
3009829,0.15795305703972165
3009830,21.55121765200733
3009831,1.7895026930490374
3009832,0.03947380611711336
3009833,0.6839990578888313
3009834,1231.6153966352717
3009835,0.0
3009836,107.71771948055542
3009837,2.027962636604823
3009838,669.7957341520984
3009839,270.6705373303802
3009840,236.5443734516898
3009841,49.780213713174085
3009842,22.189099054299476
3009843,2414.207376609587
3009844,1.9871534727097626
3009845,0.1654774386892456
3009846,5.215638638069486
3009847,4.93803538320966
3009848,0.0007599941594092143
3009849,159.9812532973119
3009850,2.984441718655668
3009851,0.0
3009852,0.8600821928976365
3009853,4.959856187263951
3009854,0.3617667960954593
3009855,145.32169478685455
3009856,152.7920627453345
3009857,0.6955087502344357
3009858,2.3885788630274796
3009859,126.76295420010736
3009860,17.24280205755576
3009861,197.43313350327645
3009862,2.0153267761335965
3009863,1.8432233540613732
3009864,5.8549514575857575
3009865,0.2007419575720655
3009866,3.6571531432407944
3009867,4650.281814791476
3009868,0.04231294896125148
3009869,614.5475751678395
3009870,10.063446629587704
3009871,1658.8612809436713
3009872,656.9595356304964
3009873,457.74362224510446
3009874,188.7803065223037
3009875,60.101665028702044
3009876,6452.136714431123
3009877,14.68534409001571
3009878,0.6093937824353366
3009879,23.11665113146294
3009880,25.28426871445616
3009881,0.247272868821684
3009882,408.0613880335532
3009883,10.084927411445289
3009884,1.32924260386892
3009885,6.719733427678515
3009886,20.80454891877128
3009887,2.6516859433531432
3009888,571.2479934833364
3009889,354.28154767031583
3009890,2.4370368158981988
3009891,10.505094006337316
3009892,391.514604054304
3009893,60.173176332007614
3009894,1098.8223875602755
3009895,14.593083258186391
3009896,6.400774777415432
3009897,4.6294461570848435
3009898,0.13015154859437253
3009899,1.8309703642946173
3009900,1818.6946964623235
3009901,0.0
3009902,196.22909646787377
3009903,7.239895086382157
3009904,771.0051937875589
3009905,419.9054514961784
3009906,235.28357216426738
3009907,87.45107835017495
3009908,33.20568079870199
3009909,2914.669435164839
3009910,4.82020868716568
3009911,0.7289372330221116
3009912,10.272594749118195
3009913,15.94523323373884
3009914,0.16702608519634082
3009915,171.70849038243722
3009916,1.6208978327256278
3009917,0.09438063294645158
3009918,7.567101431242618
3009919,22.704246851449874
3009920,1.4301329601739878
3009921,151.5207905142059
3009922,160.5535014670308
3009923,1.1037713019572406
3009924,4.922659559390798
3009925,163.57422289029526
3009926,38.91256067499973
3009927,369.0975112150513
3009928,6.333398630294962
3009929,2.9431450989323493
3009930,3.543007746237679
3009931,0.0
3009932,0.6996561752744475
3009933,1425.0166407638958
3009934,0.0
3009935,134.4185415561141
3009936,3.433219926966003
3009937,690.3753189421767
3009938,267.1375010481605
3009939,151.88116026121557
3009940,52.35799085179246
3009941,21.876278942933375
3009942,2617.254350531323
3009943,4.73637316494321
3009944,0.19727057786108437
3009945,9.441835706168689
3009946,10.910105061017518
3009947,0.03027444787390335
3009948,140.92291230788177
3009949,2.6216207709761137
3009950,0.0
3009951,1.59988041013639
3009952,15.98264612016969
3009953,0.6544913547294822
3009954,136.22783541978748
3009955,154.90783709342398
3009956,0.5723730069846897
3009957,3.0582167032222243
3009958,87.22276700170714
3009959,23.054427205281865
3009960,172.98217688501475
3009961,3.211635045366685
3009962,1.3108138093879442
3009963,2.565300149942527
3009964,0.05412768332504392
3009965,0.5808176562904432
3009966,1343.6841762604995
3009967,0.0
3009968,174.043384984729
3009969,4.4614335115546915
3009970,956.9954160119296
3009971,389.97315649915777
3009972,234.34862234665795
3009973,38.211451895595744
3009974,26.433940072421997
3009975,2655.649711340993
3009976,3.397876646755428
3009977,0.11943461938065517
3009978,8.599288825880821
3009979,16.68475241181837
3009980,0.012218059723067035
3009981,195.3174210828312
3009982,0.45017271155634697
3009983,0.0
3009984,2.172390135056959
3009985,9.171788567643237
3009986,1.1425834562784511
3009987,228.6823914505593
3009988,246.51796143068267
3009989,0.7036617392659765
3009990,4.380262325178586
3009991,67.11686786458215
3009992,48.04124215695171
3009993,346.18832187567045
3009994,4.880213244418396
3009995,2.433334879312859
3009996,2.655141706204441
3009997,0.4994358339583549
3009998,2.6626050753759722
3009999,1877.8472024893156
3010000,0.043392103906135356
3010001,175.27719272260467
3010002,3.857563216357063
3010003,923.9480256680317
3010004,390.6574420174676
3010005,330.0892760775613
3010006,122.3030725173226
3010007,46.83778663648857
3010008,3338.963708463788
3010009,6.655006205799283
3010010,0.6430110198136163
3010011,17.8085174829161
3010012,14.485657610915778
3010013,0.11498073219845603
3010014,235.16871919041756
3010015,8.969865772293122
3010016,0.05450403967904102
3010017,3.70821898377884
3010018,13.31953703031686
3010019,1.4585275613443636
3010020,130.54991469410209
3010021,206.99996321226706
3010022,0.787005330363068
3010023,4.801460498241824
3010024,140.42864282366324
3010025,39.45435736719196
3010026,595.4040730499154
3010027,6.972950104634214
3010028,5.074273943333132
3010029,2.9985205758684415
3010030,0.0
3010031,0.24944266126118797
3010032,1239.724251761059
3010033,0.0
3010034,141.36950748256396
3010035,2.9119079202464615
3010036,682.0697486031207
3010037,232.96559469516743
3010038,165.00704552219054
3010039,226.71413507407098
3010040,19.240026591930672
3010041,2049.1029765052212
3010042,2.8142045277258236
3010043,0.1785654113207477
3010044,10.606267226974966
3010045,9.40169714814477
3010046,0.0
3010047,160.3639972106426
3010048,0.0
3010049,0.0
3010050,1.2277147559139467
3010051,12.561509347150327
3010052,0.7596493215739906
3010053,55.17893550420694
3010054,136.1365535542679
3010055,0.5766299736622997
3010056,2.18432799770219
3010057,63.44288975312996
3010058,27.57081287882133
3010059,333.41025503668783
3010060,0.040443484499264666
3010061,0.879021593878045
3010062,6.340736850984487
3010063,0.18702317451345488
3010064,3.2700241213241563
3010065,3815.7926108034353
3010066,0.0
3010067,377.4072510650868
3010068,5.418335344358505
3010069,1164.9259378028892
3010070,802.3141605613097
3010071,559.2295554662119
3010072,373.8442033019504
3010073,73.62258185165472
3010074,5071.113217970083
3010075,7.924122282527319
3010076,0.6609394630380772
3010077,21.605783243192878
3010078,25.173641175639077
3010079,0.26095623755212316
3010080,310.3003404325221
3010081,1.202624234886828
3010082,0.08929574385157923
3010083,6.562740703435108
3010084,21.86961394354509
3010085,1.948778815880409
3010086,309.81865669380824
3010087,265.6737720860479
3010088,1.8073096004326574
3010089,7.8457024853786255
3010090,350.5111705993026
3010091,69.8021375325567
3010092,1029.1640036473618
3010093,14.973393973018515
3010094,11.105733063985904
3010095,0.230050508032411
3010096,0.07991671859648876
3010097,2.947276381541753
3010098,613.3183814730836
3010099,0.0
3010100,134.54807086117344
3010101,1.675975567292428
3010102,196.00238293185845
3010103,205.85819548015488
3010104,67.6029075373984
3010105,62.32481496458538
3010106,2.3960723257236975
3010107,1109.5516354950876
3010108,1.8845821679052772
3010109,0.4884315878678382
3010110,2.9186368618354246
3010111,2.049842372320865
3010112,0.025386541092465017
3010113,70.88428572943677
3010114,3.164062571510292
3010115,1.5433945146490413
3010116,1.8200457762262303
3010117,21.61728075416431
3010118,1.530984873724356
3010119,4.609628563173701
3010120,48.558285731816696
3010121,1.776191868333957
3010122,2.895396592619243
3010123,54.97353788472703
3010124,4.437075683668195
3010125,291.04053906071897
3010126,28.62617235383251
3010127,1.2244324441436434
3010128,5.1626727951349105
3010129,0.045902145666060136
3010130,1.003655080763723
3010131,2415.670092214084
3010132,0.006353817460213195
3010133,179.3687404371961
3010134,4.964402379707544
3010135,862.8947411185956
3010136,343.36135610945115
3010137,284.71331949501774
3010138,84.02655131176547
3010139,39.62037132674234
3010140,3264.6354411205502
3010141,7.840841564193086
3010142,0.7955859990634537
3010143,11.91476332549517
3010144,11.08374239628296
3010145,0.11118654184604869
3010146,185.1572074604062
3010147,6.793664948924402
3010148,0.039073405836973475
3010149,3.4764556419417456
3010150,12.66111187096572
3010151,1.573229557357441
3010152,139.3883184864148
3010153,175.93868429233467
3010154,1.0491117317626242
3010155,4.851481971504407
3010156,102.4747920436966
3010157,34.40214665517217
3010158,386.166766813921
3010159,5.096198558212581
3010160,3.379981076784465
3010161,4.224693651207117
3010162,0.039612881691183204
3010163,6.8445237970228865
3010164,2869.0042168270174
3010165,0.10290951755197321
3010166,579.9439297762342
3010167,8.687123751197246
3010168,904.7762256080895
3010169,926.1024521091947
3010170,241.03756266213423
3010171,167.5809696495007
3010172,100.64789663985884
3010173,3874.2709391255603
3010174,27.97830124831083
3010175,0.9634780045172731
3010176,14.535713421539956
3010177,22.58626812313383
3010178,0.29099125965886014
3010179,244.62118497193308
3010180,24.926898092229624
3010181,8.684303923973022
3010182,8.668182674428047
3010183,48.419024703904874
3010184,6.895745664248319
3010185,418.98107231423
3010186,257.7308144933125
3010187,9.489411648500496
3010188,8.900218297173286
3010189,451.49307805787043
3010190,98.62255346499875
3010191,2087.967165979951
3010192,0.35907354096794886
3010193,25.39139886946664
3010194,5.016904962353104
3010195,0.30318522420749366
3010196,4.3049219858384635
3010197,2707.502988258659
3010198,0.054915696950535275
3010199,384.2510555926941
3010200,4.751082477484245
3010201,1110.267972160101
3010202,694.8649580139378
3010203,477.73953182863113
3010204,129.48943739761657
3010205,100.16894801323632
3010206,3919.027139603289
3010207,8.515272720144972
3010208,0.4407099990923591
3010209,11.306190886038932
3010210,13.50937003896293
3010211,0.12471703191167709
3010212,270.7866486290406
3010213,4.281600385742613
3010214,3.7649482981079405
3010215,2.261438742279634
3010216,18.069472571786758
3010217,1.346668014332753
3010218,246.84484641383864
3010219,308.93510465915296
3010220,3.3718049960662215
3010221,4.868472518108134
3010222,260.3771930264192
3010223,88.96362821149381
3010224,823.9529194830395
3010225,27.3142195822727
3010226,5.713328027332691
3010227,8.280896993479372
3010228,0.384972164474532
3010229,5.337121692298075
3010230,2942.5379429917766
3010231,0.11643889033669845
3010232,536.7082168625974
3010233,5.014374659317029
3010234,1218.1185744218144
3010235,609.2357644762352
3010236,334.13663146151936
3010237,324.5944247789895
3010238,98.3834744885294
3010239,4268.959273330452
3010240,12.734476437514873
3010241,0.7666467019725562
3010242,20.091621552823618
3010243,25.967273622112977
3010244,0.2378298396116189
3010245,274.09790571567885
3010246,3.1514182068386756
3010247,2.8710867099098913
3010248,8.086219443075796
3010249,45.31043629332163
3010250,2.5118442034262314
3010251,145.76208975089028
3010252,282.15130800812847
3010253,3.027357074782146
3010254,9.978540962320723
3010255,190.2090526873806
3010256,151.4096580720688
3010257,1270.7832796670689
3010258,0.9123885401685541
3010259,5.154395235183624
3010260,3.748236518975797
3010261,0.16593499341671394
3010262,1.204208568616997
3010263,1368.8989303471994
3010264,0.026156976989816595
3010265,167.84958507927266
3010266,5.982849408236142
3010267,600.9099064821893
3010268,294.66812153854204
3010269,166.16501047329646
3010270,76.20793189355771
3010271,33.71354590844047
3010272,2343.6420178621624
3010273,5.264259809037583
3010274,0.530587412000751
3010275,19.597665589641533
3010276,13.776023884277038
3010277,0.17667904385602276
3010278,141.0938399418961
3010279,0.8208738210713411
3010280,0.3457757610975642
3010281,4.285016104740231
3010282,23.47827532056837
3010283,2.727113578259453
3010284,77.76384033188326
3010285,134.069260152871
3010286,0.9694475367803002
3010287,5.168518010442481
3010288,90.35441816549171
3010289,37.93671526843786
3010290,417.7791945905359
3010291,14.241365718466225
3010292,2.2032822718848686
3010293,1.993562654364644
3010294,0.0
3010295,3.1388601367013127
3010296,1503.5603658541002
3010297,0.06452181807188542
3010298,267.8251736750739
3010299,8.89767310543084
3010300,542.1363656018533
3010301,476.7560414042804
3010302,134.31807736802838
3010303,50.39846674642596
3010304,51.36293544141198
3010305,2133.8141191190794
3010306,27.64191887630379
3010307,0.12624294353570614
3010308,8.92332560972933
3010309,17.685111295684187
3010310,0.1680867321029248
3010311,131.41858330309674
3010312,11.061374082717467
3010313,1.0298354576385171
3010314,4.1055209995011905
3010315,25.852273224774514
3010316,3.7343467059008235
3010317,540.6686639039588
3010318,141.34530542314852
3010319,3.292249893570733
3010320,4.471468929999217
3010321,289.9756686780444
3010322,36.89652589644131
3010323,1177.279279197597
3010324,0.07277485427827858
3010325,12.443743171017662
3010326,3.0264275957016444
3010327,0.015512189123422787
3010328,8.673109452669284
3010329,3490.426277511151
3010330,0.07587526931135852
3010331,853.3653545177508
3010332,14.456972344708625
3010333,1071.0162067885021
3010334,1296.4415951227343
3010335,273.88728114426516
3010336,202.2481550659456
3010337,161.33271519641508
3010338,4026.9735740226683
3010339,23.72515040030233
3010340,0.9971244103360455
3010341,18.47888856672959
3010342,37.30216319065914
3010343,0.21584942766477005
3010344,281.5242265537719
3010345,12.332871588428656
3010346,29.57896501687659
3010347,8.665540710348784
3010348,70.01610267648617
3010349,11.34646669376824
3010350,360.57110278729436
3010351,292.446906272528
3010352,18.770969878879324
3010353,13.19467497334671
3010354,413.1443189546872
3010355,109.1644934758094
3010356,3026.9015622256743
3010357,0.392467859288925
3010358,24.225083944567054
3010359,0.6189204131240533
3010360,0.0
3010361,2.161977440293556
3010362,1686.9873548042558
3010363,0.0
3010364,332.8726793460352
3010365,2.834433279739637
3010366,397.39157535280015
3010367,436.9126305454678
3010368,110.88562760526197
3010369,14.560234510816642
3010370,7.528924136155171
3010371,1643.8318828192
3010372,4.578906385216926
3010373,0.22002903201128407
3010374,5.47639061503855
3010375,14.0857887522983
3010376,0.0
3010377,95.26213959441118
3010378,0.0
3010379,10.543443112055803
3010380,1.4756001357082038
3010381,75.36105517083013
3010382,2.7400503999509764
3010383,19.525330144503723
3010384,112.13677295760651
3010385,2.8307841726999086
3010386,3.0429944681842285
3010387,25.79544880317138
3010388,6.895594645685103
3010389,1198.746842463928
3010390,0.026257270377590618
3010391,0.35710214218914427
3010392,2.4681439120147703
3010393,0.0
3010394,0.4939901057187137
3010395,810.9387865893626
3010396,0.0
3010397,176.67843071124437
3010398,3.960627240117537
3010399,314.8263045856564
3010400,209.6341779214918
3010401,66.89784289427402
3010402,34.47537518664787
3010403,24.927394263728004
3010404,1212.3445753768904
3010405,2.9435248872464093
3010406,0.30629109176841857
3010407,5.23652132735518
3010408,5.0780889780354395
3010409,0.10129132769772381
3010410,71.99283686262316
3010411,0.5700370097854348
3010412,3.287218239097676
3010413,1.147294980514502
3010414,13.037503190224681
3010415,0.5290868203272459
3010416,193.1930006459446
3010417,107.08212615037374
3010418,1.8794355024431475
3010419,1.7336956582374383
3010420,111.92595795572288
3010421,13.688341910284832
3010422,412.59524605972905
3010423,0.3038023318473568
3010424,1.8135660541279748
3010425,4.6429519675606254
3010426,0.05981259591799719
3010427,6.564578629383762
3010428,3154.134930212421
3010429,0.03780525145043069
3010430,707.9584486555033
3010431,10.726843482104151
3010432,939.777499382219
3010433,1006.6002575740303
3010434,281.8184454406196
3010435,234.02965335152822
3010436,115.12941429018305
3010437,3727.211898073112
3010438,19.162213463332854
3010439,1.3905247775418226
3010440,16.614688181727796
3010441,25.28106502084476
3010442,0.34878562134269575
3010443,228.49539135821342
3010444,5.735637120472349
3010445,21.47256808685062
3010446,4.599064454882524
3010447,68.50188899016389
3010448,4.112761839474779
3010449,268.14619132570954
3010450,229.86764975252174
3010451,10.500197686429056
3010452,9.732747063767423
3010453,351.68797874742387
3010454,80.12732650494067
3010455,2271.9524466364196
3010456,0.5526632720540523
3010457,15.677383582756022
3010458,6.185844167907106
3010459,0.05803933400019433
3010460,1.1643585062231496
3010461,3310.848741441492
3010462,0.0
3010463,599.9188091329635
3010464,7.735332143046174
3010465,1094.8429577972083
3010466,817.5569429538658
3010467,366.4795121800478
3010468,396.9284560191747
3010469,56.96666359183836
3010470,4303.867295742349
3010471,6.388623368358084
3010472,0.7354583993966459
3010473,26.97169968213425
3010474,16.769015781299437
3010475,0.38482846838688084
3010476,249.86812116449
3010477,0.0
3010478,2.9547503403481468
3010479,4.485054545295319
3010480,30.472620108284904
3010481,1.0464344799693661
3010482,196.01998224054475
3010483,277.96704216560954
3010484,4.811193328801299
3010485,5.282826386146533
3010486,188.80860429702426
3010487,61.509434776007495
3010488,1317.785077105959
3010489,1.253947205048369
3010490,2.9374819797540823
3010491,5.013040022298827
3010492,0.3200258476460497
3010493,1.5463637101821828
3010494,2829.6387319235423
3010495,0.10351281234363092
3010496,557.2862333978547
3010497,7.1685754343907195
3010498,1021.9366154227727
3010499,691.7416004429886
3010500,273.12508449245234
3010501,278.0866973955943
3010502,122.12761749937661
3010503,3443.8147902957285
3010504,8.814552365724335
3010505,0.6891734676015948
3010506,18.596217318009543
3010507,13.062989546164902
3010508,0.2642054080678692
3010509,238.6186293911361
3010510,0.013825045323545993
3010511,2.117443201502143
3010512,3.4000625265625466
3010513,42.10539474282533
3010514,1.478720399566845
3010515,169.3244366564704
3010516,256.9468410328417
3010517,4.946451497326037
3010518,5.39339986607486
3010519,219.00154476680032
3010520,94.22772186696564
3010521,1312.7442376369997
3010522,1.1370202837527623
3010523,3.174872161983987
3010524,7.9294026816745085
3010525,0.4090018213861038
3010526,10.773263170103172
3010527,8085.09102135442
3010528,0.3198443492995871
3010529,1338.3678675284414
3010530,35.078926574307246
3010531,1886.90891541312
3010532,2347.2248282727323
3010533,381.68041826664415
3010534,518.9211944984403
3010535,318.8373307662352
3010536,7599.424464066548
3010537,79.23733292789892
3010538,2.9008493065227325
3010539,43.88629897504314
3010540,54.807970261418745
3010541,1.1860776340431314
3010542,489.35553058384744
3010543,45.951534131555
3010544,38.34812804544503
3010545,22.6420207543187
3010546,152.40286197468956
3010547,21.804360575262905
3010548,746.1570414713364
3010549,463.9524400675532
3010550,21.090591230986583
3010551,28.617442025179265
3010552,1174.1485369227198
3010553,343.75524383002085
3010554,6331.704047941905
3010555,1.297871919343359
3010556,91.61612245457823
3010557,2.6405364404125016
3010558,0.01669851681692559
3010559,0.42666482970192304
3010560,1301.9458082199885
3010561,0.0
3010562,146.20937370246563
3010563,2.435228262606197
3010564,467.44047497658306
3010565,258.31628053998503
3010566,104.9271580751819
3010567,207.4792012735462
3010568,31.704005350589988
3010569,1784.0051491408155
3010570,2.5060094834699425
3010571,0.5720803898784834
3010572,10.944391095820732
3010573,7.585925329355938
3010574,0.14161161742224193
3010575,109.46066392844772
3010576,0.3303484673510898
3010577,0.17431045442860318
3010578,2.427982711864261
3010579,17.099930485046038
3010580,0.5943214490803912
3010581,55.64632450878946
3010582,94.76269537388825
3010583,1.419898079086452
3010584,3.131504710378625
3010585,85.07965858421316
3010586,19.892348929812265
3010587,317.28729778515157
3010588,0.1243450873701788
3010589,2.2741800006663215
3010590,6.763677354435537
3010591,0.25371947459912125
3010592,1.6648824563440767
3010593,2746.6220069533238
3010594,0.043149009991858216
3010595,465.8611168814963
3010596,6.335497793377889
3010597,1147.5447586356725
3010598,701.6880668297656
3010599,253.36756819951864
3010600,387.8023771864288
3010601,54.39139623448966
3010602,4231.615294899827
3010603,8.737219007641718
3010604,0.4600507854587399
3010605,16.95093860132661
3010606,19.925713879836515
3010607,0.28732685514397455
3010608,246.78363068346974
3010609,1.167715023414781
3010610,1.3579223645363951
3010611,8.509079291786616
3010612,13.194821472610187
3010613,1.2074817811318463
3010614,298.54705728926615
3010615,248.81157175712224
3010616,3.354629934432947
3010617,6.834723568299378
3010618,129.10085617302747
3010619,65.73162063722395
3010620,1124.269151141148
3010621,0.8375781689218338
3010622,3.855267536665388
3010623,1.3095067643719935
3010624,0.0
3010625,0.11355913378403039
3010626,823.0953489808859
3010627,0.0
3010628,103.56216978129075
3010629,1.5944869136391824
3010630,425.56978271392137
3010631,168.38292762330977
3010632,91.40383192128762
3010633,283.0994809004119
3010634,14.488479313168016
3010635,1603.256983165559
3010636,0.916619995184768
3010637,0.15198726475150207
3010638,4.47934202857947
3010639,2.873800824000089
3010640,0.0
3010641,81.06280906801055
3010642,0.0
3010643,0.0
3010644,0.514244245438022
3010645,12.175176973144131
3010646,0.193968185499628
3010647,50.96334510251874
3010648,84.20542443315942
3010649,0.31593572266379005
3010650,1.0338654909565297
3010651,48.34083352735643
3010652,10.400093878891699
3010653,144.17925451976785
3010654,0.03370086357616973
3010655,0.7335561573402236
3010656,6.297268944907325
3010657,0.052927164320295095
3010658,0.6295855724857788
3010659,1922.203162111367
3010660,0.0
3010661,252.1302194125257
3010662,4.9752388766538855
3010663,847.7951503242899
3010664,435.23380902509615
3010665,189.65122508755064
3010666,262.2220539999857
3010667,45.585425594650545
3010668,2867.633189971637
3010669,1.7562163072547121
3010670,0.46786005215871596
3010671,23.739788480580607
3010672,15.394692656947125
3010673,0.08590712613730647
3010674,189.5112360584424
3010675,0.0
3010676,0.0773229752887276
3010677,9.298503303964935
3010678,18.109369557381335
3010679,1.167252233969557
3010680,222.80329041115579
3010681,179.13596386406442
3010682,1.169973913307449
3010683,4.472438132355435
3010684,159.96163756850635
3010685,33.573554871617254
3010686,1017.6599781745853
3010687,0.1280759398428394
3010688,0.8223837427667495
3010689,3.1157139777474123
3010690,0.09639866459253936
3010691,2.038588218090654
3010692,2721.226493919766
3010693,0.02214005709885038
3010694,628.7198477539364
3010695,7.177279143718199
3010696,891.6795999065336
3010697,629.9233673644923
3010698,246.204620135496
3010699,156.51902877668851
3010700,68.22783979726512
3010701,3800.341221303565
3010702,3.5579857250167066
3010703,1.3431474167881237
3010704,20.34672016274779
3010705,31.337483461924712
3010706,0.41528387471306977
3010707,220.41528263563794
3010708,4.046990763855787
3010709,3.7566517648158007
3010710,5.208763955930109
3010711,18.73532728870504
3010712,2.1004404356564477
3010713,170.86830456202878
3010714,279.2199831284577
3010715,3.1938163257445256
3010716,5.453308352076251
3010717,133.05196461050826
3010718,30.933970845898656
3010719,744.5128850318988
3010720,1.9933078027329891
3010721,1.8316067853842117
3010722,3.7328088862921884
3010723,0.0
3010724,0.15260523347099086
3010725,1471.4985157481015
3010726,0.0
3010727,98.949186418684
3010728,1.5877113288126545
3010729,462.4642775717138
3010730,156.36347675242868
3010731,91.62259928642958
3010732,347.2307485381898
3010733,25.47303618100649
3010734,1801.9013489787396
3010735,1.810020891354756
3010736,0.25339064494884844
3010737,4.961771704965361
3010738,5.460959486721872
3010739,0.0706932863962056
3010740,102.04044041623904
3010741,0.0
3010742,0.0
3010743,0.3108437439158395
3010744,15.062947641931007
3010745,0.4939248941698057
3010746,145.5562774640033
3010747,85.69293726552024
3010748,0.5063406105882378
3010749,1.2416984821682946
3010750,42.12891511984402
3010751,14.998577211532577
3010752,283.468667377848
3010753,0.16845567563028302
3010754,0.11868518261603382
3010755,4.091678407112977
3010756,0.0
3010757,1.007986680376598
3010758,3151.5162689145363
3010759,0.0
3010760,490.9350343880784
3010761,5.512508976250013
3010762,910.3389729052485
3010763,620.361345403733
3010764,222.25323755077628
3010765,184.67672460528846
3010766,63.987657790870244
3010767,3746.99818571524
3010768,5.423241020348464
3010769,0.4028395390782785
3010770,15.286620090136264
3010771,13.295435547781764
3010772,0.15088776680649
3010773,207.14770154474283
3010774,0.0
3010775,14.498336646981558
3010776,2.3448266301803584
3010777,36.399345487635735
3010778,0.9705990098166797
3010779,192.3249812635262
3010780,231.0564705448154
3010781,2.512734695048896
3010782,4.819406250425542
3010783,111.13870117669379
3010784,46.93833448829136
3010785,1259.4129261344788
3010786,0.5849186933353365
3010787,0.5047414963030514
3010788,2.8446209065540202
3010789,0.0
3010790,6.095671930747696
3010791,2451.8855570094033
3010792,0.04573061306888857
3010793,539.644776659591
3010794,10.124397951844804
3010795,893.4067472357124
3010796,901.8800612378315
3010797,148.09051737507306
3010798,123.53048265874853
3010799,121.31753934916058
3010800,3367.7755029087307
3010801,43.413924196996525
3010802,1.15052179350524
3010803,17.580256875401805
3010804,23.015119862954002
3010805,0.14316673941904004
3010806,223.37703828575695
3010807,21.967930149510007
3010808,21.66096349023984
3010809,2.9381009333252606
3010810,61.78573464443612
3010811,7.7663433800138915
3010812,199.5409786615662
3010813,243.9832259092857
3010814,10.772409250115754
3010815,9.496282417768708
3010816,199.9970245181018
3010817,84.02627596476063
3010818,2462.4371740654888
3010819,0.21264166572919957
3010820,13.675067017258517
3010821,3.7484130676659992
3010822,0.005629063458375568
3010823,5.490794751972992
3010824,1911.3208028887032
3010825,0.055299463053473004
3010826,495.36975971854207
3010827,9.487280175482978
3010828,888.7002347730395
3010829,771.4261125584167
3010830,147.08983545976488
3010831,90.9514829869181
3010832,100.06879749400305
3010833,3226.2777143918647
3010834,19.725223577712587
3010835,0.8847146849135088
3010836,20.72386125762534
3010837,22.03626345447915
3010838,0.012139352271506615
3010839,254.72529588614535
3010840,20.193305079187766
3010841,10.325525677006654
3010842,5.911754655762167
3010843,57.589667362306855
3010844,7.611078892768093
3010845,142.74661631892943
3010846,286.6913538698575
3010847,7.133091602389673
3010848,8.399632903098492
3010849,127.1697094898949
3010850,80.4245397985807
3010851,1745.8929014989078
3010852,0.22964650447201596
3010853,11.444789617024055
3010854,6.527161447245197
3010855,0.20705357353387036
3010856,3.3530143877074554
3010857,3462.495585313278
3010858,0.05635469824954038
3010859,807.0474742175412
3010860,7.490926949803173
3010861,1403.4345253187519
3010862,752.3683098428621
3010863,229.5620576291572
3010864,868.491664437584
3010865,58.98248209944857
3010866,5159.8401208332
3010867,28.48884762558314
3010868,1.3127635251552725
3010869,19.92917611053808
3010870,21.55710978854198
3010871,0.2511716196799846
3010872,317.43633437489535
3010873,5.024867424217764
3010874,12.794247987558661
3010875,5.928637125187441
3010876,34.30275689825912
3010877,3.1227962250893366
3010878,150.21629589475234
3010879,307.01172255038864
3010880,6.3943766107159785
3010881,8.615552861410853
3010882,181.79141923830426
3010883,67.82162565470838
3010884,1350.2966394388905
3010885,8.875987642770554
3010886,8.497562744658293
3010887,2.7685464112171223
3010888,0.0
3010889,5.844480193104272
3010890,2498.3777508180833
3010891,0.044697914154922164
3010892,409.43279399820824
3010893,6.006001382256224
3010894,821.1606192128323
3010895,834.7461330880017
3010896,207.22424453087547
3010897,131.64472759842528
3010898,80.30298200138596
3010899,3055.7545487326333
3010900,16.142557751825372
3010901,0.8752013175548421
3010902,9.897639725172013
3010903,8.610641325181527
3010904,0.19612758383713755
3010905,212.8500612222312
3010906,19.770654133879596
3010907,10.887935253675726
3010908,1.5897267467256646
3010909,39.94272659391629
3010910,5.342822774840792
3010911,292.3839577799393
3010912,217.41746259384976
3010913,7.52747695194846
3010914,7.917950516447217
3010915,361.222585590005
3010916,60.77648660452727
3010917,1914.1484539918497
3010918,0.08442561637443759
3010919,22.72417353402979
3010920,3.539572319500153
3010921,0.21553658274134835
3010922,0.968406054473189
3010923,3879.6472936151836
3010924,0.037295446111276775
3010925,482.12566545175343
3010926,5.9037220717140535
3010927,1594.044688807104
3010928,701.7895287727207
3010929,325.12529477118613
3010930,246.77167874859126
3010931,51.312626866520354
3010932,5494.91900808285
3010933,9.484743754987438
3010934,0.7854700854526664
3010935,23.057891672184788
3010936,19.34184749877142
3010937,0.2199976753599031
3010938,360.7662559000812
3010939,0.0
3010940,0.4220740935630357
3010941,7.621533968246025
3010942,27.062369808115978
3010943,1.7351439561245212
3010944,119.81610317218997
3010945,310.59658381218554
3010946,2.2788724013666
3010947,7.068813974798626
3010948,153.00439614067145
3010949,52.75920188787939
3010950,1100.5660845400944
3010951,0.16624687972928975
3010952,2.6990723550461095
3010953,4.027768139247424
3010954,0.049630345068853894
3010955,6.248330985759571
3010956,2161.684690956346
3010957,0.10818674609648274
3010958,537.9707001524331
3010959,9.927879355428407
3010960,917.2549911150951
3010961,754.7992210633458
3010962,221.39367488667935
3010963,121.90886254054924
3010964,108.81009190404234
3010965,3337.2719994184777
3010966,24.307767097628236
3010967,0.8927400211289855
3010968,16.15084093601521
3010969,26.17887200703576
3010970,0.24873691921281996
3010971,223.2415024757659
3010972,11.602759452051451
3010973,17.150378337294157
3010974,5.662769327059252
3010975,41.25655978352888
3010976,8.397823563975342
3010977,177.67562824691547
3010978,290.4023016143908
3010979,10.693327308781845
3010980,11.170559196922575
3010981,154.6730704804228
3010982,54.19268432019126
3010983,1675.8297178937066
3010984,0.3958180855574692
3010985,6.107969454348388
3010986,3.5648594293002818
3010987,0.1754937278709837
3010988,7.52355765027111
3010989,2422.4583809091373
3010990,0.2060740127298286
3010991,649.4458762348346
3010992,9.55300591873541
3010993,792.4261416707366
3010994,878.0993898090551
3010995,184.21549101082564
3010996,174.60327178405421
3010997,108.82822221485159
3010998,3601.4663686518384
3010999,39.2259703726368
3011000,0.8414820845936484
3011001,14.775275624692936
3011002,17.9835858587655
3011003,0.22774354857563772
3011004,196.69130287666735
3011005,16.915533761177276
3011006,43.44064653991941
3011007,6.452675257578022
3011008,72.0186467310459
3011009,9.509314558842245
3011010,230.7599615135937
3011011,224.85343316203262
3011012,10.968143589652252
3011013,11.59049801251553
3011014,343.2037782836609
3011015,97.40396550662773
3011016,2508.7470063451383
3011017,0.5652332616739144
3011018,11.745023185913876
3011019,4.212283940383479
3011020,0.04637803448267384
3011021,2.1759582044323413
3011022,4178.674560113606
3011023,0.03814758531798934
3011024,469.2613561077494
3011025,8.339681005426078
3011026,1100.4398934338333
3011027,545.2784946894341
3011028,293.99610040152635
3011029,231.64010480390345
3011030,33.98460937106777
3011031,4252.171908986652
3011032,4.112054325919741
3011033,0.5017542944621847
3011034,17.22016454166743
3011035,17.52648633059191
3011036,0.08726449089689076
3011037,223.0680479290902
3011038,0.0
3011039,3.1508594760436717
3011040,1.76712071316702
3011041,40.43928767958082
3011042,1.8275382773719122
3011043,169.32830486058987
3011044,247.41290901131111
3011045,2.336801000009904
3011046,3.970669332177539
3011047,181.92873046082266
3011048,81.69111516819636
3011049,786.1291426947107
3011050,1.5245491823995434
3011051,0.4573581637496245
3011052,15.080209229992786
3011053,0.14117671244486732
3011054,13.985834851036675
3011055,9062.418030454874
3011056,0.3037171455664688
3011057,1582.0214273415388
3011058,26.293846777033433
3011059,2232.371182071699
3011060,2543.8484131081327
3011061,519.2957640588476
3011062,638.401604544382
3011063,406.9605905017165
3011064,8458.12632715351
3011065,73.50867911750021
3011066,3.279941485280493
3011067,67.29455535392073
3011068,90.9046429145859
3011069,1.138080536031735
3011070,531.1875846239213
3011071,37.08773744911693
3011072,16.515337845845174
3011073,27.59642454544771
3011074,209.0144693386408
3011075,20.216065082780194
3011076,858.2367593490065
3011077,487.63457781805687
3011078,30.971053463022354
3011079,38.17368441124978
3011080,1167.652108828087
3011081,380.0926736808326
3011082,8090.960772229482
3011083,138.51434241503904
3011084,91.5967675043104
3011085,11.828823325749928
3011086,0.044869037281309164
3011087,13.218625874708048
3011088,8285.351412750324
3011089,0.24094411297478738
3011090,1383.3708611168245
3011091,27.049818126066608
3011092,2176.7883542477352
3011093,2258.7301504070133
3011094,593.7699355903311
3011095,350.33431159413556
3011096,298.2855542139454
3011097,8740.558508925644
3011098,82.41264189325693
3011099,1.0288684881800152
3011100,42.24724114571175
3011101,73.15612299402679
3011102,0.7922061433419241
3011103,592.7986757199811
3011104,24.017722744257572
3011105,23.70591340137011
3011106,7.401847235372566
3011107,103.49988037648136
3011108,14.15834377346829
3011109,982.156163144931
3011110,615.2551038949774
3011111,25.234793248510808
3011112,28.127836639094237
3011113,1064.1007914064649
3011114,247.34364729929624
3011115,5119.9706625646395
3011116,126.37151571233353
3011117,76.45023925857713
3011118,9.5821369933536
3011119,0.0
3011120,14.677103777189425
3011121,5203.549438035844
3011122,0.07579522969743682
3011123,851.3890015841401
3011124,17.602588349300547
3011125,1909.890490834353
3011126,1478.644771753536
3011127,678.9519738379392
3011128,155.09733328540875
3011129,190.76257847912288
3011130,7351.644605079994
3011131,37.90920603692481
3011132,1.038886633084433
3011133,22.008538494388155
3011134,40.198926858624546
3011135,0.664874208877076
3011136,484.11434353024583
3011137,26.56372893442787
3011138,16.235895223001965
3011139,7.325962881266964
3011140,77.58956776674657
3011141,7.256826009518013
3011142,881.5952557811665
3011143,601.6823261771583
3011144,22.230417382238343
3011145,25.371275133710064
3011146,776.0412453734017
3011147,132.43640871688083
3011148,2239.1644595498647
3011149,103.60407436640058
3011150,37.849902216481354
3011151,11.998814115524663
3011152,0.07802612397838057
3011153,16.04215318780369
3011154,7832.705546396205
3011155,0.26505748633572246
3011156,1312.4131996038072
3011157,22.18812033575736
3011158,2150.919201307564
3011159,2244.104866738583
3011160,616.1500774078374
3011161,342.24036482675086
3011162,255.5887488910206
3011163,8561.91098977608
3011164,56.35878697095267
3011165,1.5815143119568638
3011166,42.267041462709805
3011167,63.008593210995556
3011168,1.0576287253419112
3011169,595.5623245557276
3011170,36.66404344939503
3011171,20.391642245345665
3011172,8.409023343996592
3011173,111.09534877225937
3011174,11.546711984827342
3011175,823.3847203510907
3011176,634.9035862549736
3011177,24.06178182979358
3011178,26.682848860832856
3011179,1024.534933876543
3011180,220.65793632860638
3011181,4768.717957365228
3011182,109.39400608541719
3011183,71.418518672909
3011184,8.4316835520177
3011185,0.0
3011186,13.258122641763245
3011187,3959.5956592299513
3011188,0.019343318961278378
3011189,676.0494356396829
3011190,14.1030675392302
3011191,1617.4008805092262
3011192,1121.3074856090632
3011193,513.124456129951
3011194,110.61000323833326
3011195,123.67797627216693
3011196,6396.5964441839815
3011197,34.69589029437692
3011198,0.5070525549543874
3011199,24.19905797514797
3011200,29.706339743553492
3011201,0.3279849022660632
3011202,447.4357738308149
3011203,26.1200486232969
3011204,8.017832167092871
3011205,3.6323918550168752
3011206,46.948768548216904
3011207,4.68670901106638
3011208,709.4313872990083
3011209,538.7737288548897
3011210,15.856437724355448
3011211,17.117963759783006
3011212,574.4059482911606
3011213,84.71662285301151
3011214,1431.293374166925
3011215,121.25809898209569
3011216,19.77069742616359
3011217,10.039663273443242
3011218,0.07667686482529643
3011219,9.998353916826412
3011220,7623.3804534167675
3011221,0.2656022909071638
3011222,1376.9853342190006
3011223,27.87850315022912
3011224,1893.373846311579
3011225,2386.067841223519
3011226,436.0671832619209
3011227,476.21932863420074
3011228,327.750434191404
3011229,7419.264027109438
3011230,66.46543180447688
3011231,1.8062345430877893
3011232,41.175576808826484
3011233,47.53941317797947
3011234,0.8900739364769796
3011235,457.7203620167149
3011236,24.18091731795658
3011237,21.048484145271566
3011238,7.861747249893513
3011239,156.53983121082305
3011240,15.520811716022298
3011241,760.5778391648292
3011242,458.5098132242199
3011243,22.628182696473047
3011244,32.88983080622322
3011245,922.3655095488504
3011246,273.942415929618
3011247,6898.234617957541
3011248,93.2015483459287
3011249,76.55458282966495
3011250,3.9914420868121594
3011251,0.11566431531510998
3011252,6.997576107927652
3011253,1812.20465837622
3011254,0.15735035941506448
3011255,339.5624208690847
3011256,15.614844326914323
3011257,794.436375960792
3011258,540.954375674393
3011259,209.00141380651607
3011260,93.96474756156435
3011261,87.39385678918526
3011262,2612.9291257490195
3011263,15.838717773349792
3011264,0.6947871063802902
3011265,15.87048524755911
3011266,24.254805928675395
3011267,0.2398795416875942
3011268,204.31560088615447
3011269,12.041084469893663
3011270,3.9894958963788163
3011271,9.523195304372868
3011272,37.94298286855331
3011273,6.824386901929666
3011274,231.25440133886184
3011275,227.3470442863828
3011276,3.821618363024453
3011277,8.313335079088876
3011278,212.04099987155115
3011279,67.60528743758931
3011280,1365.6768750801027
3011281,0.23668074012177412
3011282,8.716916055239226
3011283,8.355676276442049
3011284,0.0
3011285,10.409191730768665
3011286,3878.952260749829
3011287,0.1396638394707839
3011288,609.0178774154637
3011289,22.71458527934029
3011290,1348.823674655363
3011291,1004.9114664405357
3011292,427.4088193806148
3011293,99.5186570582481
3011294,119.94707653159067
3011295,5735.596481621669
3011296,42.4030644366415
3011297,0.8377946599674018
3011298,31.642494649258566
3011299,46.21321647459333
3011300,0.28360019707423795
3011301,381.66426223786016
3011302,18.947716373763118
3011303,5.191517329373288
3011304,3.4587544635463736
3011305,76.49991790382103
3011306,8.023370375375363
3011307,505.7644771633514
3011308,428.72852451558765
3011309,10.501670242141705
3011310,19.52466035969089
3011311,350.32465471263794
3011312,82.5410384048227
3011313,1902.7138740253
3011314,103.30534904335914
3011315,16.39808532079255
3011316,5.401760084124739
3011317,0.0
3011318,5.980702567195535
3011319,4874.94391849523
3011320,0.054516968155391775
3011321,887.87211734616
3011322,11.75906726696244
3011323,1285.1448310006292
3011324,1437.3048539547724
3011325,253.2072563907726
3011326,302.12697408976476
3011327,205.39902363434229
3011328,4670.910544062961
3011329,29.490608877623597
3011330,1.1023374322433295
3011331,19.20997949852481
3011332,32.18366678597335
3011333,0.5139225966664678
3011334,312.8696404702369
3011335,2.3089377319342494
3011336,30.682278723195378
3011337,4.2717103010134405
3011338,93.06926483638678
3011339,8.07847261135965
3011340,588.8505368007268
3011341,276.45934178570417
3011342,20.109501597737324
3011343,11.683868288153638
3011344,649.4814023581907
3011345,133.35670766088907
3011346,4399.967589553044
3011347,1.9275287951855669
3011348,39.848111121428246
3011349,4.9121690367142685
3011350,0.4755349845621099
3011351,9.378978666949777
3011352,3460.2467679547703
3011353,0.4420280328256437
3011354,1088.4528992475919
3011355,5.350053259107895
3011356,1338.6792107251483
3011357,920.890718671226
3011358,406.04126355640017
3011359,34.919911401496364
3011360,22.101225176119506
3011361,4690.326289674799
3011362,26.351524836134573
3011363,1.6243635588814942
3011364,24.281268187245406
3011365,28.12434048420801
3011366,1.006069885877308
3011367,291.70962768326876
3011368,4.453709873606115
3011369,39.051772934815745
3011370,3.939696857122975
3011371,127.62661803004801
3011372,5.2949146753098875
3011373,80.4172984851134
3011374,400.58845801043714
3011375,9.983576568674243
3011376,14.744542262062318
3011377,143.66323963496077
3011378,54.2985269036227
3011379,3869.344158182258
3011380,3.037426594615292
3011381,3.6630500512123803
3011382,7.30377340443242
3011383,0.16389430905201482
3011384,6.270947632790394
3011385,2142.9442164390152
3011386,0.14572119862291427
3011387,506.13676565117504
3011388,7.5058308046876
3011389,896.7415799400744
3011390,573.4106936050067
3011391,238.01567184739181
3011392,167.63491525142757
3011393,155.45222657954466
3011394,2671.1981255911082
3011395,13.548199824372148
3011396,1.082360493408859
3011397,14.43451459213825
3011398,22.308244728893413
3011399,0.3214161312141233
3011400,210.97666149943197
3011401,3.4268098349493616
3011402,7.470449717623177
3011403,4.360708209179259
3011404,62.8943765242225
3011405,3.5470026684945006
3011406,286.54920711704784
3011407,250.65727218109976
3011408,6.247875486604931
3011409,7.661463777215806
3011410,227.32144968803883
3011411,86.67100179255573
3011412,1786.6566047451474
3011413,0.8189944398293125
3011414,4.0632610875814965
3011415,4.821118410030037
3011416,0.11179322692037418
3011417,1.3761594302170672
3011418,1870.0463678111394
3011419,0.0
3011420,227.53463115614622
3011421,2.863105997812901
3011422,991.8676884479474
3011423,229.3409802664507
3011424,222.17714750801426
3011425,101.22324209690703
3011426,21.13271705603746
3011427,3027.2255495449485
3011428,4.917875171578243
3011429,0.4404333340141984
3011430,16.12221079236123
3011431,12.946954817782
3011432,0.09518356072573636
3011433,201.3100028952627
3011434,0.0
3011435,0.0
3011436,2.206520226827116
3011437,10.820897299756847
3011438,0.6791249774508779
3011439,57.457321788538366
3011440,181.46099167880897
3011441,0.38112845266692014
3011442,3.065950067973608
3011443,48.01569657255188
3011444,55.003232509289774
3011445,303.10264268959105
3011446,0.20287101110686093
3011447,1.0646847428667647
3011448,3.6437818533640396
3011449,0.0
3011450,6.8858563447713355
3011451,3567.7131367139036
3011452,0.0
3011453,559.4389658671552
3011454,9.703271735119213
3011455,1125.0308140923223
3011456,1009.4559138290149
3011457,331.20400743775946
3011458,167.12315977440494
3011459,131.2716987552522
3011460,4487.54045021323
3011461,31.025029905489518
3011462,0.6500465903923267
3011463,18.85863636508238
3011464,38.83938237930551
3011465,0.11734766494792657
3011466,308.6589792583341
3011467,25.17653309204305
3011468,9.425462331201599
3011469,12.69293845597171
3011470,38.4156148719557
3011471,6.44361631842568
3011472,408.61866988189894
3011473,308.36668726770705
3011474,10.034843416999788
3011475,11.544963253907309
3011476,502.97497756541435
3011477,95.65022637633551
3011478,2082.6772386870543
3011479,0.11725507301274223
3011480,30.248038819866228
3011481,4.061652288971967
3011482,0.035507725324287295
3011483,7.4185285753266506
3011484,4727.520593963992
3011485,0.1493962469782309
3011486,819.8565176939261
3011487,15.420853768036753
3011488,1163.055472392592
3011489,1473.3375591941597
3011490,206.97228094278444
3011491,321.0374851004742
3011492,206.69086989205633
3011493,4429.674811524427
3011494,39.79968118333943
3011495,1.926022367756492
3011496,19.240105624647658
3011497,33.81834915635743
3011498,0.5977167091394477
3011499,277.91487952356727
3011500,14.09325076495092
3011501,32.247302043693516
3011502,6.152626096114309
3011503,112.63120218396938
3011504,11.62088612118542
3011505,526.5760141038693
3011506,258.6847649182863
3011507,9.67904876105115
3011508,13.278284639019104
3011509,671.5866263480954
3011510,161.80975907783707
3011511,5490.323918423726
3011512,0.35178767604108807
3011513,46.558271034585275
3011514,4.2121536483659145
3011515,0.09999885569071935
3011516,9.446602521503388
3011517,4429.926467133038
3011518,0.12970039498372457
3011519,845.1698363844351
3011520,20.254613516092867
3011521,1171.6195684308918
3011522,1430.1099302526222
3011523,276.737446267646
3011524,282.6023274221293
3011525,165.89982882810844
3011526,4641.414936769933
3011527,36.47159601887988
3011528,2.1418636073961546
3011529,33.202828557184006
3011530,40.591726658579425
3011531,0.7087440026692617
3011532,343.46402939357284
3011533,36.653520553370576
3011534,26.451672547957973
3011535,25.18288238964717
3011536,99.00217109485783
3011537,14.255491580845517
3011538,391.7724807081544
3011539,312.8826514609689
3011540,17.777299867899593
3011541,19.818588431100544
3011542,514.7650133112492
3011543,153.79788562388595
3011544,3902.1779930147986
3011545,0.5239035325929815
3011546,38.73057426658711
3011547,9.443613117622238
3011548,0.15556159553405904
3011549,7.021425019618336
3011550,3706.892257271912
3011551,0.0
3011552,575.0903794667322
3011553,9.797652158352394
3011554,1469.0052195665237
3011555,840.8944141722495
3011556,565.378951269247
3011557,251.10396566725098
3011558,67.01917842321025
3011559,6150.99175792498
3011560,6.777057858342644
3011561,1.106124929520194
3011562,28.68896841954085
3011563,32.07407733922393
3011564,0.11442232712362269
3011565,424.17717095007225
3011566,11.78428314920992
3011567,3.744038184224128
3011568,5.470591936275002
3011569,35.088946251108446
3011570,3.166940627553923
3011571,345.3184674099104
3011572,378.3429705097382
3011573,5.767617108620195
3011574,10.134432948898022
3011575,416.6061404933862
3011576,82.76783271494212
3011577,1162.3330490521907
3011578,68.08621813007966
3011579,12.263520596104641
3011580,3.1054238492415944
3011581,0.050357461832500526
3011582,2.7920810186221297
3011583,2190.495548840859
3011584,0.13067605074444943
3011585,396.58432119463964
3011586,12.694077363457927
3011587,671.1582811941201
3011588,768.7299076337065
3011589,143.44776162700856
3011590,142.58833473895808
3011591,113.16657921114088
3011592,2501.47496268074
3011593,22.14542179917852
3011594,1.5631220631649732
3011595,14.045578959742409
3011596,26.054999242615732
3011597,0.3267444256160273
3011598,182.30876358084979
3011599,15.960179314413178
3011600,14.121445925491237
3011601,5.154038888183283
3011602,64.12796179621459
3011603,7.313348352723544
3011604,271.24879903983947
3011605,165.14428292810146
3011606,7.464130000523575
3011607,14.102587700253604
3011608,295.3920040200111
3011609,84.30517794069883
3011610,2153.215653507339
3011611,0.14692601030840988
3011612,21.366192101741234
3011613,1.6709796534923584
3011614,0.05939027963584295
3011615,0.5441724011272793
3011616,1057.2867131904914
3011617,0.0
3011618,99.46547455530903
3011619,2.291946754387573
3011620,607.1868795723584
3011621,237.90554907774353
3011622,200.77491512845955
3011623,33.39356354745447
3011624,22.42938217449297
3011625,2191.5847570026563
3011626,1.923488409451033
3011627,0.1742644580544644
3011628,5.313096578382796
3011629,7.191344366308611
3011630,0.0
3011631,146.68495960069686
3011632,2.755958713374544
3011633,0.0
3011634,0.8414543196317683
3011635,5.675238115035723
3011636,0.34821440247191054
3011637,137.57881618569698
3011638,139.54083655558273
3011639,0.6478393344149842
3011640,2.3957274150801786
3011641,119.19677952252538
3011642,16.403135859279285
3011643,270.4108983367574
3011644,3.6716582126091026
3011645,1.5740205157353286
3011646,5.64507701164329
3011647,0.22729502581983096
3011648,5.217071771851799
3011649,4311.722600860195
3011650,0.046135508872565796
3011651,575.6415491609174
3011652,11.215746991527622
3011653,1598.2920366580609
3011654,609.2873392397387
3011655,432.3346506300391
3011656,117.3808198725326
3011657,61.51508985910243
3011658,6097.967770653765
3011659,14.488684828716025
3011660,0.6302697857574229
3011661,23.383744299995872
3011662,22.098717324063568
3011663,0.23536795344948402
3011664,389.9764478635433
3011665,9.890846885039196
3011666,2.654045349710504
3011667,6.742816208599015
3011668,23.11385178030383
3011669,2.6285720759080617
3011670,570.0550054311221
3011671,333.28574178167264
3011672,2.350578688745959
3011673,10.537820230324327
3011674,386.5592049423348
3011675,57.679970328188766
3011676,1942.131391679559
3011677,7.223278345520127
3011678,5.986027827711775
3011679,4.4684987846089665
3011680,0.13553279251801895
3011681,0.8149348148436519
3011682,1639.7655977765041
3011683,0.0
3011684,183.97596388565088
3011685,7.747938229849444
3011686,728.7398667530811
3011687,387.13089736095924
3011688,222.73163829556168
3011689,66.46305309100154
3011690,32.64662256102125
3011691,2722.9821223881513
3011692,4.683045932557961
3011693,0.706722508843012
3011694,12.566652989910388
3011695,11.965642513865262
3011696,0.14898531701269926
3011697,160.44430430075477
3011698,1.5394018124481659
3011699,0.10969406372434219
3011700,6.939923438989964
3011701,25.363286437934637
3011702,1.3909847729222706
3011703,148.78548489075865
3011704,152.91310603225506
3011705,1.0435615693881157
3011706,4.8227361779745035
3011707,159.85068336477104
3011708,37.33548328603908
3011709,511.03886493017023
3011710,6.466493963288195
3011711,2.74002135422965
3011712,3.466754330936455
3011713,0.0
3011714,1.4527248543573203
3011715,1312.211342156522
3011716,0.0
3011717,119.67926949916318
3011718,3.870988126441082
3011719,594.4391035599976
3011720,233.97884363725234
3011721,141.26773288538908
3011722,35.44537774006641
3011723,22.289474460918118
3011724,2374.3666562332314
3011725,4.758003779943616
3011726,0.1851446991043656
3011727,7.284151253726877
3011728,7.621036226807538
3011729,0.01717521731464077
3011730,130.253406910584
3011731,2.597346572314831
3011732,0.0
3011733,1.4246687199646635
3011734,14.743957749043599
3011735,0.6367560453102061
3011736,134.74397945678834
3011737,141.5256315528869
3011738,0.5339691213981954
3011739,2.966502158416369
3011740,84.96570412692488
3011741,21.903336540159923
3011742,207.237099418541
3011743,6.468919966602768
3011744,1.2440629691481533
3011745,2.4527998334988954
3011746,0.05122311489662416
3011747,0.514613069829164
3011748,1224.0719808115439
3011749,0.0
3011750,153.32537021652124
3011751,4.988377920488431
3011752,859.2910756175136
3011753,344.62121808795763
3011754,226.48736595901684
3011755,30.60367967540945
3011756,25.951583345419557
3011757,2453.931279690012
3011758,3.2643739921716763
3011759,0.1014884422302019
3011760,8.446339813526869
3011761,11.78856217311119
3011762,0.00010051878440729423
3011763,188.4276584582565
3011764,0.39116729681974904
3011765,0.0
3011766,2.0047141907612795
3011767,13.870313562071232
3011768,1.1127585920776353
3011769,199.92293394459742
3011770,229.2494752499601
3011771,0.6585857333738212
3011772,4.26472472944435
3011773,57.32421229748626
3011774,44.64947521363086
3011775,407.2338139881019
3011776,5.0474612663495035
3011777,2.245978084879347
3011778,2.5076053065181783
3011779,0.5256078929972905
3011780,1.2863883539309984
3011781,1737.575604375936
3011782,0.03988432031671669
3011783,161.7605802394345
3011784,4.291556841112086
3011785,827.7090702830475
3011786,343.8745194648345
3011787,293.3841106507113
3011788,77.76333154772303
3011789,47.42320500219217
3011790,2935.833709633134
3011791,6.620102474168081
3011792,0.6462559985685437
3011793,14.66941711960458
3011794,18.50720050655886
3011795,0.0993875962797899
3011796,217.9233648690263
3011797,8.84396494980653
3011798,0.11885810410004986
3011799,3.688474422513898
3011800,15.294495715698812
3011801,1.4347820739609678
3011802,134.1562706248299
3011803,189.6400854231421
3011804,0.7399876686386697
3011805,4.7870526134515226
3011806,134.24743664890337
3011807,39.67433740549109
3011808,939.206005164431
3011809,10.877022650618759
3011810,4.817948046220675
3011811,2.9228242598508554
3011812,0.0
3011813,0.20295078205401917
3011814,1073.7445054113023
3011815,0.0
3011816,126.66963924178664
3011817,3.244811856290764
3011818,587.4463492774638
3011819,204.87966469473037
3011820,141.11862723142005
3011821,120.1692246798858
3011822,20.63170187963195
3011823,1822.1349333933779
3011824,2.865571688260295
3011825,0.1641067115825544
3011826,8.735691879070995
3011827,8.99807958078633
3011828,0.0
3011829,141.844881026968
3011830,0.0
3011831,0.0
3011832,1.2087247170769633
3011833,14.077618800039733
3011834,0.7344218254486701
3011835,55.838653660498096
3011836,118.97302588873751
3011837,0.5343514085192393
3011838,2.119375196024486
3011839,65.53970686591151
3011840,26.379612239255046
3011841,694.8925487566108
3011842,0.008697530350918551
3011843,0.9080844404396626
3011844,5.997347885630741
3011845,0.17770769433231962
3011846,2.9051989386527253
3011847,3517.4826522917724
3011848,0.0051239490186756565
3011849,335.7501108876637
3011850,5.929063291325248
3011851,1036.9138461051461
3011852,707.8335726200376
3011853,490.70097945043256
3011854,195.39510865220498
3011855,74.50351300336413
3011856,4581.42655873461
3011857,7.658193680427722
3011858,0.6474234279380244
3011859,21.521565433095052
3011860,18.141374206701755
3011861,0.24060901073997965
3011862,282.58166787717613
3011863,1.0562630589469943
3011864,0.15569895420202773
3011865,5.074449423600496
3011866,22.66413416091564
3011867,1.9017789505335787
3011868,283.16942787621997
3011869,230.97440588826575
3011870,1.7336015097838096
3011871,7.63862005733661
3011872,318.26213440825853
3011873,65.35922591859723
3011874,2003.833096004961
3011875,4.657604623771152
3011876,10.102690573975222
3011877,0.061640464192675326
3011878,0.09000196869912885
3011879,2.0713707619175
3011880,502.3892890061105
3011881,0.0
3011882,116.9758632918478
3011883,1.9122430976314115
3011884,160.2424485644598
3011885,172.79331731918867
3011886,54.489349302556406
3011887,33.280458746003404
3011888,2.2708084017738113
3011889,909.0056647571258
3011890,1.9012421134957833
3011891,0.5004151342415382
3011892,6.593901792856269
3011893,5.9653950893101015
3011894,0.006771346295321827
3011895,61.38591567736171
3011896,3.1279073380970495
3011897,4.259081125858811
3011898,2.194085510577072
3011899,20.457519800118796
3011900,1.5234421704192576
3011901,3.4736921762724506
3011902,41.944843368128915
3011903,1.7434795783216344
3011904,2.6870270511820378
3011905,6.937945339160555
3011906,3.6872087299659198
3011907,658.7670879810408
3011908,29.613432187365884
3011909,1.0526796960716482
3011910,5.016491989341675
3011911,0.038142206886063915
3011912,1.9320268984673659
3011913,2062.1266734940095
3011914,0.008848688307277332
3011915,154.36489172326074
3011916,5.437491419170283
3011917,745.9353917281102
3011918,298.69697250686505
3011919,249.89507132672287
3011920,53.148587961431204
3011921,39.64552399210158
3011922,2948.43308083761
3011923,7.738349811754524
3011924,0.7597833109130099
3011925,11.76061206811245
3011926,10.709843118487212
3011927,0.09321796935619835
3011928,164.8514778268368
3011929,6.620651614240296
3011930,0.06393399957036641
3011931,3.1176673146952503
3011932,14.581408527688197
3011933,1.5396793400053226
3011934,133.15965516281358
3011935,156.92034938445607
3011936,0.9943784868579841
3011937,4.645193892875757
3011938,98.25721335070018
3011939,32.26689776055003
3011940,526.0686457256721
3011941,10.988730800579212
3011942,3.2140377442168377
3011943,4.006194927635223
3011944,0.03203322376620533
3011945,6.211555636834898
3011946,2698.225480042602
3011947,0.10433656404370367
3011948,550.2694752625282
3011949,9.590636156900265
3011950,866.4517167974633
3011951,896.9819648201678
3011952,228.14721344394533
3011953,161.24966301689847
3011954,101.21383634717873
3011955,3709.039293095333
3011956,27.611269100567526
3011957,0.928112047196451
3011958,16.64029903921368
3011959,12.782587959919868
3011960,0.26779170165516786
3011961,243.99590317187753
3011962,23.191591652679744
3011963,9.371966872881305
3011964,4.463132555807053
3011965,52.30339230652392
3011966,6.742412504223747
3011967,390.96261329867525
3011968,243.33830041638254
3011969,9.219836207052433
3011970,8.586725709459522
3011971,416.5041579905939
3011972,94.55949034337944
3011973,1982.432690695516
3011974,0.31681029361891544
3011975,23.46317158967332
3011976,4.844347038566074
3011977,0.295254508526902
3011978,4.008930278227446
3011979,2586.49611521728
3011980,0.05504380582472538
3011981,375.353170732352
3011982,5.182034577459522
3011983,1059.975100769214
3011984,608.8080111342798
3011985,456.55132938096483
3011986,89.91620498264574
3011987,101.41341850165884
3011988,3700.0959482858643
3011989,8.520797187567965
3011990,0.42275293197655694
3011991,11.127965623774214
3011992,13.153014657072278
3011993,0.1111936367171199
3011994,261.39234011902636
3011995,4.0592817823378615
3011996,11.747055887241658
3011997,2.732356165632794
3011998,18.641580596556246
3011999,1.333838614214192
3012000,233.01839230264335
3012001,295.21790082166524
3012002,3.274053044637858
3012003,4.65561772036313
3012004,244.13503172640054
3012005,85.88464684700624
3012006,1237.025252275358
3012007,11.737359215403771
3012008,5.361171314737434
3012009,8.0043589506062
3012010,0.3964296026410913
3012011,5.022983494268154
3012012,2707.9071647445576
3012013,0.11859870811428404
3012014,504.17070090758955
3012015,5.410185765141804
3012016,1140.5588909724227
3012017,574.1933523737331
3012018,312.3947098468018
3012019,233.8856266411858
3012020,99.97276393809108
3012021,3955.1419371678685
3012022,12.704222228893402
3012023,0.7634022286656106
3012024,23.0264839819426
3012025,25.262034293739337
3012026,0.21818925688285332
3012027,260.87208480039175
3012028,3.056021675895513
3012029,6.184255131262577
3012030,8.017849480455583
3012031,41.55581475093243
3012032,2.464069440042885
3012033,143.55023099217996
3012034,266.3366994307815
3012035,2.932585938886343
3012036,10.502030141244814
3012037,187.6108897101421
3012038,144.01824621561062
3012039,1932.724273617893
3012040,0.8783893729426198
3012041,4.951820368735965
3012042,3.621260496132625
3012043,0.17617378341450246
3012044,1.1347137230674482
3012045,1212.185012498661
3012046,0.02208087860996348
3012047,160.17752484424093
3012048,6.1959306290741605
3012049,577.0099247405792
3012050,277.0681571423762
3012051,159.7348021136281
3012052,69.12915366796105
3012053,33.544914204844524
3012054,2222.42560728443
3012055,5.108414114808705
3012056,0.5281065529260445
3012057,19.4930945749526
3012058,17.314918772226964
3012059,0.16259259121833966
3012060,144.52037933965593
3012061,0.7791022320149805
3012062,0.34219314300717973
3012063,4.222929979307143
3012064,25.672159158858424
3012065,2.670891444605141
3012066,70.03114690882173
3012067,132.239870536556
3012068,0.9165283554548138
3012069,5.070767525783608
3012070,88.87629230779955
3012071,36.2835239380859
3012072,681.1957954589234
3012073,7.407494321923567
3012074,2.0467208020740526
3012075,1.8045713578119775
3012076,0.0
3012077,1.8690361234878892
3012078,1453.4420431153944
3012079,0.06338308647978326
3012080,258.61898496710165
3012081,9.859157564169298
3012082,518.4878760537138
3012083,461.72087315773757
3012084,129.2419214070552
3012085,48.59561497417916
3012086,52.01016641232262
3012087,2020.3890511973013
3012088,28.000708821395815
3012089,0.11854511511453454
3012090,7.027654015869958
3012091,13.514388869948482
3012092,0.14380377052918486
3012093,127.12850025508308
3012094,10.500861160066203
3012095,1.2170119161783375
3012096,3.8380407240142027
3012097,35.578670590874836
3012098,3.7534916357564043
3012099,518.1207665536684
3012100,135.8962606793706
3012101,3.217031591877209
3012102,4.312587905165128
3012103,268.98137308185585
3012104,35.008262337003785
3012105,1134.8921598661238
3012106,0.0320891658225792
3012107,11.485985931110534
3012108,2.9261958688187293
3012109,0.023886000482354765
3012110,8.423103071759149
3012111,3373.1380146287734
3012112,0.07391129578855331
3012113,837.814275871446
3012114,14.723431828096814
3012115,1041.6840718647898
3012116,1295.611514066388
3012117,268.51046210067835
3012118,199.80095898049916
3012119,164.52320424974835
3012120,3832.10753793261
3012121,24.660303432950357
3012122,1.0065625887866663
3012123,18.610792274871258
3012124,35.63509692023883
3012125,0.202545722381389
3012126,275.24655652666246
3012127,12.319690145530036
3012128,30.4238470251398
3012129,8.64481989616162
3012130,84.38666767006636
3012131,11.494134417499364
3012132,292.91796674534544
3012133,284.0138775980314
3012134,18.824779390768356
3012135,12.947042509039164
3012136,404.1307439548394
3012137,105.35748018144488
3012138,3018.4954267943403
3012139,0.37474734585717967
3012140,24.300024729522388
3012141,0.2992171146503758
3012142,0.0
3012143,1.8834896695949608
3012144,1228.8725817016314
3012145,0.0
3012146,286.11006455904277
3012147,2.917792691028013
3012148,312.1481357279633
3012149,354.18608216276994
3012150,95.6236359559407
3012151,5.802924619338543
3012152,6.0745880184735945
3012153,1209.9975159638389
3012154,4.652387045620203
3012155,0.13271499072486956
3012156,3.9895812728474347
3012157,15.402324147521455
3012158,0.0
3012159,76.91750681614245
3012160,0.0
3012161,10.909240774573082
3012162,1.33449390957027
3012163,71.79624274776675
3012164,2.670393163736084
3012165,8.868588077342352
3012166,102.63627779566522
3012167,2.7997105242322498
3012168,2.508522194130777
3012169,10.973472296808266
3012170,5.844653723302996
3012171,1081.5911668113986
3012172,0.0
3012173,0.13049362621428232
3012174,2.3135122443540572
3012175,0.0
3012176,0.39137610676774737
3012177,769.9328190484372
3012178,0.0
3012179,167.28470819051205
3012180,4.096825906172272
3012181,296.79520235212067
3012182,199.45471437222665
3012183,59.91200783603645
3012184,33.000080614673685
3012185,24.803208738794616
3012186,1152.4290030272755
3012187,2.843278379807914
3012188,0.28744112433005853
3012189,5.174000710763315
3012190,7.107684918771584
3012191,0.08777156313806608
3012192,65.77409816953968
3012193,0.45759691484254583
3012194,3.2928312244510503
3012195,1.0994564920048209
3012196,15.436405194574526
3012197,0.5008635702928457
3012198,190.4823587256807
3012199,105.06285399905774
3012200,1.80762432989021
3012201,1.6326093678492395
3012202,104.3296024331417
3012203,12.960568828165362
3012204,356.09330848436264
3012205,0.27059828209399484
3012206,1.6152267301429566
3012207,4.432699612625919
3012208,0.04122595646274607
3012209,3.1814170824309267
3012210,2842.7764939808703
3012211,0.03853215078961624
3012212,634.4398913924967
3012213,10.712601587122819
3012214,811.9259044653687
3012215,902.0284406896021
3012216,243.68616812433336
3012217,210.64293524054924
3012218,114.38285103143592
3012219,3286.9288305547993
3012220,18.771293693719006
3012221,1.3409835817676803
3012222,12.60359864808726
3012223,24.31254486744121
3012224,0.3287649415508802
3012225,204.69265290343972
3012226,5.480105479464473
3012227,21.570311752099087
3012228,4.472189244368658
3012229,68.337609623845
3012230,4.012182101819005
3012231,251.98610326204965
3012232,205.295497499235
3012233,10.232450194967383
3012234,9.295112737742745
3012235,333.84195225774954
3012236,76.2841586286061
3012237,2135.1548222670594
3012238,0.5029987646568019
3012239,15.079143155216201
3012240,6.094816210845118
3012241,0.06434314314589044
3012242,2.3874426412494287
3012243,2993.482467827328
3012244,0.0
3012245,558.3470839094819
3012246,8.382300871029802
3012247,1011.8544104442241
3012248,731.4290126259723
3012249,339.7843754373586
3012250,221.04039712312198
3012251,61.46305968130987
3012252,3985.2573132021553
3012253,6.312961897783541
3012254,0.7354910018904242
3012255,24.44984192386941
3012256,16.418520799786076
3012257,0.3691040825454149
3012258,237.73993517505917
3012259,0.0
3012260,5.743982506839515
3012261,4.443648978217752
3012262,34.7086191526068
3012263,1.0222449268746971
3012264,202.90773900458066
3012265,260.31897641463337
3012266,4.674124874141466
3012267,5.240817216554782
3012268,192.3609368065557
3012269,58.69579865844311
3012270,2511.5400437162857
3012271,1.2346414926117029
3012272,2.9873037861941047
3012273,4.905063396039444
3012274,0.323333779218407
3012275,3.1703325917372194
3012276,2638.835392913695
3012277,0.0971213962678756
3012278,525.8038613779115
3012279,9.632814061277589
3012280,962.8239312975097
3012281,653.5367668409949
3012282,257.0330526502694
3012283,191.9383973003034
3012284,126.97040201372114
3012285,3211.011218297536
3012286,8.698788529476369
3012287,0.6811631237062263
3012288,18.635471213706534
3012289,12.7694507027461
3012290,0.24640501019896302
3012291,225.45642417608673
3012292,0.008761295665012702
3012293,6.3942420444364725
3012294,3.3479608825224023
3012295,42.38275775852849
3012296,1.4487803647364883
3012297,168.99445313386855
3012298,239.88065618634977
3012299,4.8192080302196025
3012300,5.256267695982082
3012301,219.1187417681727
3012302,89.80195831993785
3012303,2360.326781764968
3012304,1.0963864428107786
3012305,3.1213834781769982
3012306,7.537905089550847
3012307,0.3974065021027835
3012308,11.15615561324574
3012309,7480.585045426984
3012310,0.3144221989012147
3012311,1278.4101738198326
3012312,35.506435840635326
3012313,1766.6681198937938
3012314,2215.5590762790675
3012315,350.77654074437515
3012316,510.8824419124977
3012317,317.9019840454442
3012318,7206.595232436455
3012319,78.35298530057285
3012320,2.8718572676709506
3012321,42.25862299818195
3012322,53.417471617957375
3012323,1.1472627844276762
3012324,459.88170752652286
3012325,44.46412752899197
3012326,39.639552589725426
3012327,29.78333591716815
3012328,148.8646891527922
3012329,21.303983818665955
3012330,712.8780329550726
3012331,430.79074001284016
3012332,20.618756752618783
3012333,27.407667338329087
3012334,1113.8750541199968
3012335,328.40495607329314
3012336,6054.8265156145635
3012337,1.2164060856828431
3012338,88.87395563370701
3012339,2.569215085720216
3012340,0.025673435955948353
3012341,0.38628758242111455
3012342,1304.8506068656077
3012343,0.0
3012344,141.47696837215594
3012345,2.7455001655475653
3012346,445.86345482978174
3012347,249.7367939365389
3012348,102.65158543584192
3012349,133.84299486747554
3012350,33.326339809488324
3012351,1762.999733924966
3012352,2.586284969054752
3012353,0.5834905621458579
3012354,10.987838325042185
3012355,7.332531595709403
3012356,0.13035576331785018
3012357,109.76605878729798
3012358,0.352117081686848
3012359,0.26655188504965005
3012360,2.4079660640499645
3012361,21.64636474669697
3012362,0.5941495337300189
3012363,56.16856485330607
3012364,90.11069216277323
3012365,1.3790922787451656
3012366,3.102534411288172
3012367,86.25914736732028
3012368,19.174414164830146
3012369,991.53416989337
3012370,0.11360414772491985
3012371,2.345997172601725
3012372,6.504248416205612
3012373,0.2734009838317131
3012374,1.5469504463884083
3012375,2450.1012305171
3012376,0.044264093865773665
3012377,443.33727119867376
3012378,6.978750964807539
3012379,1067.8349541555299
3012380,634.3157396862149
3012381,232.99421283708884
3012382,239.42660221079703
3012383,55.6149526818247
3012384,3876.1195738036113
3012385,8.49458392977035
3012386,0.4752729885895851
3012387,13.810845116987847
3012388,19.468240860458952
3012389,0.2684996990923351
3012390,231.1028470843619
3012391,1.1441004466098925
3012392,4.521901680084359
3012393,8.398577827885406
3012394,14.574101093010524
3012395,1.1668434263782395
3012396,293.7940798536552
3012397,241.58386540464778
3012398,3.234373143932629
3012399,6.8245843472506555
3012400,127.53504142241235
3012401,62.65831197887324
3012402,2305.1805213589278
3012403,0.8097276605680537
3012404,3.5941663501824044
3012405,1.270678838241012
3012406,0.0
3012407,0.07449167949007826
3012408,789.2687209632896
3012409,0.0
3012410,88.54984992603224
3012411,1.7620595152638896
3012412,375.8219419525513
3012413,150.87941395573048
3012414,78.972448785313
3012415,104.07739674136108
3012416,15.474009234056027
3012417,1468.516115286933
3012418,0.9341743959485005
3012419,0.1421931675807209
3012420,4.472302291551402
3012421,2.7627125166708058
3012422,0.0
3012423,85.67017184334968
3012424,0.0
3012425,0.0
3012426,0.5242755494092595
3012427,11.267737999989901
3012428,0.17731948233448022
3012429,51.399299854790925
3012430,75.72947767045036
3012431,0.2844282874458471
3012432,0.981824475761321
3012433,48.79474920625521
3012434,9.914164683932253
3012435,281.51645610614196
3012436,0.007067720962785512
3012437,0.7679819097770795
3012438,6.0932727147173855
3012439,0.06485065200761705
3012440,0.5587272819457973
3012441,1747.5511070917082
3012442,0.0
3012443,232.04318582042987
3012444,5.558770913475611
3012445,778.0314022857716
3012446,395.5250702918497
3012447,171.63342727249358
3012448,146.36055952268796
3012449,46.54061564091424
3012450,2626.632111447351
3012451,1.6594496049437324
3012452,0.46917444429733857
3012453,20.395853769795416
3012454,12.862764119958689
3012455,0.07156967291039011
3012456,164.02960802436812
3012457,0.0
3012458,0.13005340912872712
3012459,9.073561487863332
3012460,21.29111357745616
3012461,1.1304240377970047
3012462,221.56937171843555
3012463,172.660708894798
3012464,1.107574938979012
3012465,4.441818102173324
3012466,157.34083381757
3012467,31.98282325062887
3012468,1858.3941703944138
3012469,0.10916820818230409
3012470,0.7172103199365605
3012471,3.1232917592029628
3012472,0.10784939818199843
3012473,1.9410380033316286
3012474,2558.9977529260555
3012475,0.024883570424875608
3012476,579.5988591885282
3012477,7.713705154784947
3012478,818.0835902521337
3012479,562.7561231913987
3012480,220.017452603013
3012481,117.01531674538565
3012482,70.27165864418025
3012483,3448.285562620025
3012484,3.527526938589184
3012485,1.3520688388269084
3012486,20.487596740158033
3012487,36.61805538858917
3012488,0.40588235035849235
3012489,203.18417125926553
3012490,4.053464859259404
3012491,6.993168346230055
3012492,5.192429225014749
3012493,23.064854881082265
3012494,2.044314677483783
3012495,174.96589011520962
3012496,252.94355840392
3012497,3.1110348637616525
3012498,5.366335350505128
3012499,133.86808620234459
3012500,29.725815754213617
3012501,1084.9156945161249
3012502,1.9794217301257175
3012503,1.8259391698251464
3012504,3.6373648813684367
3012505,0.0
3012506,0.10269430195480773
3012507,1324.2322089160837
3012508,0.0
3012509,89.44178771091332
3012510,1.8293831618667737
3012511,439.3553159279749
3012512,154.66158692172982
3012513,71.19785670135948
3012514,151.259826769863
3012515,26.144697328684693
3012516,1600.8846377886855
3012517,1.7821002366920244
3012518,0.23838152079994615
3012519,4.892247950020618
3012520,5.2555876803672925
3012521,0.05334470884151367
3012522,91.13200484097263
3012523,0.0
3012524,0.014734684436354185
3012525,0.2618509258039976
3012526,14.249336654265687
3012527,0.4713636184124371
3012528,142.17270196856572
3012529,78.17245000085913
3012530,0.46617436430942777
3012531,1.1589977500174884
3012532,40.914869484775835
3012533,14.036826852624445
3012534,641.4272722476263
3012535,0.14383824020238276
3012536,0.08833943576209824
3012537,4.073920264328174
3012538,0.0
3012539,0.9391583170749538
3012540,2808.4271796007424
3012541,0.0
3012542,466.0883301702372
3012543,5.704025843841195
3012544,850.5779499751492
3012545,583.0743578895552
3012546,216.25037230230905
3012547,130.82647156750306
3012548,68.13975464823875
3012549,3538.201826201111
3012550,5.5596833675815125
3012551,0.4031110972516299
3012552,15.489489346024307
3012553,14.536135626119476
3012554,0.14027756880910366
3012555,197.22123117238624
3012556,0.0
3012557,28.839386255775057
3012558,2.339118852070114
3012559,44.81931812710483
3012560,0.9563953349052285
3012561,202.55128504700932
3012562,222.5185422606096
3012563,2.454517661741725
3012564,4.790246741762466
3012565,115.42202884871425
3012566,45.38580989722969
3012567,2662.3093540883033
3012568,0.5703059748344146
3012569,0.5471397821544439
3012570,2.6853161069547578
3012571,0.0
3012572,4.658345794513749
3012573,2330.271659965248
3012574,0.04003681082587209
3012575,526.7172086424706
3012576,10.154709540688579
3012577,854.0438997360153
3012578,866.2803811342166
3012579,141.5872524223626
3012580,120.41867915205489
3012581,122.1933813513455
3012582,3163.1002610327255
3012583,44.29454504011994
3012584,1.1584498529295373
3012585,17.59816219969521
3012586,23.043225010985935
3012587,0.12945305632979484
3012588,212.53835424178664
3012589,21.72926931574392
3012590,22.30709890734965
3012591,2.8942114871597866
3012592,77.21193456839204
3012593,7.850999130945349
3012594,195.19041438448934
3012595,235.83147017300286
3012596,10.793740766431162
3012597,9.28786940223712
3012598,196.29210011781083
3012599,80.23463886163542
3012600,2442.8672735873165
3012601,0.18456064719188273
3012602,13.779452910914907
3012603,3.5816057838940445
3012604,0.0
3012605,6.556578197492792
3012606,1740.7617986883292
3012607,0.051994084252348104
3012608,452.97086016054794
3012609,10.087751204854515
3012610,800.7898826792817
3012611,706.8437930528601
3012612,129.87617920502024
3012613,84.11231337081198
3012614,101.44279840662979
3012615,2942.923889681364
3012616,19.825635826714276
3012617,0.8629080097708326
3012618,20.239350491049965
3012619,21.085772324369547
3012620,0.0
3012621,222.3796871592231
3012622,19.73570739319136
3012623,11.024698283324982
3012624,5.784236969664199
3012625,54.90228669746159
3012626,7.45918533205181
3012627,136.19048075366604
3012628,262.8699777572843
3012629,6.993955162780118
3012630,7.9857017848045935
3012631,122.03651902641636
3012632,76.74238458110875
3012633,1638.601277063594
3012634,0.19200366295193727
3012635,11.279262734553356
3012636,6.4107528575649075
3012637,0.2142975906667895
3012638,3.150344662518509
3012639,3177.805668310898
3012640,0.058134816943550514
3012641,735.9431032138548
3012642,7.654601075137352
3012643,1249.9319204658318
3012644,666.7509776278355
3012645,203.23094588433523
3012646,346.0121053121075
3012647,62.01746159151784
3012648,4568.516434848655
3012649,28.66681603335085
3012650,1.3063848198519286
3012651,20.019163388583912
3012652,20.80589693241654
3012653,0.2326062147104406
3012654,290.82087160060496
3012655,5.198627275385165
3012656,19.753162671739762
3012657,4.515422865305722
3012658,28.89128066836425
3012659,3.0538684754282723
3012660,154.51962683846097
3012661,273.8781429098087
3012662,6.21336102571925
3012663,8.508393649957396
3012664,186.8510859733917
3012665,65.06947013501791
3012666,2959.3815183510064
3012667,9.059600324329669
3012668,8.657788359964739
3012669,2.6248990064701534
3012670,0.0
3012671,4.198685687318446
3012672,2315.3847031678283
3012673,0.04249737572763401
3012674,380.14624279849
3012675,6.583864712772018
3012676,769.6056837147374
3012677,772.3007583034635
3012678,189.01007499050704
3012679,122.52284831370137
3012680,80.94832117090154
3012681,2916.7711931976546
3012682,15.823513845285682
3012683,0.8378516137534797
3012684,9.734010982719164
3012685,8.345462555276146
3012686,0.17971683090220048
3012687,214.55316823882896
3012688,18.73320847604444
3012689,11.684315940063206
3012690,1.4517952027208052
3012691,46.8751608449191
3012692,5.211239548780636
3012693,274.0440679256836
3012694,201.80762653366992
3012695,7.333261381809047
3012696,7.515802942861852
3012697,334.21289264995295
3012698,58.1168799465138
3012699,1793.4911009809284
3012700,0.047729830058195186
3012701,21.353996816442194
3012702,3.4640547528995853
3012703,0.23153930198067293
3012704,0.8891640725860892
3012705,3515.714470100113
3012706,0.037499448253543226
3012707,449.9427928912281
3012708,6.538246279835119
3012709,1398.107379640937
3012710,646.3601680885617
3012711,293.62443678338434
3012712,168.77907794147262
3012713,55.073900878642945
3012714,4979.585218884432
3012715,9.47783605416467
3012716,0.795803836767202
3012717,23.20298157248529
3012718,18.95529140873997
3012719,0.19957551423572636
3012720,326.32494639820624
3012721,0.017201439546456213
3012722,0.4974402746180897
3012723,7.6674016914748275
3012724,27.76344716303457
3012725,1.681651828329275
3012726,124.58131178032016
3012727,291.2586781708346
3012728,2.192432620311831
3012729,7.053972274274791
3012730,156.6300233338727
3012731,50.4492435783715
3012732,1914.5338926047423
3012733,0.15423110848329885
3012734,2.7230973192564263
3012735,3.9277609365950967
3012736,0.036151903613247896
3012737,7.245019819394917
3012738,1888.4061958510647
3012739,0.11200201558343882
3012740,491.6561980403451
3012741,9.962755441152062
3012742,843.109444443857
3012743,689.7738508782021
3012744,198.9340913153842
3012745,111.65966893693968
3012746,110.04621739043286
3012747,3025.057560247523
3012748,24.016926807015597
3012749,0.8598477574170342
3012750,15.958201337740821
3012751,19.006143998972068
3012752,0.23399377035313015
3012753,204.28137880501916
3012754,11.432488642140791
3012755,17.40410430599148
3012756,8.113499868251452
3012757,37.16125765788112
3012758,8.307403414044384
3012759,171.53898085261739
3012760,271.67344867203707
3012761,10.443704147100838
3012762,11.169510896424635
3012763,149.99078347637402
3012764,51.894503167763546
3012765,1599.6499762716116
3012766,0.35648594698802993
3012767,5.970754119570732
3012768,3.3885089946954867
3012769,0.1836086992088102
3012770,5.2080823758457635
3012771,2313.6776992607156
3012772,0.20584359899890464
3012773,629.5813254440641
3012774,9.65804607832062
3012775,768.0938716774597
3012776,801.5930502375865
3012777,178.0907516682675
3012778,168.56020437516452
3012779,109.33831276935291
3012780,3273.810774101251
3012781,40.41303751684646
3012782,0.8441300962536895
3012783,14.85205110175273
3012784,17.42677582406487
3012785,0.21206964646223997
3012786,194.3342250926551
3012787,16.35728009287406
3012788,44.556116843320844
3012789,5.5984386390271
3012790,66.94196325787495
3012791,9.608441786248205
3012792,221.50332445136996
3012793,214.91896280124072
3012794,10.985796657206711
3012795,11.328242284474866
3012796,327.9424680433984
3012797,93.38486079444318
3012798,2494.829569192454
3012799,0.5259638627905621
3012800,11.415044589601878
3012801,4.204975104864276
3012802,0.034250530120848395
3012803,0.7662404014019739
3012804,3783.035481429335
3012805,0.04521106753008511
3012806,414.9435604986489
3012807,8.387118568839686
3012808,956.5849756849361
3012809,478.5258139853378
3012810,260.5056130579363
3012811,150.58881471246272
3012812,35.65202215914224
3012813,3827.712687059402
3012814,4.159783001025021
3012815,0.477249490091807
3012816,16.827839618239068
3012817,12.763466662912743
3012818,0.07696299819463463
3012819,199.8542478002713
3012820,0.0
3012821,6.6362318339889645
3012822,1.6787792998821645
3012823,36.07046705118001
3012824,1.800011798411267
3012825,172.0704354472845
3012826,221.5974028666354
3012827,2.2697762640564116
3012828,3.8330733728199675
3012829,185.44070834809648
3012830,78.36602421069892
3012831,1630.9046587536347
3012832,1.4857758095727371
3012833,0.4967625378860252
3012834,14.6889126133896
3012835,0.12442547223570928
3012836,13.534639291408892
3012837,8657.783183454369
3012838,0.3077625260856247
3012839,1500.7957362198279
3012840,29.068739122261395
3012841,2096.2040663878656
3012842,2434.015828984374
3012843,497.06288841499986
3012844,614.8046981094387
3012845,418.9287462090603
3012846,8164.17052054352
3012847,72.27186824313895
3012848,3.270263834301357
3012849,66.8090643825557
3012850,88.82264554245332
3012851,1.1221193262433706
3012852,504.8258792500103
3012853,37.10523868550187
3012854,17.759273494030204
3012855,26.02883292708632
3012856,220.0065156838789
3012857,19.80052212988174
3012858,834.3371334389626
3012859,462.0084160433124
3012860,30.724789376964686
3012861,36.321529618082224
3012862,1106.7108310134174
3012863,361.083072465641
3012864,7503.133449519511
3012865,142.66408606985533
3012866,90.00699271088702
3012867,11.263135050679203
3012868,0.023030408557023666
3012869,12.081430905244542
3012870,7481.678273999242
3012871,0.25591482552201
3012872,1244.025188686061
3012873,29.08921269775962
3012874,2025.4502771694936
3012875,2070.0845613929946
3012876,543.5669007790228
3012877,289.48838382583244
3012878,297.97529344016925
3012879,8170.7655688508075
3012880,78.7458549148382
3012881,0.9984591338710973
3012882,41.677017047358376
3012883,67.67689591479484
3012884,0.7733395694222567
3012885,547.3213567652157
3012886,23.061881508883832
3012887,24.24478763011214
3012888,6.455111729079595
3012889,112.36661242504708
3012890,13.882713090298513
3012891,902.5319457397778
3012892,565.2467315366459
3012893,24.63983801072452
3012894,26.63058683278984
3012895,961.4738291337312
3012896,233.73091860652778
3012897,4681.967571835657
3012898,128.66732407380877
3012899,70.54851303406895
3012900,9.190785482872935
3012901,0.0
3012902,13.427703848651108
3012903,4761.879301180775
3012904,0.09134400215698278
3012905,756.5885261889523
3012906,19.002221775571773
3012907,1736.6488487330882
3012908,1339.9812255470354
3012909,630.4200837219486
3012910,128.9346220019235
3012911,189.85579688855552
3012912,6952.726127873415
3012913,36.78764555139258
3012914,0.998450624132001
3012915,21.720810285796855
3012916,38.890247832961336
3012917,0.6483731381387869
3012918,459.6319529692425
3012919,29.01459177204168
3012920,16.38734848620242
3012921,6.068452239163372
3012922,77.93290958142774
3012923,7.13169575115864
3012924,817.1924225400601
3012925,558.7061898851575
3012926,21.727767489948278
3012927,25.002398623832804
3012928,692.7872438872254
3012929,125.06376059418693
3012930,2042.4407405960308
3012931,105.46810363805712
3012932,35.396870827540354
3012933,11.51371790197535
3012934,0.05729924394329374
3012935,14.708301351746975
3012936,7149.6780113350815
3012937,0.2781718481673527
3012938,1183.2671757466287
3012939,24.243359368597503
3012940,1969.4634714015283
3012941,2056.318826044349
3012942,562.3451879925747
3012943,281.3269035968707
3012944,258.07984037713123
3012945,7984.33378993365
3012946,54.72246731351798
3012947,1.5280668134184454
3012948,41.88072869270976
3012949,59.108631922122306
3012950,1.0409313787042827
3012951,548.8017209609136
3012952,36.16376081686143
3012953,21.055441176750097
3012954,7.450944140054993
3012955,116.2513412680999
3012956,11.339632889100852
3012957,761.9900601095391
3012958,585.5532714770004
3012959,23.535308860649337
3012960,25.323892325433203
3012961,931.2899430011413
3012962,209.9718181464484
3012963,4387.775517375492
3012964,101.67078149438801
3012965,67.02257885089139
3012966,8.07815582092383
3012967,0.0
3012968,12.11498697064169
3012969,3689.055695432176
3012970,0.03137570325966333
3012971,607.5402711547393
3012972,15.196992855378344
3012973,1494.0298693617333
3012974,994.4875170386106
3012975,471.66888927322464
3012976,92.01160445742012
3012977,122.71001050993605
3012978,6055.527859244617
3012979,33.68283283365727
3012980,0.4727685070465084
3012981,22.31598326806546
3012982,28.71549800821957
3012983,0.3134423468752648
3012984,415.06692351107387
3012985,18.498975143765705
3012986,8.07970537880371
3012987,3.9491104892285094
3012988,61.65476305533077
3012989,4.603093559060118
3012990,655.5848651129795
3012991,501.09412911910107
3012992,15.510878332234626
3012993,17.993533645336438
3012994,520.6329974484345
3012995,80.01768802940417
3012996,1328.8798383626968
3012997,123.17864309801789
3012998,18.461013798205386
3012999,9.57252613908682
3013000,0.04962030832991969
3013001,10.557572549412503
3013002,7079.724263866307
3013003,0.27171779407188207
3013004,1272.993079608655
3013005,29.24795502549298
3013006,1753.374345177839
3013007,2228.5546228546546
3013008,403.8073754282423
3013009,440.5256590910923
3013010,324.69328627012646
3013011,7027.5268663521165
3013012,62.98892219501744
3013013,1.7475575645726353
3013014,42.981452872690625
3013015,44.01246845179483
3013016,0.8586055533608044
3013017,429.3823045149037
3013018,17.80391640664526
3013019,21.47207269043318
3013020,12.13313501166602
3013021,151.16937877544845
3013022,15.047355578921088
3013023,717.1923302977892
3013024,432.9130956028774
3013025,21.995811246122933
3013026,31.404231915186898
3013027,858.5637579735325
3013028,257.10416336942626
3013029,6492.684754079222
3013030,94.56260016836659
3013031,73.77528204466505
3013032,3.799223008428151
3013033,0.10175170047341607
3013034,6.531368046820863
3013035,1686.5535368638457
3013036,0.1624417433600303
3013037,312.0556446049898
3013038,16.735775354991116
3013039,737.1429397169622
3013040,497.84801033662495
3013041,191.9940781713254
3013042,88.57803853723738
3013043,86.86519729146464
3013044,2388.2077325133
3013045,15.542833073932599
3013046,0.6584733715117532
3013047,18.0528894130182
3013048,26.117342685172485
3013049,0.22327391537207422
3013050,180.01514646670398
3013051,11.529134552595824
3013052,4.198133467080192
3013053,8.909249637016835
3013054,36.84334032792963
3013055,6.676826373527663
3013056,220.10404939554164
3013057,214.2030121833246
3013058,3.7054937971704858
3013059,7.953393133004155
3013060,190.93511823230656
3013061,64.32596283002951
3013062,1214.4015464624867
3013063,0.20021751258816864
3013064,8.32507722113577
3013065,8.082559160402715
3013066,0.0
3013067,9.874495549096855
3013068,3665.2519179543224
3013069,0.15174472991283383
3013070,541.5074640624812
3013071,23.88026804361697
3013072,1257.6905001246441
3013073,925.9435477939365
3013074,389.65271775652513
3013075,82.97329639049237
3013076,119.09224231641174
3013077,5430.654282818422
3013078,41.00089535389958
3013079,0.7840595001368977
3013080,31.132420323644546
3013081,44.5958694310887
3013082,0.27179314193148796
3013083,356.45623469371
3013084,18.801292319998606
3013085,5.078328630951894
3013086,2.8744037139415783
3013087,76.44192806652724
3013088,7.859199560963887
3013089,482.68606193530593
3013090,405.4037804516775
3013091,10.264603761175968
3013092,18.483453532307195
3013093,329.4358524610614
3013094,77.15361131391062
3013095,1720.6395276924968
3013096,105.08938442585702
3013097,15.781511599360034
3013098,5.194234833138864
3013099,0.0
3013100,4.222326389877461
3013101,4422.196055828635
3013102,0.06258243198078095
3013103,833.1585577776314
3013104,11.968417845673947
3013105,1182.0286318946917
3013106,1357.457773714057
3013107,236.70474609345086
3013108,286.12458151604653
3013109,205.23613802488816
3013110,4385.923971753838
3013111,28.333198308632188
3013112,1.0909199604848618
3013113,24.341310075856573
3013114,30.807159238723116
3013115,0.4973655732880091
3013116,280.2572544923883
3013117,2.120305044056699
3013118,30.541044341286156
3013119,4.081392692602288
3013120,96.27930967809357
3013121,7.927172516143676
3013122,561.8383187200822
3013123,255.78732095416302
3013124,19.873641115658874
3013125,11.174483103023503
3013126,607.0652981589905
3013127,125.22667734067785
3013128,4056.880365558072
3013129,1.8903120663354605
3013130,38.80058381880691
3013131,4.80100482961476
3013132,0.4661809937362694
3013133,9.076640831996457
3013134,3426.774228325428
3013135,0.4429688911354837
3013136,1052.970564916769
3013137,5.456496042002579
3013138,1277.5685640340482
3013139,865.6048551431338
3013140,390.0106851798898
3013141,33.89331004969287
3013142,22.17088549743971
3013143,4689.546015443591
3013144,26.32951342623709
3013145,1.5861457496060987
3013146,9.46868924012619
3013147,27.42329855344314
3013148,0.9900134180381648
3013149,280.33332880632287
3013150,4.32209011741586
3013151,38.98482268359102
3013152,3.8405841298456975
3013153,124.30268289472069
3013154,5.208458854112813
3013155,78.41312146770514
3013156,384.77262844320643
3013157,9.717932312396783
3013158,14.312461666678937
3013159,140.08485767727012
3013160,52.592621407155164
3013161,3701.9280025088724
3013162,2.965768659154489
3013163,3.589437951826035
3013164,6.995250954862417
3013165,0.17917649356166765
3013166,3.415463174317768
3013167,1955.0684273589388
3013168,0.15145387757663056
3013169,488.106196665327
3013170,7.895668679209777
3013171,884.7275536424527
3013172,566.7163729668871
3013173,230.88451025338995
3013174,164.385008297653
3013175,156.55130009678066
3013176,2478.4391631210415
3013177,13.641548497680699
3013178,1.0827469720555896
3013179,16.106716806766585
3013180,24.443438978179312
3013181,0.3116599501809887
3013182,183.47697179258896
3013183,3.3559375573108916
3013184,7.742342918398737
3013185,4.356194073090941
3013186,53.68432313656844
3013187,3.5391865047605364
3013188,282.2220580101729
3013189,240.71118013940915
3013190,6.098527587972469
3013191,7.500692691695594
3013192,222.31481310192308
3013193,83.49721927999958
3013194,1471.4051610705596
3013195,0.781123131044696
3013196,3.939469916700655
3013197,4.665832358363733
3013198,0.09153125589428136
3013199,1.262266126265279
3013200,1669.9078168430851
3013201,0.0
3013202,194.0438726046576
3013203,3.181927854445572
3013204,842.6015567710404
3013205,203.12576671472831
3013206,191.95752596899834
3013207,66.89550609612077
3013208,22.80484264652358
3013209,2683.7296816147964
3013210,4.932274372527993
3013211,0.41727134599189014
3013212,11.882075943196625
3013213,8.901616277561914
3013214,0.07529804789825083
3013215,178.11703533614988
3013216,0.0
3013217,0.0716551697483015
3013218,2.116999152166829
3013219,13.177651987192037
3013220,0.6506016292359873
3013221,56.850612760370296
3013222,158.09402213464753
3013223,0.3414975238216872
3013224,2.873696867979239
3013225,48.2616769013323
3013226,52.047880498808475
3013227,810.6852538430961
3013228,0.16705591166502426
3013229,1.090907186326704
3013230,3.366514122435782
3013231,0.0
3013232,6.185710985491813
3013233,3272.5360859530415
3013234,0.0
3013235,529.8728060914752
3013236,10.44027858861448
3013237,1040.7460408599968
3013238,927.4602844146218
3013239,310.11116293734796
3013240,156.26923810927642
3013241,129.92308857789257
3013242,4202.9435791321475
3013243,29.69910652252221
3013244,0.6097357905994027
3013245,18.341352946101896
3013246,37.031309493520546
3013247,0.09501172793699351
3013248,284.9057053519063
3013249,23.12285386933693
3013250,9.940012825161268
3013251,10.527014170606801
3013252,43.63393122933755
3013253,6.253965595304643
3013254,366.8228712550029
3013255,287.5842643686028
3013256,9.697068371515288
3013257,10.950732029961774
3013258,449.63071359388545
3013259,90.55059541997846
3013260,1928.5893748758158
3013261,0.06995052908969715
3013262,27.398742486322817
3013263,3.82390846245627
3013264,0.03427270561312566
3013265,6.853605318290909
3013266,4523.710964671807
3013267,0.14486212241247784
3013268,799.963872646241
3013269,15.638216222830856
3013270,1108.2900757896898
3013271,1451.572636233071
3013272,199.0970015916797
3013273,312.8529827976288
3013274,206.6960863540482
3013275,4245.741387642521
3013276,39.93068807684524
3013277,1.920291986314596
3013278,19.237881698570614
3013279,29.726267635272986
3013280,0.5769125921898162
3013281,252.07711301370097
3013282,13.382077119707466
3013283,33.18747331320476
3013284,9.66374544418037
3013285,101.09958185696708
3013286,11.750104305812346
3013287,501.2973065085325
3013288,251.0919967399831
3013289,9.687300846900776
3013290,12.942430012942728
3013291,628.9698831468213
3013292,153.7081450309696
3013293,5345.78697561667
3013294,0.322007957878466
3013295,44.82079747285874
3013296,4.03371869757154
3013297,0.08689856925641876
3013298,8.975302085120713
3013299,4148.201009436076
3013300,0.12167839525936078
3013301,798.7127281100445
3013302,20.69757652513973
3013303,1099.446991873627
3013304,1365.1426821786827
3013305,254.44364575454745
3013306,277.90194347374626
3013307,168.0652841013197
3013308,4393.574541626133
3013309,36.674651511130314
3013310,2.1166829412171135
3013311,30.042592413142838
3013312,38.91866789574232
3013313,0.6809092253472155
3013314,323.3702256423555
3013315,35.87864711574436
3013316,27.717386207639265
3013317,27.443994715175613
3013318,103.05385488522488
3013319,13.95764214278176
3013320,377.91861297905035
3013321,293.7806788053791
3013322,17.46700468934521
3013323,21.00021386889781
3013324,495.4037055065753
3013325,148.2376614317862
3013326,3682.4659292392744
3013327,0.4773435753318207
3013328,38.476605001968785
3013329,9.018403201895236
3013330,0.171749385218599
3013331,6.498231250786523
3013332,3377.447015288253
3013333,0.0
3013334,520.8837769718356
3013335,10.750905599706183
3013336,1344.9311072119701
3013337,748.2990686316585
3013338,515.5365048377042
3013339,157.1482050748645
3013340,68.2040358920074
3013341,5542.673756037604
3013342,6.537765279855312
3013343,1.1227499764061735
3013344,29.21257511353577
3013345,22.433935944479064
3013346,0.10148027207878214
3013347,377.98181324388906
3013348,11.185956798262353
3013349,7.035696195781888
3013350,5.860488414436572
3013351,33.14639800042221
3013352,3.1359612258299627
3013353,329.1584566670415
3013354,345.4085103372375
3013355,5.606261812512189
3013356,10.041398706055764
3013357,353.4295861564514
3013358,78.58279286967499
3013359,2273.20123710722
3013360,50.813802071493484
3013361,11.295563729349437
3013362,3.1121453872374696
3013363,0.04852643409436641
3013364,4.32794545037654
3013365,2403.2709643010285
3013366,0.13195129066475217
3013367,428.30279714055547
3013368,13.044695653455385
3013369,682.7995451477914
3013370,819.727680480838
3013371,145.06608309387272
3013372,143.37503319570607
3013373,119.14088783408693
3013374,2641.552551743739
3013375,22.879362456123943
3013376,1.5909294703572678
3013377,14.590119338427115
3013378,27.262476960731664
3013379,0.32909914229269305
3013380,170.3115916230975
3013381,15.90072776541659
3013382,28.82660212446339
3013383,5.210404524300018
3013384,94.60662492500107
3013385,7.3580886787885476
3013386,273.01017488248283
3013387,160.36376279136996
3013388,7.483361572465801
3013389,10.713344864385334
3013390,289.2348991084841
3013391,86.18099724328044
3013392,4083.3445315126337
3013393,0.14850841908299814
3013394,21.754423100729422
3013395,1.6472074995972137
3013396,0.04602157255877329
3013397,0.5156785702434221
3013398,954.5465293732483
3013399,0.0
3013400,88.4626100856188
3013401,2.290015781828752
3013402,571.026317768609
3013403,262.1181495167808
3013404,202.54065300986304
3013405,29.728839456353796
3013406,22.62018994598894
3013407,2029.1144159729577
3013408,1.9278650410986997
3013409,0.163117770641691
3013410,5.273259674990626
3013411,7.010033180499349
3013412,0.0
3013413,135.35238501286372
3013414,2.6914059362564475
3013415,0.0
3013416,0.7978626855759134
3013417,6.880296269069129
3013418,0.34074296389672337
3013419,132.94778909377175
3013420,131.5290050550904
3013421,0.6247893079136786
3013422,2.296171902522378
3013423,114.83072017322868
3013424,15.622216878260378
3013425,166.97297762359082
3013426,2.0440998254136136
3013427,1.501136838754629
3013428,5.598936790995959
3013429,0.21132461546326103
3013430,4.968491931896922
3013431,4022.075962518945
3013432,0.03961639272998172
3013433,542.6416706036011
3013434,11.30324377883134
3013435,1486.6445770328332
3013436,619.2286142171645
3013437,413.1992695881687
3013438,103.48727832907743
3013439,62.30352195735947
3013440,5695.00973699398
3013441,14.624013755182572
3013442,0.6166557366998588
3013443,23.179179167403053
3013444,21.474475456018478
3013445,0.22517028401639677
3013446,372.8317013554761
3013447,9.697381448581128
3013448,1.4519163943142726
3013449,6.635479814213752
3013450,26.594210126518497
3013451,2.614105413479264
3013452,557.7237506654577
3013453,320.5736700707769
3013454,2.303086379650895
3013455,10.296804551333112
3013456,378.51045054880706
3013457,56.014689423936424
3013458,806.8728250294132
3013459,28.74138024101919
3013460,5.834037508857603
3013461,4.3942409108116225
3013462,0.12205202523355936
3013463,0.7821303522167358
3013464,1549.2935978281043
3013465,0.0
3013466,173.1994986550681
3013467,7.787457142960982
3013468,709.4893939352643
3013469,437.15595020243126
3013470,214.0165981868596
3013471,61.686579873721335
3013472,32.83012660527783
3013473,2625.2990717546745
3013474,4.723938915216392
3013475,0.6947467382435746
3013476,10.19599606110668
3013477,11.784278713821525
3013478,0.1369644196571595
3013479,153.62354390861478
3013480,1.4954171354835744
3013481,0.11310207552125016
3013482,6.761245864833379
3013483,27.283350010595214
3013484,1.3696648114482586
3013485,146.1230820233991
3013486,147.30232235487836
3013487,1.014976168282753
3013488,4.722627399178615
3013489,157.03656938231023
3013490,36.399030248010206
3013491,314.6269706281069
3013492,9.617479924361382
3013493,2.665787493665151
3013494,3.428456989306323
3013495,0.0
3013496,1.3809699560853135
3013497,1248.6767307680132
3013498,0.0
3013499,116.0975080419882
3013500,3.8966665713344604
3013501,576.3758850109958
3013502,283.8058619708567
3013503,129.21493590105888
3013504,33.45864594352167
3013505,22.338100416446327
3013506,2300.3441675977333
3013507,4.794320475233555
3013508,0.17770246167805342
3013509,7.270728049530266
3013510,7.459778602785805
3013511,0.008565468711328477
3013512,125.13576353406884
3013513,2.546987894466305
3013514,0.010075366593624758
3013515,1.3948346320721248
3013516,17.014981654746826
3013517,0.6328310547448353
3013518,132.09026772589536
3013519,134.71946978260289
3013520,0.514853296841367
3013521,2.892562622175537
3013522,83.65140957559618
3013523,21.45977451059225
3013524,152.25998140402464
3013525,21.686332623279146
3013526,1.213374612708471
3013527,2.4417388574147405
3013528,0.04341585493907561
3013529,0.4928252885126192
3013530,1150.2973400498536
3013531,0.0
3013532,151.81917588930946
3013533,4.999548256795457
3013534,812.8464229426521
3013535,384.29434044511703
3013536,201.5747318792155
3013537,29.121524299274846
3013538,26.197127273493287
3013539,2309.019362295987
3013540,3.2727723597883074
3013541,0.09330787001212246
3013542,8.425485161655276
3013543,15.818906552189894
3013544,0.0
3013545,177.20250616300285
3013546,0.3701089749119265
3013547,0.0
3013548,1.9734739008124098
3013549,10.145044091268826
3013550,1.1041873814332037
3013551,194.1096111429546
3013552,215.84264260649417
3013553,0.6353853859185101
3013554,4.169515633173655
3013555,54.57163019742161
3013556,43.28974648524423
3013557,288.4439841673332
3013558,7.457824625048472
3013559,2.167811430539748
3013560,2.4963687621834505
3013561,0.5134324406522819
3013562,1.2534985483083911
3013563,1613.4400314939132
3013564,0.03298478277672832
3013565,150.09243683650803
3013566,4.350483453967454
3013567,790.1722046527628
3013568,412.73477898227213
3013569,268.4753225812641
3013570,83.26201215659005
3013571,47.80905631349382
3013572,2753.398402643815
3013573,6.6523321730898335
3013574,0.6331176872434248
3013575,16.164891796648934
3013576,17.607651621065557
3013577,0.0925797708201379
3013578,206.61093643123462
3013579,8.672465524934582
3013580,0.14959381225839805
3013581,3.6146213775255003
3013582,18.391947410367134
3013583,1.4254614767815665
3013584,131.7802241915649
3013585,182.25298984800924
3013586,0.7156486684482743
3013587,4.66444179896833
3013588,127.96085462306263
3013589,36.82044526291191
3013590,481.46307199677324
3013591,20.398797075221633
3013592,4.706907547510412
3013593,2.8715264084512597
3013594,0.0
3013595,0.1844924601063347
3013596,1026.8061674973774
3013597,0.0
3013598,111.8471327676716
3013599,3.2741400600882846
3013600,546.6500317858026
3013601,221.85301942777474
3013602,129.93256547790585
3013603,100.05381258965944
3013604,20.870990422019524
3013605,1677.6732113239161
3013606,2.837021965716975
3013607,0.14772695007383266
3013608,8.647391659478588
3013609,8.180785491257353
3013610,0.0
3013611,121.46628848834841
3013612,0.0
3013613,0.0
3013614,1.1322065863617516
3013615,14.852417254210865
3013616,0.7202077172717347
3013617,54.28494863873378
3013618,109.48469632190522
3013619,0.5128888545614285
3013620,2.0219902618660046
3013621,63.38593291981459
3013622,24.96387644577181
3013623,309.7289978445045
3013624,0.0
3013625,0.8651538682756454
3013626,5.868120548733245
3013627,0.16284591063410403
3013628,2.6636377825526454
3013629,3116.5747580711227
3013630,0.0
3013631,300.12732036407823
3013632,5.924998878358655
3013633,942.1643890589459
3013634,727.4743170855011
3013635,439.8362517846272
3013636,165.58422959018026
3013637,74.88210188046594
3013638,4115.488746492302
3013639,7.649042279777076
3013640,0.6317852862385565
3013641,17.517085708453603
3013642,22.63773086387368
3013643,0.22987622511040182
3013644,254.23833480406023
3013645,1.020922550419114
3013646,0.17602267983527492
3013647,7.058112876693068
3013648,24.383990906587428
3013649,1.8856980785684585
3013650,273.6730534994306
3013651,215.5834287369655
3013652,1.6953638090999008
3013653,7.3853540726227145
3013654,306.6651728894321
3013655,62.102824419268316
3013656,1080.1304558388065
3013657,9.602742399433101
3013658,9.731357686565858
3013659,0.04681175786696451
3013660,0.07657689647987949
3013661,1.8678143827036289
3013662,452.83271242836133
3013663,0.0
3013664,104.89756516397496
3013665,1.8915514871506058
3013666,156.20267922797785
3013667,208.5649784056899
3013668,48.30279695372621
3013669,29.598778584845224
3013670,2.2458188547610085
3013671,822.2975798949675
3013672,1.8779760986451
3013673,0.48451526912494647
3013674,2.758306064062002
3013675,1.9101716286366943
3013676,0.0
3013677,53.720277799925995
3013678,3.041783157596387
3013679,1.7551747424197686
3013680,2.3946151981447157
3013681,22.662848384982563
3013682,1.4982918878418143
3013683,3.3886084598702437
3013684,37.09595446101711
3013685,1.7051037029159408
3013686,2.592829272498978
3013687,6.772257838953285
3013688,3.5017583864247888
3013689,296.94619293531196
3013690,20.55775104221135
3013691,1.0206311440774711
3013692,4.9483186635483944
3013693,0.026807183506693706
3013694,1.8246801955510255
3013695,2053.371109098534
3013696,0.0022972062940858733
3013697,139.7017412915894
3013698,5.462536498287066
3013699,709.3835483386932
3013700,325.08067882100886
3013701,237.9242146433434
3013702,49.839687616471686
3013703,39.94486112316747
3013704,2816.254390245519
3013705,7.779186700856915
3013706,0.7429089381885898
3013707,11.72655737984517
3013708,10.553499289440213
3013709,0.08769145502313445
3013710,156.8935190959294
3013711,6.494732244803045
3013712,0.07707946392094757
3013713,3.0183829215390876
3013714,14.91570677457077
3013715,1.5232908221215702
3013716,128.65923331209925
3013717,149.30695613346936
3013718,0.9713186862616641
3013719,4.51777352598374
3013720,94.54766845828047
3013721,30.97845392802119
3013722,328.13750624832625
3013723,2.253150238739407
3013724,3.1286854744650103
3013725,4.052254552877969
3013726,0.02714318173579527
3013727,6.080934573837873
3013728,2861.7212418086306
3013729,0.10387788508995205
3013730,542.874653619124
3013731,9.877458040752707
3013732,860.2635987972367
3013733,880.5937539347602
3013734,222.0163787911477
3013735,161.2655693470421
3013736,105.65284359615671
3013737,3707.912580134315
3013738,28.077721963069404
3013739,0.9334660941298389
3013740,14.587198391038697
3013741,18.992094264012703
3013742,0.277650140660367
3013743,227.9308094687116
3013744,23.315356445375606
3013745,17.737288793684062
3013746,6.8207626061678885
3013747,56.196763048488464
3013748,6.787598424306482
3013749,394.6995132685765
3013750,238.39478744816307
3013751,9.325823254907302
3013752,8.589073343980811
3013753,418.3802241730069
3013754,95.91097686533628
3013755,3543.535322570725
3013756,0.32680900469897006
3013757,23.889313326267352
3013758,4.798000198278107
3013759,0.28807343883929953
3013760,2.011161177215238
3013761,2462.428894784987
3013762,0.05660263329701173
3013763,344.7584786538387
3013764,5.282001379978769
3013765,1011.6571455155972
3013766,705.8858785077014
3013767,426.4218215572548
3013768,84.34064798961474
3013769,102.73853574758226
3013770,3617.0456795819737
3013771,8.570617495691014
3013772,0.42181659399230087
3013773,15.395459710630924
3013774,12.843350946888787
3013775,0.107739190198003
3013776,241.70797245421542
3013777,3.998947713664788
3013778,4.196200687294685
3013779,2.1010916629401697
3013780,22.210657426917173
3013781,1.3319505177344517
3013782,229.72765508014524
3013783,271.08542554804114
3013784,3.2294560844945384
3013785,4.607991638127208
3013786,239.27059636249834
3013787,84.41852399360505
3013788,729.9189170695875
3013789,32.85961690590202
3013790,5.277610466149687
3013791,7.877122260665663
3013792,0.37700097999858906
3013793,3.453681835764825
3013794,2434.9496946293198
3013795,0.11061394617450497
3013796,454.07807907724015
3013797,5.49151221440904
3013798,1092.4250077069605
3013799,609.3259952339059
3013800,286.089591536599
3013801,202.88170209588952
3013802,71.05207497351162
3013803,3614.1172017118047
3013804,12.794181815863215
3013805,0.7470811874677876
3013806,20.048186325541906
3013807,22.913826336539604
3013808,0.20631780748509584
3013809,229.39618286905085
3013810,2.983804410509198
3013811,3.0572039961557858
3013812,7.928601527721556
3013813,51.130583229800145
3013814,2.4388748851635675
3013815,140.9744287457785
3013816,235.5729616921294
3013817,2.876844049409216
3013818,7.975465100716958
3013819,185.1674598615068
3013820,140.87655276456888
3013821,1017.3099830262735
3013822,0.8527145109336305
3013823,4.834348807174698
3013824,3.6082076578782436
3013825,0.1699187256779101
3013826,1.1268912953839156
3013827,1200.9001012687775
3013828,0.02044143267121852
3013829,155.32212583683597
3013830,6.283989301893724
3013831,563.5091421385747
3013832,317.9734099133305
3013833,155.97082632664703
3013834,63.41291097686475
3013835,33.967258413475044
3013836,2174.792021600224
3013837,5.154638732781206
3013838,0.5271592777123906
3013839,15.350619546524747
3013840,13.493828025104712
3013841,0.16193727269493177
3013842,131.13562412234847
3013843,0.7758485340524166
3013844,0.3542436443089556
3013845,4.216313177483961
3013846,25.684308360031107
3013847,2.6573266698026536
3013848,69.58381157772776
3013849,121.88616020725445
3013850,0.9163333075027609
3013851,5.065902903016464
3013852,88.75261219828964
3013853,36.106052010329186
3013854,372.3585475670351
3013855,5.702732925623914
3013856,2.0376601717887963
3013857,1.7914435794878392
3013858,0.0
3013859,2.693484199208134
3013860,1396.9401261202618
3013861,0.061295678602397534
3013862,249.10830637572553
3013863,9.90482762169502
3013864,511.06135097506626
3013865,448.15326392204196
3013866,125.13215682453522
3013867,47.983389597760365
3013868,52.61435952615053
3013869,2035.262709878013
3013870,27.642022922603655
3013871,0.11483699221209603
3013872,6.997528889330695
3013873,13.342579200685336
3013874,0.13717622244873778
3013875,122.73810246398735
3013876,10.364234551064758
3013877,1.2155172703811759
3013878,2.7308477557808843
3013879,38.40618316787275
3013880,3.7371915247702656
3013881,511.4852366437642
3013882,131.3589054325715
3013883,3.172165591398042
3013884,4.265423959814982
3013885,267.60091827043857
3013886,34.30528350635329
3013887,1867.799403344624
3013888,0.020595570155328338
3013889,11.422918174282511
3013890,2.973651248168104
3013891,0.019077112274274322
3013892,5.158139554917003
3013893,3618.084198551683
3013894,0.07786772115953544
3013895,855.472803848256
3013896,14.944469811563856
3013897,1064.2489155656874
3013898,1352.6199942211763
3013899,264.62166136058335
3013900,199.76762964382107
3013901,171.9494363293347
3013902,3971.9796077257856
3013903,25.254099991522082
3013904,1.0121095282371457
3013905,16.726963042353386
3013906,36.780577106231
3013907,0.2130763366316045
3013908,243.4849291039182
3013909,12.38766799933728
3013910,49.85771671174125
3013911,8.643127651286035
3013912,87.82345234980708
3013913,11.567052123574053
3013914,296.5005000870043
3013915,283.75063704697203
3013916,19.030128215797873
3013917,12.950284921242199
3013918,406.13439820411
3013919,108.16641626919528
3013920,6538.350283855125
3013921,0.38653417455143735
3013922,24.915105632422854
3013923,0.3149205698759767
3013924,0.0
3013925,0.7410465314956687
3013926,1307.3332831375449
3013927,0.0
3013928,293.84579660645625
3013929,3.020009969121322
3013930,317.31019481819044
3013931,389.381405173032
3013932,93.78685881655949
3013933,5.837532654617352
3013934,6.466745523992721
3013935,1290.9291339792853
3013936,4.784450647720903
3013937,0.14416098663037746
3013938,4.198868951410184
3013939,2.9341078553761255
3013940,0.0
3013941,76.28280788312816
3013942,0.0
3013943,33.56497819809932
3013944,1.3527129039867383
3013945,84.00004192408035
3013946,2.717088701922644
3013947,9.015436287605203
3013948,101.72826594879169
3013949,2.839841881143432
3013950,2.5350272139757095
3013951,11.004936911461078
3013952,6.019026114834581
3013953,2467.3679829180637
3013954,0.0
3013955,0.14989005406542183
3013956,2.3318438862055517
3013957,0.0
3013958,0.3940718954474281
3013959,770.879272489906
3013960,0.0
3013961,168.59245514885328
3013962,4.200779844412186
3013963,298.797327867545
3013964,195.5582116975508
3013965,62.727385544098844
3013966,32.88721781369158
3013967,25.722860444567722
3013968,1157.5570758016806
3013969,2.9284485357523837
3013970,0.29061784739884255
3013971,5.257376868335895
3013972,4.9256548103437
3013973,0.09224569076411034
3013974,64.7627321281445
3013975,0.4646020384347923
3013976,6.4256584870067535
3013977,1.1115294848684676
3013978,15.947009627703185
3013979,0.5072887806309554
3013980,191.20488993949735
3013981,105.59914137875936
3013982,1.8240729152439785
3013983,1.6324416749354103
3013984,104.61003773099279
3013985,13.089859631097012
3013986,799.5049809533264
3013987,0.2755927957062552
3013988,1.642343645719047
3013989,4.375235784565541
3013990,0.03813929663519864
3013991,4.874231945105874
3013992,2904.508377651753
3013993,0.03768392633552233
3013994,600.3652075291873
3013995,10.872099545767997
3013996,825.4066785029274
3013997,865.0408177896952
3013998,242.87178597630898
3013999,208.55747586301766
3014000,116.46518700000226
3014001,3302.013419094258
3014002,18.833210571199622
3014003,1.3455116244539669
3014004,15.978218232793914
3014005,23.826793054177273
3014006,0.3252277376366447
3014007,186.43320245470125
3014008,5.457117141869804
3014009,41.81238309658598
3014010,4.4792244018159675
3014011,84.6369838130174
3014012,3.9953080600857938
3014013,250.9877290878142
3014014,196.73422479254756
3014015,10.205252014397857
3014016,9.313153546802571
3014017,321.3778499446641
3014018,76.05933724735095
3014019,3974.7723596549868
3014020,0.5001287065131372
3014021,15.026408858017767
3014022,5.94520693523807
3014023,0.04912851836209533
3014024,1.034643847284995
3014025,2665.58880693386
3014026,0.0
3014027,495.1985852585669
3014028,8.404147782276299
3014029,920.2916144848817
3014030,779.8242864972698
3014031,294.16764506257806
3014032,189.67540185985996
3014033,62.130502313790934
3014034,3574.724616499312
3014035,6.276364706115314
3014036,0.7160996777793347
3014037,23.22662867529953
3014038,13.202311775209148
3014039,0.3536380011946875
3014040,217.8627683319863
3014041,0.0
3014042,3.1186202659084614
3014043,4.286323374925639
3014044,41.69243289971077
3014045,1.0076254262424373
3014046,196.5851777124533
3014047,231.42609410470823
3014048,4.594755043606917
3014049,5.081949826292618
3014050,174.6920724848294
3014051,56.18295529493061
3014052,1055.783352519849
3014053,1.1916769663393043
3014054,2.8521157599044025
3014055,4.817536238013354
3014056,0.3068544285542127
3014057,2.937233103991466
3014058,2395.754722762581
3014059,0.09090292709639149
3014060,468.19698070765537
3014061,7.587932445585901
3014062,898.454965121899
3014063,701.8795466031708
3014064,232.63224794549654
3014065,166.80613311418657
3014066,127.28658484322483
3014067,2979.433124063878
3014068,8.628128133653963
3014069,0.66806960964566
3014070,17.97487798642873
3014071,18.023034889525135
3014072,0.23366483797441062
3014073,203.34979341955298
3014074,0.0
3014075,2.2257820728903552
3014076,3.2968732154448013
3014077,50.968140967962015
3014078,1.429800668955219
3014079,165.42199542571166
3014080,220.2272737773825
3014081,4.736724479724893
3014082,5.175800554745353
3014083,216.1876077246511
3014084,87.78836501291423
3014085,1084.196105145309
3014086,1.0662808649115174
3014087,3.0385606646301726
3014088,7.623026042989501
3014089,0.390910956766668
3014090,9.906565172125907
3014091,7875.05577303573
3014092,0.3152353364132268
3014093,1255.8403757183003
3014094,36.31358921574374
3014095,1771.7029871796626
3014096,2213.1398062268327
3014097,343.91224187249503
3014098,510.8223750764691
3014099,329.74956339800946
3014100,7380.014244964811
3014101,80.09953592389036
3014102,2.8684656800735926
3014103,44.78021355939231
3014104,53.56978643591166
3014105,1.1543527967542788
3014106,451.87369014206575
3014107,44.53026471944827
3014108,68.61859402813666
3014109,22.224873846139435
3014110,193.7593185583877
3014111,21.429200219786626
3014112,718.2414998233145
3014113,422.51358140458393
3014114,20.762333312873473
3014115,26.254904207156923
3014116,1114.459594871996
3014117,337.06422341145816
3014118,11984.938856818948
3014119,1.2238117099728645
3014120,85.72197697085026
3014121,2.518607241331536
3014122,0.013338828004876792
3014123,0.3678460855333819
3014124,1240.3462406241947
3014125,0.0
3014126,132.89274624275853
3014127,2.776309264803614
3014128,426.8971544442589
3014129,295.00880615140886
3014130,96.41462868110496
3014131,118.51754239543595
3014132,34.22255157736475
3014133,1621.4255020202802
3014134,2.5802350217471344
3014135,0.5694018952970179
3014136,10.622180985797918
3014137,5.875322815853631
3014138,0.12278693080207388
3014139,103.3615823402848
3014140,0.33743296207755125
3014141,0.2799009113788936
3014142,2.3527024611887013
3014143,28.586537786177182
3014144,0.5855838587903348
3014145,54.56520515546128
3014146,89.89191934462798
3014147,1.365938387186175
3014148,3.0443145261460876
3014149,83.68855765929096
3014150,18.479999421523583
3014151,380.56824068735546
3014152,0.10195763850943813
3014153,2.2709315729834527
3014154,6.365659617407284
3014155,0.25486860047783916
3014156,1.4935774696545652
3014157,2214.0808051631348
3014158,0.03453131612976746
3014159,387.79600208695666
3014160,6.97407083164738
3014161,985.96429182619
3014162,672.9385123135637
3014163,203.39885463090064
3014164,202.03951392635005
3014165,56.10905848498546
3014166,3482.631023730824
3014167,8.484548494579181
3014168,0.45840646119977135
3014169,16.409707022166728
3014170,18.203032581070165
3014171,0.25752562488871406
3014172,213.4634839932745
3014173,1.103122345446791
3014174,1.537575890325484
3014175,8.117844428768356
3014176,15.839926808084414
3014177,1.154835367769349
3014178,282.16193224016
3014179,222.9003346116304
3014180,3.1751426041914987
3014181,6.580305739007116
3014182,119.78628321463549
3014183,59.32840155843773
3014184,939.612605048644
3014185,0.7749327765226983
3014186,3.434084345796191
3014187,1.244627517863071
3014188,0.0
3014189,0.06584849166220207
3014190,695.4416581025823
3014191,0.0
3014192,91.62358652409736
3014193,1.7821445515704752
3014194,377.1721279505133
3014195,185.62607635824142
3014196,76.96156708401233
3014197,123.96314860508384
3014198,15.566196206537914
3014199,1393.514028593102
3014200,0.9470180120467819
3014201,0.1416948489980518
3014202,4.457369215433295
3014203,2.7536015094832997
3014204,0.0
3014205,69.77464786570724
3014206,0.0
3014207,0.002034985998630246
3014208,0.510090960004715
3014209,12.59540493107833
3014210,0.17264681775290172
3014211,50.21333989907307
3014212,75.47612770287722
3014213,0.28131818129053826
3014214,0.9651208617538434
3014215,47.68159101624896
3014216,9.63211923045217
3014217,126.92363349384924
3014218,0.0035595701303166795
3014219,0.7405003990679497
3014220,6.000515653591681
3014221,0.050889997797787814
3014222,0.5384846068918336
3014223,1536.1837720620545
3014224,0.0
3014225,206.39047247491513
3014226,5.572800849591636
3014227,710.5292851902876
3014228,412.12954953082107
3014229,154.9361433952882
3014230,129.4541503990605
3014231,47.327251667458675
3014232,2382.979313626203
3014233,1.6461405807365068
3014234,0.44963893492693185
3014235,20.177639930027542
3014236,14.489952984374524
3014237,0.06030860275080405
3014238,159.9218097742593
3014239,0.0
3014240,0.14024954240674065
3014241,8.761419814928665
3014242,28.91454172695033
3014243,1.1150224733506602
3014244,217.79091995714884
3014245,158.09977229899496
3014246,1.088000826227669
3014247,4.318133783340682
3014248,153.38398127478044
3014249,30.829282031358293
3014250,823.6699287559816
3014251,0.09410607061911345
3014252,0.683292386050895
3014253,3.065403990341962
3014254,0.0955132840126404
3014255,3.264400493789055
3014256,2447.1496714906293
3014257,0.018642397925950814
3014258,563.8329849454452
3014259,7.77664357520551
3014260,789.4168660264522
3014261,613.6653695471226
3014262,203.299665780405
3014263,108.07145823840617
3014264,71.02935178613711
3014265,3309.498601243814
3014266,3.5528068816063003
3014267,1.333069282248343
3014268,25.402232649145837
3014269,35.299559615228645
3014270,0.38889375169420687
3014271,185.51472268041067
3014272,3.987012784436115
3014273,3.9403848783792874
3014274,5.142020111938582
3014275,29.495116648088192
3014276,2.02891047389881
3014277,171.1293388289863
3014278,242.00486889821357
3014279,3.0598044836278993
3014280,5.283920365530271
3014281,130.50338981126353
3014282,29.20996273646941
3014283,686.594290308655
3014284,1.92251520948273
3014285,1.7793444680605424
3014286,3.5659681887952663
3014287,0.0
3014288,0.09232844765656754
3014289,1258.0446133726732
3014290,0.0
3014291,81.77912304605272
3014292,2.5250942673327605
3014293,403.39668479289713
3014294,187.81689207346335
3014295,66.91235314043534
3014296,134.63543750061274
3014297,26.242299095786205
3014298,1560.130570376539
3014299,1.7756445221662824
3014300,0.23394733549809135
3014301,4.857982132868124
3014302,5.2266785034534005
3014303,0.04853951860974715
3014304,78.94345121146354
3014305,0.0
3014306,0.019109315315777455
3014307,0.25508141962588043
3014308,15.591258741284825
3014309,0.46609521055842285
3014310,139.14090682710446
3014311,74.09155537103719
3014312,0.4623213443738128
3014313,1.1513220879240587
3014314,39.4445959666697
3014315,13.792814737419034
3014316,294.69652171417385
3014317,0.13250319647848927
3014318,0.06748310852623783
3014319,4.011285183494985
3014320,0.0
3014321,0.911318423003769
3014322,2684.3142136100278
3014323,0.0
3014324,418.4998141297254
3014325,5.67343012494845
3014326,793.4895533760541
3014327,690.3817300345661
3014328,188.9778665917619
3014329,112.62902526804123
3014330,61.34599930259926
3014331,3254.495397527426
3014332,5.4615381067316715
3014333,0.3954260968884845
3014334,18.707933205741273
3014335,10.694115415092647
3014336,0.13499529803090435
3014337,179.37951658733337
3014338,0.0
3014339,14.714618147018697
3014340,2.262456447173997
3014341,38.245649883092874
3014342,0.9473553377606889
3014343,197.0751346743011
3014344,200.04868863281897
3014345,2.429154189557071
3014346,4.658372205327296
3014347,111.94928785983394
3014348,43.32435798637459
3014349,962.5930614501247
3014350,0.5504950242314817
3014351,0.5134651012386622
3014352,2.7180281766939927
3014353,0.0
3014354,5.819853008710785
3014355,2481.712696046833
3014356,0.0408262728795161
3014357,530.9982366100488
3014358,10.445741797137941
3014359,865.5617378786607
3014360,899.3754620669288
3014361,140.50706041399556
3014362,120.77787652130333
3014363,126.94321850593133
3014364,3272.4229523986396
3014365,45.37434917230692
3014366,1.1648526089314162
3014367,18.235098309778238
3014368,19.93400489323717
3014369,0.13595813651760016
3014370,201.6085219530371
3014371,21.84987084489344
3014372,37.240666040413856
3014373,2.9162901542626973
3014374,84.85931752238574
3014375,7.874414009455732
3014376,197.57038543312623
3014377,230.7262527041663
3014378,10.880495439900528
3014379,9.292333711308594
3014380,197.26908513114319
3014381,82.137844191077
3014382,4412.700511531044
3014383,0.19116684697249972
3014384,14.007063061970538
3014385,3.625351636046279
3014386,0.0
3014387,6.490179567541953
3014388,1790.129193083512
3014389,0.05307633853439989
3014390,446.83640940282896
3014391,10.498020267905877
3014392,812.1000961654019
3014393,760.0459060292332
3014394,131.0999209689951
3014395,84.70610351795163
3014396,108.97069004270314
3014397,2999.5242381688277
3014398,20.73663796751818
3014399,0.8689376020166493
3014400,21.0310741153321
3014401,24.103197866577958
3014402,0.0017072359909392097
3014403,235.76615236304926
3014404,19.79904539717664
3014405,19.79284431279111
3014406,5.82453960052364
3014407,71.62285216191208
3014408,7.508554449516238
3014409,138.33414243334528
3014410,255.28723124799643
3014411,7.058121060118863
3014412,9.28216188520941
3014413,122.67911361411471
3014414,79.75887673124814
3014415,3415.2845943275884
3014416,0.19944956686036389
3014417,11.624857443531985
3014418,6.286522624161602
3014419,0.1990656995844772
3014420,4.612652843969643
3014421,2872.681845236096
3014422,0.04713841478800168
3014423,654.4819535955185
3014424,7.663404984006423
3014425,1136.2745970154538
3014426,672.2345503180615
3014427,177.0517498988302
3014428,288.3808003514188
3014429,62.044143316962135
3014430,4133.42273534307
3014431,28.00147467350783
3014432,1.2846660855605512
3014433,19.762775019904936
3014434,20.302371220812674
3014435,0.22324326188032514
3014436,262.3975554575793
3014437,5.1088591370541625
3014438,12.825459946556922
3014439,5.417841570484893
3014440,36.608237459421034
3014441,3.0270406153712095
3014442,150.16833933404357
3014443,255.74444199066664
3014444,6.134685596791861
3014445,8.324644831258475
3014446,157.867666935227
3014447,62.51602193821822
3014448,1107.8243498965908
3014449,11.961055998105678
3014450,8.365265527880869
3014451,2.676029795555292
3014452,0.0
3014453,4.067236047764855
3014454,2275.4902391540973
3014455,0.045133998756075926
3014456,372.8102682641424
3014457,6.8122494836387535
3014458,752.1090055711121
3014459,772.546991669341
3014460,185.2990405358736
3014461,122.22663910939991
3014462,85.1534913961119
3014463,2887.196305509114
3014464,16.31623011915823
3014465,0.8483838299771045
3014466,12.492824160158056
3014467,12.31738859133585
3014468,0.1920712676231238
3014469,203.36523321193823
3014470,18.741647453726795
3014471,23.737870493293123
3014472,1.4586165137023808
3014473,53.099753609521606
3014474,5.264204452990465
3014475,275.97328750924254
3014476,196.5263838153954
3014477,7.378151795689401
3014478,7.478156568576749
3014479,334.1485515471128
3014480,59.25309999923375
3014481,3280.51098659092
3014482,0.05047803353323426
3014483,21.680522123775017
3014484,3.405679357473992
3014485,0.2142107187379583
3014486,0.8601763540659253
3014487,3103.855016984982
3014488,0.02609753572249654
3014489,398.074024638858
3014490,6.568143461498604
3014491,1303.0945492377307
3014492,679.9642426831086
3014493,261.49157233512483
3014494,145.16460028170417
3014495,53.05291346399944
3014496,4501.535180162015
3014497,9.44188558374951
3014498,0.7705356734020878
3014499,22.271933033739348
3014500,23.72239981088909
3014501,0.18719358515539827
3014502,301.63605390682625
3014503,0.0
3014504,0.5143675656738378
3014505,7.3671318704048705
3014506,32.477931257115
3014507,1.6596748855686014
3014508,120.00804438081333
3014509,263.2495203499684
3014510,2.147776776161863
3014511,6.802532319041437
3014512,146.81961295906905
3014513,47.91238184388987
3014514,893.4268394056552
3014515,0.1331550445263072
3014516,2.6227716047840293
3014517,3.9155349725288886
3014518,0.03413357895033616
3014519,7.044558614931038
3014520,1963.1845569869315
3014521,0.11176819306189302
3014522,474.0494013534015
3014523,10.176789395985782
3014524,831.8962316742495
3014525,660.3752171284879
3014526,192.36474595722018
3014527,111.41980736596678
3014528,112.69623315232056
3014529,2979.5385830580212
3014530,24.117137792976504
3014531,0.8594566841219895
3014532,16.181088176484998
3014533,18.957701254286864
3014534,0.23192196839605309
3014535,196.0995302788044
3014536,11.383696840964896
3014537,33.84764400096679
3014538,5.557954520788234
3014539,48.234313667564834
3014540,8.275058238318957
3014541,171.03330059685163
3014542,261.24404087451325
3014543,10.41599443760962
3014544,9.065178658841113
3014545,149.93163072631313
3014546,51.98454510628447
3014547,3188.473415276767
3014548,0.35523020806204536
3014549,5.969901033323993
3014550,3.3531248834063456
3014551,0.1811055001158351
3014552,5.053743686568505
3014553,2455.3931515691097
3014554,0.20422531137714747
3014555,637.1116911675002
3014556,9.631483509882132
3014557,758.1430832708908
3014558,878.1246136499286
3014559,169.37286157872484
3014560,167.50279021964812
3014561,109.21550592056298
3014562,3416.3381655034277
3014563,40.417804284085946
3014564,0.8492714983627101
3014565,14.804676828960483
3014566,17.708113075401087
3014567,0.21246826909149122
3014568,189.53074392429016
3014569,16.286612111254914
3014570,73.6376600133109
3014571,9.675968250566324
3014572,83.23837383761958
3014573,9.620402714837976
3014574,220.68483342882885
3014575,207.2825707676409
3014576,10.960858725951347
3014577,11.36036901494051
3014578,327.79361285938796
3014579,92.9010873576898
3014580,3944.225594504529
3014581,0.5244585612911155
3014582,11.33686910354621
3014583,4.13691086803352
3014584,0.023880550594083255
3014585,1.8852753982858075
3014586,3478.648597234574
3014587,0.03453565495162996
3014588,381.6258323356051
3014589,8.407577646095575
3014590,923.4601799894408
3014591,544.8309930756686
3014592,236.80503912456172
3014593,137.08547180016117
3014594,35.732725319300876
3014595,3528.9883755026867
3014596,4.149154203434583
3014597,0.4621613913546698
3014598,16.13334564490221
3014599,15.635757699365893
3014600,0.06897521821663913
3014601,186.7877817342213
3014602,0.0
3014603,3.0842048382080396
3014604,1.609779476662479
3014605,40.793696526192875
3014606,1.7797695548960513
3014607,167.76082528158247
3014608,202.7805435437868
3014609,2.2335019706765182
3014610,3.7146133144317766
3014611,179.31626903327793
3014612,75.19812880039507
3014613,627.6616490931634
3014614,1.447549166687649
3014615,0.46240352787382355
3014616,14.705556712197309
3014617,0.1154258752685269
3014618,13.065084579192648
3014619,8996.402943387951
3014620,0.30643633494011835
3014621,1491.1803577504136
3014622,30.043157323484966
3014623,2071.166536898117
3014624,2545.4564073942397
3014625,480.41881247112644
3014626,611.9109978200341
3014627,448.9572626945674
3014628,8470.508605750305
3014629,75.37286398354813
3014630,3.26202429889807
3014631,68.77232149155971
3014632,90.23988254426617
3014633,1.1247648271455097
3014634,492.26557301007887
3014635,37.9999787749098
3014636,28.312031462801635
3014637,25.745286830467176
3014638,287.6328607782034
3014639,19.8183719512182
3014640,834.7362843529158
3014641,449.9665274945661
3014642,30.657828145437552
3014643,36.022645938050765
3014644,1099.5855104622854
3014645,371.3496278539366
3014646,14775.932748634847
3014647,140.53287625980417
3014648,97.11799865076118
3014649,11.300280459987588
3014650,0.02441609610321753
3014651,11.556593542615852
3014652,7690.865611560584
3014653,0.2588525277175863
3014654,1283.0601899483968
3014655,29.77189366810482
3014656,1977.3680134151248
3014657,2073.566356223937
3014658,517.1028782028685
3014659,288.9887525010811
3014660,306.39263504243866
3014661,8406.301324636268
3014662,81.1980452527318
3014663,1.0063918296384613
3014664,46.0026638461863
3014665,71.45569015395034
3014666,0.7793994323140603
3014667,527.4402438209167
3014668,30.219465258429732
3014669,39.464474864941074
3014670,5.82421140297158
3014671,151.74991633682714
3014672,13.960754095085482
3014673,900.5405499832583
3014674,553.0407110850475
3014675,24.684036618190838
3014676,26.497739334780636
3014677,957.2343946437563
3014678,238.1373112499488
3014679,9124.731267796658
3014680,127.0678947217865
3014681,71.05770575602381
3014682,9.168698080205326
3014683,0.0
3014684,12.937973392070187
3014685,4741.091725180062
3014686,0.09238948071263497
3014687,720.9846796965011
3014688,19.166689232533134
3014689,1717.0501520507908
3014690,1261.6605677647349
3014691,610.3453328547313
3014692,128.23306421173265
3014693,193.29468020104036
3014694,6852.861546338365
3014695,37.1670952571004
3014696,1.0006299384443031
3014697,24.345653555069077
3014698,38.222990654165955
3014699,0.645126067525819
3014700,442.64417976973147
3014701,37.19517960575067
3014702,34.695015865528816
3014703,6.067987209941518
3014704,86.72034231693955
3014705,7.1646157098283805
3014706,807.2996472262614
3014707,529.7382116289419
3014708,23.354858347319574
3014709,24.245066963641122
3014710,670.8940878837863
3014711,124.51059219778737
3014712,3709.508253989478
3014713,105.71659569215356
3014714,35.24401032929295
3014715,11.531008614254981
3014716,0.05768877671429769
3014717,14.01464989007999
3014718,7303.594616978418
3014719,0.2799000046904376
3014720,1209.384927334742
3014721,24.720229267464653
3014722,1897.6369000659195
3014723,2035.4328447876283
3014724,528.1729553586956
3014725,280.6498804500684
3014726,264.4305227353846
3014727,8120.454378325546
3014728,56.18782678142125
3014729,1.5381017371106656
3014730,44.81255217832769
3014731,60.19477857035066
3014732,1.0439172630142797
3014733,526.5190754855531
3014734,34.1911430428362
3014735,42.06826854430528
3014736,7.6055179207001515
3014737,137.84141680841986
3014738,11.423546983588437
3014739,760.7364701326455
3014740,554.6583740564613
3014741,23.553916536766543
3014742,25.19732739742569
3014743,971.6953737035519
3014744,212.82983162706486
3014745,8649.128912892362
3014746,107.59001017656938
3014747,67.64412621834236
3014748,8.058479920235603
3014749,0.0
3014750,11.718956082195053
3014751,3670.3241554932265
3014752,0.03236373377840671
3014753,578.2312067313185
3014754,15.345829275147619
3014755,1442.3893009957983
3014756,962.8568509854905
3014757,461.8046913278282
3014758,91.50940562326885
3014759,124.23461117040624
3014760,5798.825753585585
3014761,34.042335534430464
3014762,0.47437456398249533
3014763,23.696925269541826
3014764,27.78096117196516
3014765,0.31085504431148836
3014766,399.5669820383637
3014767,16.07901787318843
3014768,11.658265552788357
3014769,4.410288173959627
3014770,70.5552420723213
3014771,4.625776848503243
3014772,647.6460888959638
3014773,467.27661739605145
3014774,15.411922864407963
3014775,16.07342721963586
3014776,516.5654053072727
3014777,79.68804096918886
3014778,2510.94520180337
3014779,124.88962711459939
3014780,18.379280940463605
3014781,9.580687518110656
3014782,0.04720521624383305
3014783,10.274493736210095
3014784,7470.767525265633
3014785,0.2754896803069405
3014786,1353.1720130057215
3014787,29.969082496026104
3014788,1781.5354396048776
3014789,2273.114610916998
3014790,389.72118956800944
3014791,439.31326572591456
3014792,341.2695353023397
3014793,7317.916041271219
3014794,64.33442871182427
3014795,1.7629096760067182
3014796,41.682890436990505
3014797,44.32643107636782
3014798,0.8690128939700335
3014799,421.09815480902233
3014800,18.106995137715625
3014801,38.858780291892195
3014802,13.424837747365595
3014803,180.59086719526715
3014804,15.13536266380408
3014805,721.9950496617223
3014806,425.0798724769266
3014807,22.2849909165895
3014808,31.503016270458794
3014809,858.1729127610682
3014810,266.37007742859345
3014811,12111.242530891486
3014812,95.41688520024708
3014813,74.8705346911835
3014814,3.774434180815602
3014815,0.0955755403278284
3014816,3.6765836098828624
3014817,1636.906804643878
3014818,0.15727480861737125
3014819,307.7272447501209
3014820,16.932632226623753
3014821,722.5624536458856
3014822,473.5389010098333
3014823,189.9968550237006
3014824,87.8748267561675
3014825,88.40470720789797
3014826,2415.668438596128
3014827,15.615835320226822
3014828,0.6488647107816332
3014829,15.566736707073716
3014830,25.6789791858323
3014831,0.21391060622009372
3014832,183.20059922065818
3014833,11.409961138896945
3014834,6.947706083029057
3014835,8.829588696904258
3014836,41.46024310605973
3014837,6.63039416563953
3014838,218.5791218903676
3014839,205.88349943702772
3014840,3.6617915000739085
3014841,7.899904158749969
3014842,198.884422029463
3014843,63.61990191149046
3014844,2118.11554843652
3014845,0.18948425978545722
3014846,8.268209822492556
3014847,8.076990594865888
3014848,0.0
3014849,9.646025852633937
3014850,3646.047833922107
3014851,0.15472354386175655
3014852,532.1790942606561
3014853,24.568668555715576
3014854,1229.249320291418
3014855,873.9315362202958
3014856,386.6352536280349
3014857,82.82886483434285
3014858,123.76937684973817
3014859,5303.469931128187
3014860,42.28101928299512
3014861,0.7915829929056419
3014862,31.814888222899604
3014863,43.593328290063454
3014864,0.2752216850427262
3014865,344.4337982689994
3014866,18.918695382663422
3014867,10.215796360043797
3014868,2.8911223654165457
3014869,93.69640731833215
3014870,7.870530257800592
3014871,482.3665860206935
3014872,384.18947995580834
3014873,10.274176205822423
3014874,18.446450500418628
3014875,327.9803727303466
3014876,78.656044134424
3014877,2958.339651517569
3014878,107.53936658533294
3014879,15.879322846024756
3014880,5.2691036816647925
3014881,0.0
3014882,5.630028821335375
3014883,4836.771931881244
3014884,0.06367557918023639
3014885,885.3983253301993
3014886,12.014973252158255
3014887,1202.0938260380135
3014888,1419.1391913324655
3014889,234.7003023628133
3014890,288.1277199663321
3014891,213.79675754248416
3014892,4552.54433659375
3014893,28.815171378982395
3014894,1.0976875489617148
3014895,19.303678975434597
3014896,35.41843702821451
3014897,0.5107821341193213
3014898,291.5216449008858
3014899,2.1377067351785275
3014900,59.19515793355436
3014901,4.082893817904191
3014902,126.19183683753292
3014903,7.979272879390809
3014904,570.6329153208605
3014905,253.37875816244932
3014906,20.094101999798905
3014907,11.183048397974552
3014908,612.1472998615983
3014909,129.10563036224036
3014910,8805.020159209327
3014911,1.9156802005910625
3014912,43.318052394013336
3014913,4.802094385273309
3014914,0.4699911780497953
3014915,5.959236438281799
3014916,3886.2732802081773
3014917,0.44640958586102664
3014918,1075.3650103216007
3014919,5.466312534923363
3014920,1296.20068866104
3014921,899.3071888503234
3014922,382.7773456303021
3014923,33.82281401792254
3014924,22.109427327080564
3014925,4512.9630854099705
3014926,26.34687371749375
3014927,1.5968898083231933
3014928,9.47120361520299
3014929,28.40930576033161
3014930,0.9916112101441761
3014931,280.87259054277473
3014932,4.300779203154717
3014933,47.599188176578096
3014934,3.8522463030064076
3014935,127.23343132540569
3014936,5.204112219325582
3014937,78.32883745582318
3014938,368.4884232525066
3014939,9.689959483800813
3014940,14.33226411949222
3014941,140.2940128813842
3014942,52.37802380834712
3014943,5164.842851944482
3014944,2.961348700066634
3014945,9.167974942393837
3014946,6.952669632409847
3014947,0.17779961939288735
3014948,5.954015732317626
3014949,2162.4316904444795
3014950,0.14897126373150696
3014951,491.15257894503753
3014952,7.9753256712825085
3014953,902.0908639085392
3014954,569.0854112871941
3014955,229.48910278094223
3014956,163.92120092381356
3014957,157.94032790653264
3014958,2653.763366793695
3014959,13.678474921796527
3014960,1.0905361672160572
3014961,14.56880801875248
3014962,24.15611751459395
3014963,0.3108789448086334
3014964,192.82722271345565
3014965,3.3346667278803466
3014966,15.360955832104626
3014967,4.366881653470066
3014968,72.66561570934252
3014969,3.533278867687991
3014970,281.61275133632495
3014971,240.93392372363624
3014972,6.081339260246611
3014973,7.5309352396775715
3014974,222.42564009878177
3014975,83.11790271884415
3014976,3281.5013829056434
3014977,0.7777219792491443
3014978,3.9340142956834994
3014979,4.546356243739361
3014980,0.07705438780534456
3014981,0.35282654126480134
3014982,1538.6163507822002
3014983,0.0
3014984,174.70392897800753
3014985,3.2231814953134164
3014986,787.940482081651
3014987,225.86999157140113
3014988,172.23451044738343
3014989,56.545277372840474
3014990,23.06362209666789
3014991,2466.315859159334
3014992,4.860238967691631
3014993,0.4026376902085613
3014994,11.722537782483135
3014995,8.842168452401044
3014996,0.06627158496099089
3014997,167.43036435600888
3014998,0.0
3014999,0.08142686711048162
3015000,2.0424110618907445
3015001,12.645543401050334
3015002,0.6370744527609573
3015003,55.196304541539206
3015004,145.67413356261753
3015005,0.33319138793350406
3015006,2.8132223302974837
3015007,46.59856323302852
3015008,49.7221553759118
3015009,474.99812244402494
3015010,0.15366783633415262
3015011,1.0343913645539713
3015012,3.407819396854957
3015013,0.0
3015014,5.942361221814808
3015015,3272.425555860313
3015016,0.0001642169192251636
3015017,508.7472983869755
3015018,10.67549910959167
3015019,1010.9224988732947
3015020,900.4358769110336
3015021,295.24076074873284
3015022,155.50967241643545
3015023,135.81035239301852
3015024,4097.082214213326
3015025,30.33162919346309
3015026,0.613289791300512
3015027,20.441658633783277
3015028,37.014983296522836
3015029,0.09852240659226376
3015030,259.8574482166535
3015031,23.048635658227866
3015032,19.713646022627664
3015033,12.764367423233162
3015034,55.66705186734383
3015035,6.292614916302145
3015036,366.6698008063149
3015037,276.3476128707521
3015038,9.683024049661594
3015039,10.856224291974252
3015040,447.6430071782502
3015041,91.1537838393715
3015042,3429.6138077718474
3015043,0.06504281874608504
3015044,29.196482390747292
3015045,3.7832835467385184
3015046,0.029956645475113345
3015047,6.59116394900138
3015048,4601.531087192765
3015049,0.14361886015590228
3015050,785.8397731826288
3015051,15.86525057081063
3015052,1087.8101018584746
3015053,1408.1637986107637
3015054,192.21173269988827
3015055,309.3836805136758
3015056,212.0850561689877
3015057,4206.565215431172
3015058,40.1230268099743
3015059,1.9160401075563578
3015060,19.05943448642411
3015061,29.709699047087366
3015062,0.5678156440281379
3015063,257.14368525138144
3015064,13.282564624853435
3015065,63.59153908666953
3015066,11.086347778032327
3015067,129.33764933803437
3015068,11.7071797296919
3015069,498.7085864123765
3015070,239.67969883505307
3015071,9.628211253086205
3015072,12.919602860783849
3015073,629.2785903224112
3015074,153.35344055045422
3015075,9159.445594140792
3015076,0.3153731839564142
3015077,47.98418629751615
3015078,4.081781390938568
3015079,0.08546660174406015
3015080,8.831011525457
3015081,4366.67494139089
3015082,0.12611419406692856
3015083,806.6733250170412
3015084,21.451037637449037
3015085,1115.0468575336797
3015086,1410.5229339325617
3015087,250.60996344707635
3015088,278.80241270597315
3015089,176.1566989188076
3015090,4483.754494796497
3015091,37.855229832280024
3015092,2.135909611875607
3015093,30.946742824979356
3015094,39.64919598856857
3015095,0.6966608081511272
3015096,307.36238675659894
3015097,36.09941386030381
3015098,53.15596685723951
3015099,25.11236198813441
3015100,123.11414914041565
3015101,14.044937261986668
3015102,382.8459385155868
3015103,293.253617421855
3015104,17.66964498171296
3015105,19.029408128281517
3015106,496.7081851862219
3015107,152.63299735625415
3015108,7355.3693173593765
3015109,0.49091687478183565
3015110,39.332206790313094
3015111,8.948840225655912
3015112,0.15718577595844324
3015113,6.0847089324355235
3015114,2997.9975386694346
3015115,0.0
3015116,485.35567916969916
3015117,10.780626730500481
3015118,1274.2170080564988
3015119,764.7382469927687
3015120,479.74917771479534
3015121,138.03416186220176
3015122,68.79482080572345
3015123,5116.047474107098
3015124,6.580437863296613
3015125,1.1062683237967592
3015126,33.33423981419338
3015127,26.300849935359384
3015128,0.09238781369797165
3015129,351.84752345246557
3015130,10.976564225156125
3015131,4.07896429305638
3015132,7.579456589605593
3015133,36.70126176426971
3015134,3.119471666405212
3015135,322.22012955289426
3015136,320.7400624514658
3015137,5.512622278238133
3015138,9.87056621695868
3015139,388.588426588847
3015140,76.7521272287357
3015141,1032.5908567615957
3015142,48.43439164171477
3015143,11.028057401318145
3015144,3.020310457422342
3015145,0.049341401622682204
3015146,2.6682027453495794
3015147,2272.354069413884
3015148,0.11306016965963706
3015149,386.4943349607963
3015150,13.911667299075695
3015151,641.996303878827
3015152,735.5076683114139
3015153,134.37991139109357
3015154,131.70119927203
3015155,117.7976038489488
3015156,2426.1277934026753
3015157,22.35277124301745
3015158,1.5610337328988586
3015159,18.47667549632559
3015160,26.63486881430048
3015161,0.30059540813756924
3015162,169.33910894681026
3015163,15.491001850977803
3015164,13.93552887274029
3015165,5.224056942129706
3015166,86.88233779069779
3015167,7.328948780961795
3015168,271.0072943512232
3015169,146.29815562316458
3015170,7.239759863749892
3015171,10.558409814707344
3015172,280.44032346519833
3015173,82.67154266479602
3015174,2148.4795160065155
3015175,0.10839677747534328
3015176,23.145625308685457
3015177,1.571038030415992
3015178,0.05283525575885738
3015179,0.4373192268320487
3015180,908.5631027137537
3015181,0.0
3015182,84.87465823239371
3015183,2.446038405675357
3015184,534.0360831529435
3015185,200.03276415254578
3015186,180.41109443558895
3015187,27.255615524907057
3015188,23.639602715193373
3015189,1886.775558534304
3015190,2.2160826559071425
3015191,0.1699889733151416
3015192,7.958212938790348
3015193,4.505994574585102
3015194,0.0
3015195,126.32579012444366
3015196,2.6346434248547252
3015197,0.03986639499984427
3015198,0.7976470130336264
3015199,7.282593896823071
3015200,0.32754582297497004
3015201,166.68896139967555
3015202,119.4067138050777
3015203,0.5864107253913573
3015204,2.245987035657374
3015205,109.53003246046154
3015206,15.672364298618582
3015207,183.62144865568288
3015208,1.886302250228212
3015209,1.2508908142107482
3015210,5.528369230501425
3015211,0.21352103862522998
3015212,3.164957316428893
3015213,3798.8479455613465
3015214,0.04169668755427583
3015215,503.0461306484283
3015216,12.044961386811103
3015217,1409.6028227047457
3015218,499.22713981441166
3015219,386.2003371414103
3015220,95.99188854757084
3015221,64.0362457025715
3015222,5383.0329004901805
3015223,15.7271240461776
3015224,0.6140242048384266
3015225,23.662155149058712
3015226,20.274744767800996
3015227,0.19617910886593873
3015228,344.5602540418933
3015229,9.428591384125191
3015230,1.6038252901717338
3015231,6.466804712414049
3015232,27.98638734864644
3015233,2.6213988964586123
3015234,728.3892608887337
3015235,298.91076715122426
3015236,2.213097909658986
3015237,10.221487968048413
3015238,376.2916603568721
3015239,56.17719293946791
3015240,870.3847846955625
3015241,28.08814304211763
3015242,5.625116902626165
3015243,4.2599515937290455
3015244,0.1286750365203994
3015245,0.7301531965545689
3015246,1517.505242523041
3015247,0.0
3015248,160.14455061979268
3015249,8.303264269219977
3015250,679.0456325582066
3015251,335.51117889185866
3015252,201.86869769971187
3015253,58.01773191107485
3015254,33.823649843094366
3015255,2521.093035867372
3015256,5.017670620561939
3015257,0.6844480868598275
3015258,10.44595783299429
3015259,14.667382636734471
3015260,0.12073611556774501
3015261,149.45575090728295
3015262,1.4617986179568034
3015263,0.15024906966059667
3015264,6.514305772670183
3015265,28.3133543010314
3015266,1.3085465246427481
3015267,204.47822556492946
3015268,141.0444571118382
3015269,0.9710825605039535
3015270,4.640732081834068
3015271,154.60596022133166
3015272,35.876548076355924
3015273,342.4345181051289
3015274,3.0732291844235906
3015275,2.5288557420964093
3015276,3.302185232430345
3015277,0.0
3015278,0.5424513397621642
3015279,1202.0951356945031
3015280,0.0
3015281,103.50858782794424
3015282,4.109548809316413
3015283,543.9610754165855
3015284,208.54725444629568
3015285,125.52780315642023
3015286,30.946411653195778
3015287,22.50329463964733
3015288,2047.47135950157
3015289,5.050714289761968
3015290,0.175847115434427
3015291,7.658179869442694
3015292,9.786154033895894
3015293,0.0
3015294,118.68889905003407
3015295,2.5084611817570197
3015296,0.04399446073668469
3015297,1.4187600849729094
3015298,20.172112846063268
3015299,0.6251717283474987
3015300,150.85886593340197
3015301,124.00344927512032
3015302,0.4781693710500806
3015303,2.8708342901088235
3015304,85.11363592229014
3015305,20.900418798576883
3015306,159.8191639251206
3015307,5.948040132988131
3015308,1.1547353698813705
3015309,2.4461039231704182
3015310,0.060461815454457155
3015311,1.32751509822763
3015312,1116.6800276971596
3015313,0.0
3015314,141.55467006093963
3015315,5.3271571940102245
3015316,790.6111676292438
3015317,297.55053373316576
3015318,190.62207437217097
3015319,27.916159775590582
3015320,27.514455494172736
3015321,2210.371391840706
3015322,3.6341781690908217
3015323,0.0971586045488025
3015324,8.787410651612097
3015325,11.680822319827094
3015326,0.0
3015327,173.41282226499638
3015328,0.36605021381314723
3015329,0.024050010189205148
3015330,1.940530975365025
3015331,12.56239767202341
3015332,1.1298996283556364
3015333,308.689359846047
3015334,204.6814540971796
3015335,0.6249796801229706
3015336,4.1170696423493425
3015337,58.672292382220625
3015338,43.00662203085301
3015339,310.26765956025366
3015340,0.13771549043945452
3015341,2.142984384622177
3015342,2.5192193544120607
3015343,0.5077996867585055
3015344,1.158663437177533
3015345,1526.3748238118874
3015346,0.02769163124102509
3015347,143.33486574747994
3015348,4.553538965199626
3015349,737.3551413631164
3015350,307.7590047332885
3015351,246.95559359642584
3015352,64.40048843620879
3015353,48.61264322742961
3015354,2579.2712241171416
3015355,6.5791508388223905
3015356,0.6444514456030028
3015357,14.660917617219914
3015358,16.604382816993322
3015359,0.06747829771636876
3015360,192.57483593453972
3015361,8.455307149424673
3015362,0.18202763927079685
3015363,3.564154823400262
3015364,16.720267167727968
3015365,1.4192751755316544
3015366,138.38721562061664
3015367,161.9502667031623
3015368,0.6965325717413435
3015369,5.007822048122667
3015370,131.0216883853572
3015371,36.384150986008684
3015372,503.7731583794303
3015373,0.14603310912001297
3015374,4.357185394212869
3015375,2.7251104608568095
3015376,0.0
3015377,0.11424649282536185
3015378,953.559167223943
3015379,0.0
3015380,99.36590796505652
3015381,3.5555870188847685
3015382,503.96351375849514
3015383,172.56922357199792
3015384,115.14536955143399
3015385,87.98461614443649
3015386,21.57485364238749
3015387,1571.4768389582803
3015388,2.806908276635356
3015389,0.1341351738695943
3015390,11.079388424436196
3015391,6.617303408832549
3015392,0.0
3015393,111.27029816374046
3015394,0.0
3015395,0.0
3015396,1.0607036796168905
3015397,16.97523671774466
3015398,0.6840824707248383
3015399,50.246677584613735
3015400,100.5946780445649
3015401,0.4820210832702642
3015402,1.9129175705943973
3015403,60.84638509855137
3015404,24.355629466943675
3015405,333.4064644336899
3015406,0.0
3015407,0.7142748822081662
3015408,5.753328265048411
3015409,0.16683400827168388
3015410,2.4476194719282343
3015411,2889.2491188595995
3015412,0.0011409892726372355
3015413,262.0006834163404
3015414,6.3655085064391
3015415,866.7367227262461
3015416,570.3489177804707
3015417,389.9551648901796
3015418,151.07984644522952
3015419,76.93655638802203
3015420,3837.462321710169
3015421,8.159399554112287
3015422,0.6203437018272437
3015423,18.029789955845143
3015424,16.96646972419633
3015425,0.20988699718985793
3015426,234.54580673785767
3015427,0.9815241816197839
3015428,0.21284141411086976
3015429,6.063492980737393
3015430,25.324683408352254
3015431,1.8661469273731859
3015432,293.32299910694644
3015433,195.12128671510084
3015434,1.6635746198178998
3015435,7.137093760941044
3015436,286.97445811436506
3015437,62.4552635735821
3015438,1121.8154242611395
3015439,6.18629952188874
3015440,8.63110239658336
3015441,0.04553829091254911
3015442,0.0757106561191063
3015443,1.7372377667849275
3015444,438.06901779773267
3015445,0.0
3015446,91.68617826502742
3015447,2.028825412560897
3015448,139.28293937956354
3015449,138.2717502875928
3015450,45.35290904221312
3015451,27.286178562605897
3015452,2.319462905217849
3015453,783.6472415022632
3015454,1.658050729570581
3015455,0.4766767028086008
3015456,6.266427952690919
3015457,5.20911938596283
3015458,0.0
3015459,51.56875941504424
3015460,2.9494370757705792
3015461,1.759518251681527
3015462,1.3659430375885524
3015463,23.55117098381856
3015464,1.5099201635182213
3015465,51.24789033842379
3015466,34.57203845513211
3015467,1.6562824833462169
3015468,2.5187793652009116
3015469,6.676836451025064
3015470,3.472411220701061
3015471,299.36488172524867
3015472,19.946162355049744
3015473,0.9305779391349656
3015474,4.869336809247486
3015475,0.03484009575213373
3015476,1.7130996706405295
3015477,1929.0629773332237
3015478,0.0
3015479,141.3087263530665
3015480,5.649260793803929
3015481,712.3875982711509
3015482,254.9762634544156
3015483,225.4283828687721
3015484,48.68654017839585
3015485,40.095812027717606
3015486,2681.2756297084848
3015487,8.199156493719517
3015488,0.7481224620827391
3015489,13.660644701476482
3015490,10.299583965675112
3015491,0.08227021981069195
3015492,140.51631421221077
3015493,6.401095656550004
3015494,0.11112697076827242
3015495,2.999098386131783
3015496,18.640889162855686
3015497,1.4763997724710318
3015498,124.43030072112464
3015499,139.5948469995736
3015500,0.933184580989318
3015501,4.522972449511764
3015502,102.9908008823372
3015503,31.105131623259688
3015504,347.7603766328876
3015505,0.09461617057814857
3015506,3.1171648079279644
3015507,3.827859292801879
3015508,0.012070064868505636
3015509,3.699041662762358
3015510,2612.6988709055454
3015511,0.09849061776059635
3015512,483.21289144390164
3015513,10.552061515279304
3015514,763.6687019562505
3015515,767.427716102725
3015516,198.834449417085
3015517,145.52860445818087
3015518,106.92538009700512
3015519,3381.606974971026
3015520,27.6975338529709
3015521,0.8792977887563902
3015522,14.722445112611538
3015523,20.70816838753866
3015524,0.24194093084664198
3015525,217.9602163799073
3015526,21.9070550050599
3015527,10.165414001949996
3015528,6.595615827636292
3015529,58.956961688536616
3015530,6.845714102670486
3015531,384.10160010905844
3015532,209.75435829906291
3015533,9.00590871787104
3015534,8.10603133201267
3015535,390.020256615855
3015536,92.84783448409708
3015537,1936.488615399689
3015538,0.2658235133159278
3015539,21.931730191884245
3015540,4.736487591373886
3015541,0.272086409475249
3015542,3.532994970033248
3015543,2340.230506041656
3015544,0.05653884732701445
3015545,313.0683902344587
3015546,5.764877860168119
3015547,959.7345502506189
3015548,509.23403760491937
3015549,399.7468874812854
3015550,78.76192247070291
3015551,107.03799408581841
3015552,3386.1664354542954
3015553,8.380567262796456
3015554,1.2329696915943043
3015555,18.28310788596885
3015556,8.700317849328316
3015557,0.08833688896519888
3015558,231.2639356518998
3015559,3.8895341382357254
3015560,4.318505449927075
3015561,2.7032873651636296
3015562,23.26383614929578
3015563,1.3718023838959295
3015564,386.8428204840323
3015565,261.33100691522327
3015566,3.1517156384966025
3015567,4.473296700874753
3015568,232.1680788215664
3015569,84.31842781432923
3015570,776.8927633430845
3015571,16.80064112337737
3015572,4.98511561975739
3015573,7.696979360627845
3015574,0.362658732986924
3015575,3.2509888206289235
3015576,2321.0584820607405
3015577,0.1038704486034412
3015578,416.53103608852695
3015579,5.773390542408224
3015580,984.8555221812338
3015581,457.6918267172105
3015582,265.5624075921317
3015583,193.81103356254275
3015584,103.17794454524233
3015585,3419.9745576937503
3015586,12.725088739746786
3015587,0.7215688204811164
3015588,22.37743211200498
3015589,21.626201230469093
3015590,0.18521089153793815
3015591,222.4194642508955
3015592,2.8342399628856785
3015593,3.0814593869235267
3015594,7.812908235138069
3015595,52.758213118424905
3015596,2.4448097541457225
3015597,151.00833614598747
3015598,221.82620976616604
3015599,2.759173694127253
3015600,7.729180619529679
3015601,179.5977693065498
3015602,140.35242709847552
3015603,1051.0962161024693
3015604,0.7778975303830811
3015605,4.590719166505488
3015606,3.513440886459322
3015607,0.16455792703764607
3015608,1.0724355413061621
3015609,1200.3311983684139
3015610,0.01289428328261873
3015611,149.0425582925117
3015612,6.451031108358032
3015613,532.994136608726
3015614,236.41093731939623
3015615,150.365346220057
3015616,61.92275024430758
3015617,34.43574995144771
3015618,2091.9436305984073
3015619,5.201176037242917
3015620,0.5042409534237835
3015621,15.516409257170764
3015622,16.473631153837026
3015623,0.13744986324077157
3015624,133.75545384172793
3015625,0.7288340306896781
3015626,0.3662589838769525
3015627,4.121744008016663
3015628,22.54436329184779
3015629,2.5527453713443506
3015630,161.06972625384674
3015631,111.71277276974506
3015632,0.8633823434600598
3015633,4.98560873851948
3015634,87.10709820244102
3015635,35.37969267056974
3015636,397.4030085067174
3015637,5.525963691278094
3015638,1.9867531317622467
3015639,1.7143808527516864
3015640,0.0
3015641,0.825741934206021
3015642,1352.3250389381578
3015643,0.055802173267837506
3015644,227.45274543209757
3015645,11.068886576379935
3015646,474.8942966482124
3015647,404.15044073412935
3015648,111.68420672073877
3015649,44.550412656647
3015650,54.33125323902915
3015651,1861.3747098012245
3015652,24.745161704698074
3015653,0.07936170769351478
3015654,7.201923845462604
3015655,12.681014022706698
3015656,0.11041965102108257
3015657,113.43373394837275
3015658,9.69486397488962
3015659,1.3395807728865106
3015660,4.580422554245387
3015661,36.88312890483296
3015662,3.6937988145005116
3015663,489.08434387881704
3015664,117.3630354895293
3015665,3.1086225621088266
3015666,3.9973003872286963
3015667,245.46812261652315
3015668,33.71916076433003
3015669,1116.9256854596074
3015670,0.0
3015671,9.899628121501545
3015672,2.8705309771569283
3015673,0.024977088606249493
3015674,4.8802319735668735
3015675,3353.2911622792894
3015676,0.07273956622250786
3015677,791.1424698285706
3015678,15.734990604823832
3015679,986.9361531297736
3015680,1182.6087581098795
3015681,243.35721763605534
3015682,182.9037747281702
3015683,169.29958387985397
3015684,3592.2478826294514
3015685,26.203866036627705
3015686,0.9946461716490218
3015687,17.554415350708904
3015688,35.62449070645582
3015689,0.17799881388542346
3015690,238.60304659817504
3015691,12.082835744004791
3015692,31.886413795063227
3015693,8.668917553891111
3015694,92.34189268659725
3015695,11.59436555336756
3015696,288.5127443478049
3015697,251.6298471723748
3015698,18.697167695637617
3015699,12.633368815543465
3015700,378.79636140829086
3015701,103.95344648658177
3015702,3073.364591711766
3015703,0.34481535716577666
3015704,28.69773044202998
3015705,0.335564538221573
3015706,0.0
3015707,1.77893067621328
3015708,1394.5165174518024
3015709,0.0
3015710,275.2323282740226
3015711,3.4627093283212522
3015712,326.34245658923464
3015713,348.61349173779723
3015714,95.54888962046623
3015715,5.630163476509183
3015716,6.613199927434635
3015717,1259.9562015745576
3015718,4.83989760073523
3015719,0.1407746513425725
3015720,4.107090591498529
3015721,16.507607393458553
3015722,0.0
3015723,80.28461715489289
3015724,0.0
3015725,11.44004299797373
3015726,1.4309905095649205
3015727,74.91229260698529
3015728,2.748118448841727
3015729,9.353447559730695
3015730,89.89156075884387
3015731,2.729054522555278
3015732,2.5408687549489133
3015733,11.316533854602753
3015734,5.919352189964184
3015735,1217.425940552787
3015736,0.0
3015737,0.224206780536353
3015738,2.194297981381414
3015739,0.0
3015740,0.9856614012249496
3015741,758.3635890016907
3015742,0.0
3015743,147.3008731745933
3015744,4.552313385793152
3015745,275.93745714541524
3015746,170.52115382188416
3015747,59.01287636589564
3015748,30.77869562254276
3015749,25.92551779216091
3015750,1101.5097582251215
3015751,2.8672274844705474
3015752,0.22373626412084424
3015753,5.137094848634583
3015754,4.714224473442671
3015755,0.06795324677189726
3015756,62.626229823003186
3015757,0.37138840241090193
3015758,3.4644595272839256
3015759,1.0690796241932534
3015760,17.637302803033716
3015761,0.4760077238144234
3015762,183.49201845206227
3015763,86.75982610181994
3015764,1.7608916258931933
3015765,1.524606480815483
3015766,99.90607881639832
3015767,13.132755649649972
3015768,396.57939938723126
3015769,0.2285796882504967
3015770,1.61031736427122
3015771,4.045418820968624
3015772,0.013595217462937112
3015773,4.344363878466853
3015774,2578.7501807247017
3015775,0.022199001247122846
3015776,523.717881850095
3015777,12.434096196917034
3015778,721.3537118963992
3015779,729.1177394585716
3015780,200.15111952270146
3015781,181.44332812329273
3015782,121.53607158023631
3015783,2978.2381011851567
3015784,18.20385026328245
3015785,1.249565724837856
3015786,12.789347682695341
3015787,21.888652867045316
3015788,0.2857717158070843
3015789,171.7495291651815
3015790,4.969439865042015
3015791,22.346985594654196
3015792,4.3356725728845555
3015793,84.29010596595234
3015794,3.957235586804683
3015795,236.12450868755863
3015796,158.49687801074853
3015797,9.844816656394348
3015798,8.596348694778078
3015799,301.7487208516664
3015800,72.84033916820191
3015801,1889.1115864447704
3015802,0.4175128403957126
3015803,14.542236893497515
3015804,5.833639723587232
3015805,0.047163049862748434
3015806,0.9278668524421048
3015807,2603.4757236328774
3015808,0.0
3015809,424.7878091375827
3015810,9.415561816222713
3015811,866.7204577998531
3015812,576.0999614091342
3015813,276.0684414430832
3015814,175.52027118582885
3015815,64.2215134347038
3015816,3392.769196800179
3015817,6.348072123423405
3015818,0.6906052701118652
3015819,22.932460260947366
3015820,13.946295048576088
3015821,0.33164471176309335
3015822,196.74150995275355
3015823,0.0
3015824,3.090046445940575
3015825,4.1543895435767455
3015826,45.32564121733199
3015827,0.9733934397409356
3015828,281.98510746150845
3015829,200.53832713666247
3015830,4.400690996181655
3015831,4.848622911221953
3015832,196.3927617243007
3015833,54.91621882466954
3015834,1165.7848329020026
3015835,1.1357520486954016
3015836,2.73235200157537
3015837,4.69285707850195
3015838,0.29104089747978357
3015839,1.3054205728523258
3015840,2248.682825447556
3015841,0.08664975218877762
3015842,409.2414018173118
3015843,8.428528659244185
3015844,842.1567882631447
3015845,491.61402806365794
3015846,217.85510507428404
3015847,154.80063423818964
3015848,130.64770812499893
3015849,2811.9606945264463
3015850,8.34689930399204
3015851,0.6356264435742955
3015852,20.80888801233583
3015853,12.139690182483482
3015854,0.2076478878175492
3015855,191.96903121627582
3015856,0.0
3015857,2.240109956669679
3015858,3.229572420350328
3015859,57.15690825094641
3015860,1.3952934754676565
3015861,167.37891145353493
3015862,203.80199407634936
3015863,4.607506364545058
3015864,5.045779830044997
3015865,178.8059636105431
3015866,85.88533517907183
3015867,1157.8339294863827
3015868,0.9938419168296291
3015869,2.8676921544794545
3015870,7.202404721738096
3015871,0.35433783549843695
3015872,8.90847940566015
3015873,7084.587891888959
3015874,0.2978067664427734
3015875,1088.5865506317273
3015876,37.96003376235158
3015877,1562.252026867957
3015878,1888.762260076859
3015879,305.456681571411
3015880,455.35642222762164
3015881,311.93674096201795
3015882,6554.943273316363
3015883,74.93469603444103
3015884,2.6665076264508865
3015885,42.66483858633604
3015886,49.6268692522609
3015887,1.0756172197923037
3015888,406.6472370250387
3015889,41.792226468763204
3015890,39.80797695248345
3015891,27.053127107027095
3015892,200.44665587891637
3015893,20.595343376422765
3015894,690.899399877173
3015895,367.0395117154082
3015896,20.040232441171632
3015897,25.654472640069073
3015898,1022.4571213839611
3015899,317.0307301044594
3015900,5787.988555490165
3015901,1.1681400905918737
3015902,76.7031155069148
3015903,2.552092214644681
3015904,0.026742439393857256
3015905,0.35652795045643215
3015906,1220.8016468814683
3015907,0.0
3015908,119.57518643875329
3015909,3.0365119257149322
3015910,419.88015099862406
3015911,210.76209428013664
3015912,95.02735378813064
3015913,112.91658820650512
3015914,35.547309710278
3015915,1531.9885264936083
3015916,2.7368043835328346
3015917,0.5830058109691802
3015918,10.593025067940554
3015919,5.858242240986428
3015920,0.11248721415893416
3015921,101.14207271237234
3015922,0.3497577291881514
3015923,0.30207029148342834
3015924,2.3808891185456127
3015925,27.255445277573752
3015926,0.5881352625413199
3015927,111.8247587260978
3015928,80.11415275420354
3015929,1.3391990580451316
3015930,3.083160533565697
3015931,88.92206328975008
3015932,19.022026842310392
3015933,409.35841147979164
3015934,0.10969799300089322
3015935,2.2864076561493185
3015936,6.328675907242224
3015937,0.2665407994907957
3015938,1.4420981732180422
3015939,2209.476982078241
3015940,0.03411954382929909
3015941,354.7292582198522
3015942,7.547255956283861
3015943,963.5049223347181
3015944,519.7710572433542
3015945,205.26332288698305
3015946,190.51698546248548
3015947,59.27668590012535
3015948,3386.1282493143985
3015949,9.19123340072843
3015950,0.46304681208574805
3015951,16.803786940916602
3015952,15.854961853384083
3015953,0.243831222575036
3015954,218.553167130439
3015955,1.0952831886622008
3015956,1.6669035797652114
3015957,8.151324053247524
3015958,19.567870882709297
3015959,1.1810625996421518
3015960,512.0328884781753
3015961,209.7469256914961
3015962,3.132675947510255
3015963,6.521739432432963
3015964,130.58271747936098
3015965,60.066868806226196
3015966,1020.8656207308651
3015967,0.7687846761072361
3015968,3.412078126904321
3015969,1.310987665220381
3015970,0.0
3015971,0.042162623578008186
3015972,738.1692996499464
3015973,0.0
3015974,76.20623307537278
3015975,2.1487765173015716
3015976,361.69450468979704
3015977,117.14598228106915
3015978,75.8882969327874
3015979,112.47425797229275
3015980,16.49595779980209
3015981,1338.4725944271395
3015982,1.0844912450988877
3015983,0.15043599922678422
3015984,4.578479054500947
3015985,2.7214437869427903
3015986,0.0
3015987,69.22499089495753
3015988,0.0
3015989,0.05069433555218295
3015990,0.5540701325403046
3015991,17.032483806081913
3015992,0.18429527732152845
3015993,75.15036682843684
3015994,70.47149407527401
3015995,0.2641434459717939
3015996,0.9907894026080879
3015997,50.6631550545087
3015998,10.165598920217514
3015999,145.39920362551456
3016000,0.0
3016001,0.7156985805741372
3016002,5.829376425505642
3016003,0.041627675299233315
3016004,0.494017722439292
3016005,1458.1282865719777
3016006,0.0
3016007,185.85119065455066
3016008,5.8624150569654025
3016009,673.6226966277997
3016010,314.8145734641252
3016011,144.78145546808437
3016012,117.29958728011616
3016013,47.20089193854808
3016014,2287.147268846953
3016015,1.776973642811651
3016016,0.4028628139275025
3016017,19.6932148472204
3016018,12.271348770116857
3016019,0.045745113921608994
3016020,147.3151365514243
3016021,0.0
3016022,0.15030271665824463
3016023,7.923501467955294
3016024,29.767826579128513
3016025,1.032397740660521
3016026,371.70648550297534
3016027,145.2853455818678
3016028,1.0482667493524156
3016029,4.170173712785374
3016030,153.44351561321304
3016031,30.251832423727077
3016032,889.2293636532282
3016033,0.09346988134049856
3016034,0.6734323735064438
3016035,3.1782870279871913
3016036,0.10218304187218574
3016037,1.844532401747128
3016038,2373.919269330439
3016039,0.02033804586505266
3016040,513.6916265105074
3016041,8.37257250356531
3016042,771.9469789092449
3016043,509.8452500820794
3016044,201.88066207440863
3016045,103.04996916995866
3016046,74.23179967955438
3016047,3169.3619202563655
3016048,3.913262384234689
3016049,1.3194371107636886
3016050,20.35145046996371
3016051,34.08039373831504
3016052,0.36845696918046494
3016053,179.62808722249977
3016054,3.751007306788888
3016055,4.131209438905118
3016056,5.122602145299273
3016057,32.923100644550516
3016058,2.0381397559854135
3016059,203.24568457067232
3016060,223.49992400684815
3016061,3.03314633106032
3016062,5.3572319511760655
3016063,117.63629835504902
3016064,30.19743483795279
3016065,739.9988775483762
3016066,1.8467732072750973
3016067,1.8193192039793238
3016068,3.5076690810688795
3016069,0.0
3016070,0.0975174228089962
3016071,1238.184372806288
3016072,0.0
3016073,75.01550608464615
3016074,2.063690330104059
3016075,384.3336393075603
3016076,139.3092906457189
3016077,74.0986032639262
3016078,127.75842193049431
3016079,28.314504112117277
3016080,1514.7468178834552
3016081,1.9086639507568885
3016082,0.2282910073510858
3016083,4.997701622047624
3016084,5.24706846553342
3016085,0.028468898494524903
3016086,83.18053473722281
3016087,0.0
3016088,0.06971576325892619
3016089,0.27166037957963735
3016090,19.896393337325087
3016091,0.4538680209476145
3016092,271.64747433351204
3016093,67.5220869640909
3016094,0.42875594203516776
3016095,1.1699472154906143
3016096,43.924007881995564
3016097,14.550081761430008
3016098,251.24237693034678
3016099,0.1295310223134137
3016100,0.14311431082160733
3016101,3.959851411033049
3016102,0.0
3016103,0.8823942418290465
3016104,2499.6179953784
3016105,0.0
3016106,371.9582371383163
3016107,5.904857302111668
3016108,729.1710372187353
3016109,464.7527817568435
3016110,191.45002395233783
3016111,107.91600416881161
3016112,70.74282127210397
3016113,3141.0019397376363
3016114,5.427660203081759
3016115,0.3812054693735921
3016116,15.419155269785332
3016117,12.199621987645287
3016118,0.12241856045964342
3016119,171.97108009670123
3016120,0.0
3016121,15.186916531771423
3016122,2.3146467163392264
3016123,50.251177974157066
3016124,0.9702085380102434
3016125,326.5596631731686
3016126,190.0138937024067
3016127,2.320788594559079
3016128,4.575117151079755
3016129,114.94835205790098
3016130,44.34862787297122
3016131,1000.9089108957126
3016132,0.5261294534574688
3016133,0.5729152240256046
3016134,2.54369438064468
3016135,0.0
3016136,4.343798580738313
3016137,2335.835988756253
3016138,0.017479385053317958
3016139,469.90147178728995
3016140,10.642955070762426
3016141,801.3220691282114
3016142,793.1174509338672
3016143,132.90459653223948
3016144,109.93722489656672
3016145,122.28211169256407
3016146,2965.4399309464634
3016147,40.028137493999246
3016148,1.1049908721961654
3016149,17.677520064149082
3016150,18.923383921394564
3016151,0.10215148771905261
3016152,202.9459114719287
3016153,20.859490836167026
3016154,21.41428187007632
3016155,2.8576731084877163
3016156,87.90599379514188
3016157,7.78387004149476
3016158,193.3535658292242
3016159,208.95890728181493
3016160,10.360745026303713
3016161,9.079080252656787
3016162,193.83527668496615
3016163,79.82943102864775
3016164,2438.0940153741153
3016165,0.1432232769185666
3016166,13.637834136369722
3016167,3.4854702508725746
3016168,0.0
3016169,3.383582224435874
3016170,1793.5126062587094
3016171,0.03480725758093224
3016172,393.97129541157545
3016173,10.764311839074587
3016174,740.7411541841327
3016175,651.3009617303073
3016176,122.12290685991091
3016177,77.38941020805515
3016178,103.16657392898443
3016179,2727.224223574424
3016180,19.784054661952954
3016181,0.7862617364965063
3016182,19.915103393858274
3016183,19.488665419685958
3016184,0.0
3016185,205.99634352730973
3016186,18.422376798184704
3016187,11.008485798421058
3016188,5.544503254649411
3016189,65.02046364113748
3016190,7.425445952176723
3016191,133.3256919866476
3016192,224.38335388038794
3016193,6.823507854266945
3016194,7.715404554191553
3016195,120.43278653854301
3016196,77.1582837354913
3016197,1412.9836150062213
3016198,0.1481740591670664
3016199,13.70705908770522
3016200,6.268392592648586
3016201,0.19695575081154007
3016202,4.4384671532039786
3016203,2733.184775361277
3016204,0.036261226694866935
3016205,571.4134607323158
3016206,8.331658695443275
3016207,1090.0256711918992
3016208,525.0000658391643
3016209,169.74287886453337
3016210,262.3948411790061
3016211,64.44053813860582
3016212,3921.2795762694827
3016213,25.56939147461083
3016214,1.2905527319470878
3016215,19.894371416891033
3016216,19.386364989801084
3016217,0.20490663974901022
3016218,253.25744700667445
3016219,5.007331956500455
3016220,12.929982733962524
3016221,6.208520347568393
3016222,42.339047366065685
3016223,3.0843741463025482
3016224,185.46015737189876
3016225,232.3586789662358
3016226,5.93062518954054
3016227,8.240208323688199
3016228,162.3032923721372
3016229,63.9966308106338
3016230,1184.547652610443
3016231,4.431298803105367
3016232,8.386662623053864
3016233,2.510786376270248
3016234,0.0
3016235,2.6690331561389025
3016236,2084.8386673236473
3016237,0.03106796171297733
3016238,325.2815197289263
3016239,7.5370987951067505
3016240,664.7232545154786
3016241,649.3163784341358
3016242,159.90160064174347
3016243,104.74224876786475
3016244,84.70254963924314
3016245,2573.740665358004
3016246,15.97368133712165
3016247,0.7829528094227156
3016248,12.438201903603279
3016249,7.889326009153914
3016250,0.1488609436583767
3016251,181.9443732048529
3016252,17.682533857852757
3016253,12.18989847635764
3016254,1.3988059610461336
3016255,42.041967636593235
3016256,5.305798850346145
3016257,262.327366371285
3016258,167.31075511209806
3016259,7.075154782941922
3016260,6.98149763775737
3016261,301.4463399011773
3016262,56.61039623226428
3016263,1750.0730696618964
3016264,0.0
3016265,20.195942531577234
3016266,3.2531941057049583
3016267,0.2059449415355361
3016268,0.7620489470285745
3016269,2909.5648123659
3016270,0.010027511749823434
3016271,345.0486075323713
3016272,6.965025887259322
3016273,1185.0430906639745
3016274,491.7476444641177
3016275,238.90638677258897
3016276,130.8534878417609
3016277,56.450830104104085
3016278,4190.790589733551
3016279,9.009451265462758
3016280,0.7512937840584324
3016281,22.090609721392582
3016282,17.810402829153798
3016283,0.15171287563797817
3016284,280.5192450344572
3016285,0.0
3016286,0.5223256956194648
3016287,6.955407673436009
3016288,35.406494529483304
3016289,1.5771646361881375
3016290,141.87006025342077
3016291,232.68554360938634
3016292,2.072045309903111
3016293,6.548673120727146
3016294,141.29056342468746
3016295,46.46910051368083
3016296,1041.2513566399405
3016297,0.11143166417089226
3016298,2.4298093342918117
3016299,3.701459332256116
3016300,0.012249331419046989
3016301,3.7830096359246506
3016302,1856.2073169071618
3016303,0.09626491490565228
3016304,410.7426329188931
3016305,11.07384401042342
3016306,737.2390766976223
3016307,547.7155640026763
3016308,172.75632673313697
3016309,98.84091689001202
3016310,114.60553864699622
3016311,2724.831046617878
3016312,21.73709105561475
3016313,0.7802702362829814
3016314,15.835825832241081
3016315,22.785161613183256
3016316,0.19940796800473806
3016317,176.66963496473656
3016318,10.6881471160868
3016319,17.24829811803315
3016320,5.292121167583327
3016321,50.45106918289939
3016322,8.182069188173955
3016323,169.58193217806405
3016324,220.76582383075413
3016325,10.013544969199554
3016326,8.58415870324784
3016327,143.96352495411855
3016328,51.298920211899556
3016329,1555.4602790822414
3016330,0.3079817291681371
3016331,5.680394464981122
3016332,3.3268756650385445
3016333,0.17940769616652089
3016334,4.753012791586111
3016335,2513.508925937485
3016336,0.19451525108375523
3016337,586.6203143028046
3016338,10.428315107084435
3016339,711.9033758957278
3016340,750.0809885948503
3016341,162.7754930766397
3016342,156.68648178925864
3016343,118.66689074386021
3016344,3277.4071531365366
3016345,40.26830491155703
3016346,0.8313999869639221
3016347,15.068441538409651
3016348,16.991033216293832
3016349,0.18926183484829998
3016350,175.38107520242266
3016351,15.688563272042348
3016352,44.759120728617354
3016353,6.274235742001827
3016354,77.59732007671076
3016355,9.772123769299398
3016356,218.54868040590273
3016357,189.13051793705083
3016358,10.64852355847823
3016359,11.083723720198362
3016360,319.0891421584126
3016361,93.81816351879344
3016362,2347.691736122562
3016363,0.46222214815415985
3016364,15.614185794827758
3016365,4.053026864869144
3016366,0.02923651426070592
3016367,1.8227103277822638
3016368,3414.822609642684
3016369,0.028970372700673687
3016370,344.96069016941897
3016371,9.187136509409104
3016372,906.1911469155697
3016373,398.3645527936677
3016374,230.08148478832018
3016375,134.82447786014754
3016376,36.56590220939626
3016377,3462.736136642811
3016378,4.2116644056028125
3016379,0.44330697025969046
3016380,16.541969112689067
3016381,12.265550572184317
3016382,0.05251986478480261
3016383,184.21127820176974
3016384,0.0
3016385,3.1902709508293796
3016386,1.5683811865861452
3016387,50.061799888043446
3016388,1.7018477885048204
3016389,225.81455869183353
3016390,201.7604855441928
3016391,2.1319243593458004
3016392,3.655358687959339
3016393,185.7403378757752
3016394,74.16004223752711
3016395,741.8431885889936
3016396,1.4272099130773945
3016397,0.5058439846818488
3016398,13.855437949557261
3016399,0.10883361083913443
3016400,12.095588098322928
3016401,8116.9384803867015
3016402,0.2889717434255449
3016403,1358.175627198375
3016404,31.698967854295134
3016405,1891.276012187117
3016406,2169.388747371508
3016407,440.27950842344177
3016408,564.1406157634686
3016409,427.4127307554443
3016410,7670.752355653332
3016411,73.61839440809706
3016412,3.1046438070523807
3016413,72.38464604466417
3016414,86.60488660949552
3016415,1.0510959108671352
3016416,456.0631028331857
3016417,34.01859861151789
3016418,19.198947930508268
3016419,25.723478669023407
3016420,319.5873849147001
3016421,19.60623183808244
3016422,792.805982199686
3016423,409.47483024737176
3016424,29.718958788917945
3016425,34.262787763059066
3016426,1027.2828788553636
3016427,349.73143993345644
3016428,7244.47707762693
3016429,135.66676025073565
3016430,88.85719120329136
3016431,10.614462054280237
3016432,0.020662850574525393
3016433,9.656568616159111
3016434,7019.908078707279
3016435,0.24011851361413294
3016436,1094.5187226837152
3016437,33.94621641605892
3016438,1799.4109543176078
3016439,1758.050664647994
3016440,458.2958056746695
3016441,254.3835891521867
3016442,305.40609184316594
3016443,7536.949166638706
3016444,79.43254042065018
3016445,0.965365451622068
3016446,48.467490481207534
3016447,65.00863961047493
3016448,0.7132830940608708
3016449,484.8997189923388
3016450,29.105716860911095
3016451,26.538988604715136
3016452,6.463812947738038
3016453,173.52952896688373
3016454,14.190452639245393
3016455,864.1120915908441
3016456,476.01191949681953
3016457,23.73151483986637
3016458,25.00284955859274
3016459,879.291293661515
3016460,230.34723221403218
3016461,4512.297283239314
3016462,121.93376447960235
3016463,67.82039839654408
3016464,8.708634304660396
3016465,0.0
3016466,10.098765721131182
3016467,4419.374124086954
3016468,0.08097822115953153
3016469,659.8082894365174
3016470,20.933188666233132
3016471,1514.2022077638856
3016472,1111.6805501980734
3016473,537.2023859723776
3016474,118.13574296982786
3016475,198.23830741277482
3016476,6276.4196900094485
3016477,37.101179958799435
3016478,0.9526911477008977
3016479,22.147481201942004
3016480,36.94637321641203
3016481,0.5863547404297695
3016482,404.8661828398686
3016483,27.238234718471663
3016484,17.36654134184681
3016485,6.659703853314117
3016486,87.16689113193293
3016487,7.194266143607843
3016488,776.5806576652988
3016489,481.87531578977536
3016490,20.977176395583243
3016491,22.966141846650657
3016492,640.1282963328217
3016493,121.39131694032235
3016494,2095.1671714427785
3016495,100.89462776405747
3016496,33.18419226478086
3016497,10.793637280594751
3016498,0.04504219367471221
3016499,11.027910385611634
3016500,6638.786011977071
3016501,0.264639967687067
3016502,1032.9020777969342
3016503,26.78882630750936
3016504,1696.278854685598
3016505,1737.9352877749714
3016506,469.32178151098157
3016507,251.31429835847246
3016508,264.8348384962452
3016509,7288.636279604819
3016510,55.73007070728264
3016511,1.5200823977587108
3016512,44.96590597622592
3016513,56.61682634830542
3016514,0.9659904426719568
3016515,480.4860261449844
3016516,34.0774395398267
3016517,23.675885718304773
3016518,7.793168124726369
3016519,142.58799629348528
3016520,11.562145389794669
3016521,739.3969231844404
3016522,491.8084783212116
3016523,22.75945184043284
3016524,23.82208737791711
3016525,890.8426406812168
3016526,205.80617045961498
3016527,4187.682945892141
3016528,101.97946830650503
3016529,63.54803491558579
3016530,7.777364353433663
3016531,0.0
3016532,8.54152468859445
3016533,3468.4164255663604
3016534,0.020706975043000373
3016535,532.0564483833773
3016536,17.269127759539586
3016537,1358.6540648046964
3016538,852.7166663650328
3016539,422.6925774204505
3016540,84.84559323012206
3016541,128.79391882510149
3016542,5388.631988196312
3016543,34.529181525941894
3016544,0.4613337624915208
3016545,22.811996866241675
3016546,26.616082522546048
3016547,0.2682886158016079
3016548,375.11875760064106
3016549,23.311690245711983
3016550,8.958831557257293
3016551,3.0395483938601453
3016552,71.46026023389331
3016553,4.76356514122416
3016554,629.9012895485313
3016555,416.1591295317107
3016556,14.98270406669358
3016557,15.41434727995863
3016558,482.0501235020513
3016559,79.75731600633851
3016560,1290.2345059094878
3016561,119.49637021939779
3016562,17.567447460697732
3016563,11.639045192853677
3016564,0.02978187868074491
3016565,8.32424010245305
3016566,6865.241997149031
3016567,0.24636966738529276
3016568,1137.7322176456053
3016569,32.253007261249444
3016570,1601.203153538849
3016571,1914.868358552199
3016572,350.1103250461133
3016573,391.7479788886673
3016574,331.7658928482418
3016575,6444.685370983431
3016576,61.05219152567957
3016577,1.6299361700475274
3016578,42.80781546203072
3016579,43.59252706260829
3016580,0.7903018427991233
3016581,388.1880600895416
3016582,19.334240133953074
3016583,21.58710744824348
3016584,12.984371713751754
3016585,173.74814209182395
3016586,14.84785718109138
3016587,700.0948517812194
3016588,360.84546177383606
3016589,21.35096255920324
3016590,29.418477950758206
3016591,801.489317751712
3016592,248.19052043096815
3016593,6035.444611039701
3016594,92.3175264669853
3016595,70.90873367206382
3016596,3.547785806627684
3016597,0.07324365556321362
3016598,3.4108941664614747
3016599,1547.8159740423869
3016600,0.14357827679509313
3016601,279.6087013714934
3016602,18.358995607901356
3016603,648.4505128358419
3016604,429.51741059842817
3016605,167.95776545700156
3016606,80.27963654053697
3016607,90.74622116527853
3016608,2197.2143708618805
3016609,15.92178353715272
3016610,0.5670445453035231
3016611,17.451630344547898
3016612,21.676035718641593
3016613,0.1819252896573639
3016614,150.71536421167602
3016615,10.610402491367255
3016616,4.556081752946517
3016617,7.91892867729347
3016618,54.76267168403792
3016619,6.448066167010566
3016620,207.28153992904478
3016621,183.86121302421105
3016622,3.5848007074128345
3016623,7.424881557217335
3016624,183.47437656518713
3016625,61.64220768736776
3016626,1165.8848664107263
3016627,0.15036599880706944
3016628,8.96589799635021
3016629,7.645653032209246
3016630,0.0
3016631,7.379808971055933
3016632,3357.278501327472
3016633,0.1342737009473386
3016634,477.8198912748526
3016635,26.547633312923676
3016636,1113.6228210984982
3016637,762.8806640554509
3016638,345.689259401067
3016639,76.4210018427278
3016640,122.71525174927524
3016641,4854.4990341237235
3016642,40.94693775334245
3016643,0.7307266216897139
3016644,34.87908560134365
3016645,41.271334690772235
3016646,0.23341011944961973
3016647,316.0453404225872
3016648,17.45238924708659
3016649,5.357532850335574
3016650,2.7628219203748916
3016651,101.94115634956316
3016652,7.827752659833994
3016653,457.22433867133094
3016654,341.3193719996905
3016655,9.929544334712189
3016656,17.39713014532877
3016657,312.3912328392864
3016658,75.89310968455531
3016659,1647.2015313925879
3016660,100.39920788195548
3016661,15.056329577648544
3016662,4.826987964627253
3016663,0.0
3016664,3.8298433485820746
3016665,4084.1692975339633
3016666,0.0505157817107788
3016667,739.1660151327934
3016668,13.263064242678615
3016669,1042.078469807306
3016670,1172.9056112094718
3016671,196.36478265657138
3016672,248.8226554375485
3016673,213.82848707256417
3016674,3896.0281705793864
3016675,28.106766297078508
3016676,1.0138745393833721
3016677,19.201928508014458
3016678,23.773115150993092
3016679,0.4507013860709383
3016680,237.538415216305
3016681,1.9349045041008943
3016682,31.17167273151248
3016683,3.9537260787771498
3016684,109.42226818073215
3016685,7.8197663115215
3016686,536.9525314030839
3016687,208.88233491080382
3016688,19.171890230839814
3016689,13.816276470654227
3016690,547.7789152217164
3016691,120.18473326996553
3016692,4229.136263409363
3016693,1.7867088683705283
3016694,36.539045312960134
3016695,4.878052843118908
3016696,0.48593840004528394
3016697,3.1618984287518233
3016698,3523.0325740559497
3016699,0.44188957644269744
3016700,1040.302655954657
3016701,5.612162504769613
3016702,1254.5243321319288
3016703,776.8358694421233
3016704,374.3818907543771
3016705,34.20428927119248
3016706,22.775922206789517
3016707,4454.216794832622
3016708,27.001752480344777
3016709,1.5773711857113217
3016710,20.29973129528344
3016711,28.55118239373508
3016712,0.9659153117737729
3016713,246.8543311622464
3016714,4.20498324459045
3016715,40.37271301966263
3016716,3.8868939751332388
3016717,103.9365474228062
3016718,5.206513518001415
3016719,78.45140604953647
3016720,343.1200776751705
3016721,9.546244023939632
3016722,14.4325003327403
3016723,141.9150879668158
3016724,52.83777204740935
3016725,3707.2687528466654
3016726,2.8972537911108738
3016727,3.6695603159913963
3016728,6.790599810002327
3016729,0.1649847039042308
3016730,4.374588034511469
3016731,2052.77698923464
3016732,0.14779133082050452
3016733,442.2389663279803
3016734,8.66505743593157
3016735,812.0668931229574
3016736,460.49809885926516
3016737,210.4453489510862
3016738,154.59134706464562
3016739,165.17660688347397
3016740,2473.6100837093927
3016741,13.276749046405545
3016742,1.0416602515250255
3016743,16.436231797443508
3016744,20.508229506921026
3016745,0.2852568431302857
3016746,173.56148510186404
3016747,3.1832537655100035
3016748,7.840313718530517
3016749,4.235008992142345
3016750,70.83034954632198
3016751,3.4367853152339425
3016752,272.32910610116005
3016753,216.9461753579257
3016754,5.926459452331557
3016755,7.247019060786478
3016756,213.5622371507949
3016757,80.82933474600031
3016758,1768.3558707134825
3016759,0.7364857987363498
3016760,3.712682887415209
3016761,4.378143405190848
3016762,0.06280656981304453
3016763,0.2869687857777933
3016764,1431.28484336103
3016765,0.0
3016766,145.95782394023382
3016767,3.4118647140370406
3016768,728.9015359091342
3016769,163.54847404194797
3016770,161.4843605555256
3016771,53.73352405357158
3016772,23.57755832946225
3016773,2262.642444561888
3016774,4.373742874944183
3016775,0.3761842420328374
3016776,11.806137818012083
3016777,8.45852952008033
3016778,0.045351467133424764
3016779,154.00825546682827
3016780,0.0
3016781,0.06972129214791821
3016782,2.005499019508305
3016783,14.790773719697185
3016784,0.6163006983912269
3016785,55.95069034207703
3016786,131.04961092491726
3016787,0.301970905786201
3016788,2.71432124933628
3016789,46.87635501112236
3016790,48.99914529103031
3016791,291.3960602052884
3016792,0.12835773826639324
3016793,0.9939029093428442
3016794,3.1368819921152165
3016795,0.0
3016796,5.33070168378971
3016797,2880.683337668499
3016798,0.0
3016799,450.9039118668433
3016800,11.62077510188431
3016801,885.4609507962441
3016802,749.1875765415385
3016803,253.39646396988678
3016804,136.6127149763624
3016805,136.74658872096967
3016806,3533.0448435653
3016807,29.919082104215843
3016808,0.5331576599236605
3016809,20.323805047213305
3016810,34.15926408073173
3016811,0.05749578249521809
3016812,240.07666499027417
3016813,21.250203637016742
3016814,10.774499382216355
3016815,11.94672481799349
3016816,60.00461523058897
3016817,6.161255667263005
3016818,339.5362789288047
3016819,232.32800203739006
3016820,9.292963939880261
3016821,10.057165671446555
3016822,397.44703612074574
3016823,87.02568916237249
3016824,1919.9319153006245
3016825,0.010100718705846657
3016826,25.26539793875051
3016827,3.4805984366076856
3016828,0.0016692346753195168
3016829,4.642884758230905
3016830,4112.039967007216
3016831,0.12544759417273482
3016832,700.706223748681
3016833,17.333805147843204
3016834,943.7705401027994
3016835,1216.548257304523
3016836,164.8510265599468
3016837,268.6422066122063
3016838,215.15660745625016
3016839,3749.033256639074
3016840,38.131894530673215
3016841,1.765467975185254
3016842,18.82686322042612
3016843,26.29395929749026
3016844,0.5160455272827229
3016845,227.80447909954108
3016846,12.521735586299815
3016847,34.47883215923637
3016848,9.069564813407517
3016849,160.91396633355453
3016850,11.314116749490132
3016851,482.0110488132539
3016852,203.99795257856547
3016853,9.335974742029164
3016854,12.000645986092737
3016855,567.9034234352068
3016856,146.05232358151497
3016857,5309.316309883018
3016858,0.26193427891124954
3016859,41.83503872196285
3016860,3.8722315074397606
3016861,0.07365993266502052
3016862,7.010690773818265
3016863,4007.359899453987
3016864,0.10494248692671053
3016865,692.7592709952662
3016866,21.64259956575293
3016867,994.8647922017511
3016868,1217.8289263073798
3016869,227.60361499946595
3016870,251.1628909714748
3016871,170.07544693031838
3016872,4043.3411880115427
3016873,37.96000699197195
3016874,2.029730771472687
3016875,32.449249329957915
3016876,37.85653428393819
3016877,0.6398001525522068
3016878,281.0402024452766
3016879,34.10961974495071
3016880,29.288257550413267
3016881,23.624483473052553
3016882,142.68856813411088
3016883,13.883514304307347
3016884,375.76244336031124
3016885,253.92356469956243
3016886,16.97157506102407
3016887,18.104379804609817
3016888,464.51795807257577
3016889,142.87920140960358
3016890,3778.501534154584
3016891,0.44358183556904623
3016892,35.6652222269612
3016893,8.83437990669669
3016894,0.15715177385668744
3016895,5.705597172742978
3016896,2860.4238090651374
3016897,0.0
3016898,435.1226557324183
3016899,11.756788615896234
3016900,1202.6342913969327
3016901,622.8185543275932
3016902,445.06008448354675
3016903,130.17407737730358
3016904,70.56427603788791
3016905,4979.268223137314
3016906,7.076760649409277
3016907,1.1039354876338567
3016908,33.8391338693726
3016909,28.474958150102303
3016910,0.07165848086748007
3016911,326.42540172803336
3016912,10.59340413979105
3016913,4.332761825423578
3016914,4.483980582751378
3016915,33.25210739622517
3016916,3.1517248975852574
3016917,429.2967139452958
3016918,298.3076291742556
3016919,5.387598667040742
3016920,9.657338194880305
3016921,375.386339198159
3016922,76.20709168516181
3016923,1071.707335189892
3016924,48.48371619285993
3016925,10.375207829763744
3016926,3.1237881278868507
3016927,0.022582508280426992
3016928,2.706622708759807
3016929,2534.081610465022
3016930,0.12227658299437655
3016931,383.3035461867896
3016932,15.263962303290729
3016933,630.2330447788764
3016934,760.9593688030831
3016935,159.7020815346748
3016936,147.62651174319393
3016937,119.94468723075784
3016938,2767.1889754907716
3016939,22.628519218060163
3016940,1.537817754608564
3016941,15.396436336156082
3016942,26.968862223772096
3016943,0.3095905950855645
3016944,166.3010705883724
3016945,14.419736769794625
3016946,17.476680426112782
3016947,4.790555142889664
3016948,136.356472417653
3016949,7.448966998485179
3016950,556.5598223017431
3016951,144.06119182905806
3016952,7.300865451249839
3016953,9.889228215679731
3016954,442.5196851722606
3016955,87.94580131623573
3016956,2292.8682464644185
3016957,0.08431323987769945
3016958,36.425751455673655
3016959,1.6216315598971196
3016960,0.027318075765138772
3016961,0.44249515955712854
3016962,954.5936841535982
3016963,0.0
3016964,79.58042392934495
3016965,2.9498174281139535
3016966,562.1619755477417
3016967,201.44832126650348
3016968,219.4665427160855
3016969,26.451418537012223
3016970,24.92007770845906
3016971,1970.2810799222602
3016972,2.6509204455421043
3016973,0.1689735270175267
3016974,5.85182290400996
3016975,4.752065804226421
3016976,0.0
3016977,128.44008135149835
3016978,2.9356479743475155
3016979,0.01739424525295099
3016980,0.8497348622465446
3016981,10.243883164841355
3016982,0.4509094091867062
3016983,115.05215152402086
3016984,119.99970363893142
3016985,0.5891474526137956
3016986,2.272136511619798
3016987,115.28779198577303
3016988,15.068129741821718
3016989,182.76605244034056
3016990,5.226257438854574
3016991,1.1653645557701786
3016992,5.6519187584613135
3016993,0.188560336991061
3016994,4.5972994752416145
3016995,3901.0164892730472
3016996,0.04049010829696578
3016997,456.58006549640606
3016998,13.680336691297947
3016999,1454.8749016142808
3017000,476.26845403388717
3017001,441.0056472777154
3017002,90.4258774912306
3017003,71.21356255645789
3017004,5609.380336497546
3017005,18.29101708280717
3017006,0.6129973246470004
3017007,25.950126558310522
3017008,20.98252429542818
3017009,0.1682934324871222
3017010,344.215677417131
3017011,9.863152175728827
3017012,1.6371189346255783
3017013,6.420622875013356
3017014,58.240798982447245
3017015,2.8280158141417755
3017016,490.47404810379334
3017017,289.05942423868834
3017018,2.255655044746215
3017019,10.269459011977995
3017020,405.2240745108321
3017021,73.43818238002335
3017022,906.8964663546585
3017023,19.44120431619171
3017024,5.395323375490956
3017025,4.368644912768138
3017026,0.12834979185749387
3017027,0.7082976532854657
3017028,1634.9511385686887
3017029,0.0
3017030,143.4794020197967
3017031,9.464576179372669
3017032,704.6844731077007
3017033,316.8894948668647
3017034,234.0838058513016
3017035,55.12172145103369
3017036,37.7136124445053
3017037,2586.231301360306
3017038,5.99524899768984
3017039,0.6939067213771315
3017040,11.308226154727576
3017041,11.4655042921941
3017042,0.0878705461195427
3017043,152.64683012209196
3017044,1.572255631557526
3017045,0.16740809186062158
3017046,8.016486909354745
3017047,46.3769004137479
3017048,1.3891873200693619
3017049,126.63221849643189
3017050,134.4634515601408
3017051,0.9717076953645154
3017052,4.65099378459083
3017053,170.9422688707334
3017054,34.27620937377858
3017055,284.3441755221354
3017056,2.4076187916496186
3017057,2.260343409102363
3017058,3.600340608970959
3017059,0.0
3017060,1.4764695802013499
3017061,1407.5151785451142
3017062,0.0
3017063,110.25406621150421
3017064,4.809559530566366
3017065,634.6812292272538
3017066,231.21445532610983
3017067,160.13301939170088
3017068,33.98330299108814
3017069,25.485860863757544
3017070,2364.990491101679
3017071,6.093448382731094
3017072,0.20770032426862403
3017073,8.892284527533521
3017074,11.00150075431352
3017075,0.007639368318475267
3017076,129.301100566443
3017077,2.6548112948525247
3017078,0.06758024359344009
3017079,1.6072320779026397
3017080,27.221191581363737
3017081,0.734990592299634
3017082,133.69836556958467
3017083,137.50210453625817
3017084,0.5288347530754807
3017085,3.024007691861126
3017086,98.60691699222151
3017087,21.719593602437314
3017088,159.84468848632488
3017089,3.6411152845495343
3017090,1.2426964802555247
3017091,2.6049225894119665
3017092,0.05792218440361668
3017093,1.4598796696895895
3017094,1202.045051604608
3017095,0.0
3017096,143.52966487455967
3017097,5.770913290835223
3017098,820.5185400205035
3017099,323.5187284540417
3017100,240.31978783653628
3017101,28.479659731599888
3017102,42.13439173351017
3017103,2348.094067000386
3017104,4.384838023362836
3017105,0.12769892811282155
3017106,10.067550982179903
3017107,16.398283036294004
3017108,0.0
3017109,178.49001267986617
3017110,0.4693120042339969
3017111,0.10777643305884169
3017112,2.090611272609806
3017113,13.374287247581464
3017114,1.193625711809426
3017115,206.5195502745456
3017116,215.46495602012504
3017117,0.6613515331446236
3017118,4.070652449783422
3017119,71.13378031263322
3017120,46.0169178616225
3017121,325.3100198374988
3017122,3.1256025768658953
3017123,2.221060978233795
3017124,2.6730953751138187
3017125,0.4674589387899074
3017126,1.1696002171198416
3017127,1521.8945097908336
3017128,0.0373332020364813
3017129,128.43185220953055
3017130,5.032221339692498
3017131,741.9396935607048
3017132,300.714507408175
3017133,303.0769559426775
3017134,60.902707993784084
3017135,51.7628839364981
3017136,2635.5609131771585
3017137,7.465229685665056
3017138,0.6413280998502455
3017139,15.410071390722631
3017140,13.467349831568987
3017141,0.05431791427292632
3017142,194.17324649382
3017143,8.38549371922794
3017144,0.12514614703967755
3017145,3.5224294100174935
3017146,20.55038891375146
3017147,1.4424094298465384
3017148,117.34589368651751
3017149,159.73993224903978
3017150,0.7050630021027586
3017151,4.5351968798114415
3017152,139.19818399300425
3017153,41.27622696912731
3017154,511.4252383989175
3017155,1.7568518611179433
3017156,3.994810645230789
3017157,2.9649480086742024
3017158,0.0
3017159,0.10708466924730124
3017160,956.8628949821822
3017161,0.0
3017162,101.88274357746704
3017163,4.117053846837962
3017164,554.2888252093838
3017165,170.86933194240683
3017166,135.67234006883763
3017167,91.32946676798218
3017168,23.862516650754763
3017169,1640.1421860918176
3017170,3.2661742284534023
3017171,0.15849029160776873
3017172,9.80310756309557
3017173,6.884171697227767
3017174,0.0
3017175,125.74818795897241
3017176,0.0
3017177,0.0
3017178,1.1230940512376768
3017179,29.17924293518505
3017180,0.7444677892707428
3017181,50.562047119122276
3017182,100.41689582528811
3017183,0.4831750268557885
3017184,1.9565714008448696
3017185,59.68448755787574
3017186,23.263618688542877
3017187,301.80707156113834
3017188,0.0
3017189,0.6559611529456155
3017190,5.758588127590221
3017191,0.16656994053613866
3017192,2.414326722118128
3017193,2897.7412384057593
3017194,0.013155649426620737
3017195,246.6424977316465
3017196,7.268008149833388
3017197,899.8769477029946
3017198,553.5749594396935
3017199,468.05184481932633
3017200,141.5769216023432
3017201,82.76896365044708
3017202,3906.4985442937823
3017203,9.390252318202915
3017204,0.6363669664687379
3017205,19.479535169484265
3017206,17.4747214295409
3017207,0.18173561786831607
3017208,240.23107953331467
3017209,1.100265139117333
3017210,0.2016292768268088
3017211,6.458534216536852
3017212,29.982527490528714
3017213,1.981821961350053
3017214,241.4779677635316
3017215,194.8881046764857
3017216,1.6939768669269126
3017217,7.29247938375169
3017218,308.8872372775914
3017219,59.928831458617864
3017220,1027.1214135106973
3017221,5.193446408457084
3017222,7.89754020845495
3017223,0.0891847152136662
3017224,0.06679926718655395
3017225,1.7312287670830417
3017226,427.71153769204193
3017227,0.0
3017228,83.26987832207406
3017229,2.133083422510822
3017230,138.79951631491994
3017231,132.09664889783537
3017232,50.79119331027218
3017233,26.262632945465157
3017234,2.789201220984602
3017235,791.6935094786717
3017236,1.6478261415686823
3017237,0.43009540269448704
3017238,6.416994730415215
3017239,1.8154504529583244
3017240,0.0
3017241,50.49060028135144
3017242,2.76794245307835
3017243,1.5694402277412363
3017244,1.4908816581531763
3017245,32.836690555230305
3017246,1.5091322593371497
3017247,3.2657231001735143
3017248,34.184626844569145
3017249,1.6343578831919947
3017250,2.413457046142092
3017251,52.66024992335222
3017252,22.891238912173062
3017253,266.8324948574134
3017254,11.429254385418346
3017255,0.9214394117500768
3017256,5.261640976700866
3017257,0.07676482744105183
3017258,1.8570596068902545
3017259,2133.855866767877
3017260,0.01962480005581941
3017261,143.22136027154434
3017262,6.692350734712087
3017263,770.0897332088028
3017264,278.483564737442
3017265,299.34767797677716
3017266,50.50832428801199
3017267,44.83372949052951
3017268,3010.256986324309
3017269,9.766866762600625
3017270,0.7868462816959805
3017271,16.640721104446364
3017272,11.07368759844938
3017273,0.08616256382376472
3017274,162.02227651259093
3017275,6.415257035955096
3017276,0.10873240935919505
3017277,3.371339280695545
3017278,23.807466317719893
3017279,1.6523342886346128
3017280,128.3749804943434
3017281,149.6096879277563
3017282,0.9588303545950816
3017283,4.757283052441524
3017284,111.17706980284372
3017285,31.285540581931194
3017286,346.13579712752244
3017287,4.124790504884375
3017288,3.140345246078386
3017289,4.115118104699868
3017290,0.01937592230953264
3017291,4.854885886883577
3017292,3010.4792330038667
3017293,0.13879969191406133
3017294,515.4497629014076
3017295,12.491454953978568
3017296,839.8224478566214
3017297,839.5907783256501
3017298,249.5943317702674
3017299,172.86565962240897
3017300,129.94409638924762
3017301,3835.1931519388236
3017302,31.74292488576991
3017303,0.9686188974051948
3017304,18.72082768320724
3017305,22.766798053024626
3017306,0.25370782141850273
3017307,236.0133364604207
3017308,23.638953134966382
3017309,13.879601269680899
3017310,7.354728119245916
3017311,90.17979485551542
3017312,7.702405830837847
3017313,745.3868259569027
3017314,225.8263477286538
3017315,9.48376809515973
3017316,8.773855962866037
3017317,646.9980154169955
3017318,98.21656643712316
3017319,2336.200454229455
3017320,0.26008302596132193
3017321,38.20112584824726
3017322,4.717307923369497
3017323,0.2645448914107618
3017324,3.5449803295344804
3017325,2372.8087591846815
3017326,0.056376715052618355
3017327,304.64318595936277
3017328,6.646856583532966
3017329,996.6043391325113
3017330,507.4098496419223
3017331,512.4746308370521
3017332,77.92135315598716
3017333,115.61393724163808
3017334,3416.221823234716
3017335,9.121801030848607
3017336,0.4236036039314772
3017337,16.177620519040733
3017338,9.375376894550984
3017339,0.07561796687015193
3017340,240.37265536041298
3017341,4.331267645126472
3017342,4.710924332495517
3017343,2.4055798260804306
3017344,35.563067487842304
3017345,1.5891313239690104
3017346,222.6097053184853
3017347,258.558454678521
3017348,3.240285238196477
3017349,4.826698190031003
3017350,350.38983506957015
3017351,53.47015924002062
3017352,770.2207691716764
3017353,22.57856765398891
3017354,4.7224471732803845
3017355,7.651812722772821
3017356,0.31982492750534935
3017357,4.4401531848537985
3017358,2291.9040713843538
3017359,0.11093320714658766
3017360,402.08526618143617
3017361,6.512194989039499
3017362,1015.0477080691618
3017363,460.6005318672906
3017364,300.466151744376
3017365,185.9389709727841
3017366,111.67113250441828
3017367,3456.2504293953757
3017368,14.097467156604967
3017369,0.7196581582442032
3017370,22.960641777158333
3017371,22.864280228940252
3017372,0.16795085669397092
3017373,220.38342770066853
3017374,3.006883386975514
3017375,3.380011381118538
3017376,8.03993283291092
3017377,78.95123885179015
3017378,2.782098019750557
3017379,129.35513739845675
3017380,215.34881859225973
3017381,2.9449171410380073
3017382,8.08307633374946
3017383,194.47418094237034
3017384,99.4429143092631
3017385,1054.833071709483
3017386,0.7408633406647922
3017387,4.376683436995766
3017388,3.65130029037171
3017389,0.14611532086562837
3017390,1.090904205181852
3017391,1174.4852450560477
3017392,0.010257719820071414
3017393,132.6093342457776
3017394,7.002012160774575
3017395,560.6285840957868
3017396,242.45751680216233
3017397,174.034322557413
3017398,60.317365698761684
3017399,35.654656589673664
3017400,2237.43650695864
3017401,6.02423578778358
3017402,0.5221665334930705
3017403,16.090513028174417
3017404,13.184061276416893
3017405,0.10912918313006172
3017406,141.13041385633085
3017407,0.8783116997477936
3017408,0.5219981412163117
3017409,4.226815675309541
3017410,31.496675261043848
3017411,2.695038272218868
3017412,63.51124339507548
3017413,126.28700277457233
3017414,0.9124782610497495
3017415,5.084348836337639
3017416,178.2177801436761
3017417,35.040297490238764
3017418,423.459558054427
3017419,12.200812525170477
3017420,1.8878313261501813
3017421,1.8768721455150423
3017422,0.00921031904669403
3017423,1.7767383166304014
3017424,1570.000548589447
3017425,0.07040903470775563
3017426,230.09736959494688
3017427,12.714754754966009
3017428,499.83348460951595
3017429,426.8294228261112
3017430,137.14843547053323
3017431,44.71301241103798
3017432,67.67569189098845
3017433,2122.841111260825
3017434,27.21306155489742
3017435,0.07571645060393097
3017436,7.744146962363013
3017437,15.888803172294146
3017438,0.09306751358302465
3017439,116.62845152631374
3017440,9.607223373298657
3017441,1.9715490168617698
3017442,3.8715355079780256
3017443,64.0215155549599
3017444,3.8545274187535803
3017445,625.6209664987372
3017446,119.71541825125135
3017447,3.073243158064728
3017448,3.943480417486076
3017449,313.9275528052496
3017450,36.40290350953648
3017451,1342.261964708906
3017452,0.0
3017453,15.804237223374155
3017454,3.257576796564723
3017455,0.048545261478804835
3017456,6.997249861048791
3017457,4017.152314029082
3017458,0.12057043717058272
3017459,853.1241826323699
3017460,17.40319160851546
3017461,1042.7941575517343
3017462,1324.2639129840709
3017463,298.48527207543094
3017464,235.9581239252747
3017465,214.52494104535356
3017466,4151.751137435516
3017467,29.080939337370506
3017468,1.1106226873023943
3017469,19.010849677715967
3017470,40.04714625423406
3017471,0.22623750035044277
3017472,228.02009202585575
3017473,12.530060312260995
3017474,44.57102887114931
3017475,9.018156374981142
3017476,133.99966264399782
3017477,12.24480647304849
3017478,622.8576156401963
3017479,264.0176782542479
3017480,19.132869593138953
3017481,12.890964535386646
3017482,761.9580727605904
3017483,119.40440627288385
3017484,3855.9509630276116
3017485,0.3479867335155594
3017486,44.5228171830527
3017487,0.5145017619333614
3017488,0.0
3017489,2.3196874604086144
3017490,1973.109436273728
3017491,0.0
3017492,323.3957221960908
3017493,4.380965432483021
3017494,374.42250582912254
3017495,426.8009581277493
3017496,133.83361212578387
3017497,106.45899250452592
3017498,12.01227542150068
3017499,1616.2797604362197
3017500,5.851963444364127
3017501,0.23647759451765674
3017502,12.898370183859827
3017503,18.61597369477986
3017504,0.0
3017505,85.90763519968334
3017506,0.0
3017507,18.650378747396662
3017508,1.6837557069727418
3017509,160.31020510923912
3017510,3.440625036567245
3017511,294.90401030000817
3017512,108.17813728527042
3017513,3.083472643152236
3017514,5.265465653909343
3017515,213.51173324907325
3017516,7.463992661338921
3017517,133.97641939555749
3017518,0.005678816731729983
3017519,4.908739067132462
3017520,2.259678897512007
3017521,0.0
3017522,0.3749466978583134
3017523,860.9908629994536
3017524,0.0
3017525,149.6610477596516
3017526,5.549620906472405
3017527,312.9458122709998
3017528,193.6201846283885
3017529,80.32016469024113
3017530,33.38456828708191
3017531,31.874219191918428
3017532,1272.184582877538
3017533,3.5009683071528794
3017534,0.2888760837700852
3017535,5.478313519566462
3017536,7.621491755877427
3017537,0.06691111421579123
3017538,67.50845539376658
3017539,0.5234395771017737
3017540,4.241765592092628
3017541,1.2679975028658221
3017542,31.991225731310145
3017543,0.6436668081624095
3017544,370.6228143617442
3017545,98.00956478516491
3017546,1.846670190516876
3017547,1.6823805255967503
3017548,177.20845978122125
3017549,13.327897622333552
3017550,464.93644223734873
3017551,0.18674795452557869
3017552,1.6176281890701385
3017553,4.392866212531423
3017554,0.028636759559954355
3017555,4.332193021865392
3017556,2918.177547139684
3017557,0.04117749291587523
3017558,549.2660129229025
3017559,14.464874548315333
3017560,774.9893138018684
3017561,760.3047925567394
3017562,247.84239151525742
3017563,221.42834774629478
3017564,167.52881299148945
3017565,3375.1328098515655
3017566,21.46079454034267
3017567,1.3479809507906366
3017568,13.766431033976907
3017569,23.28658351404256
3017570,0.25671381452471026
3017571,171.94012299972505
3017572,5.464873272507476
3017573,31.980334012283166
3017574,4.607215145406507
3017575,165.91362743895294
3017576,4.531666855999715
3017577,371.1116510341006
3017578,173.40169906837642
3017579,9.956222075762192
3017580,9.170435302049347
3017581,465.8992391543217
3017582,76.32559608426406
3017583,2437.9729369501183
3017584,0.3610178310827227
3017585,22.64417343796611
3017586,5.722365578619225
3017587,0.014912032458142906
3017588,0.8689111450684162
3017589,2540.7196224182035
3017590,0.0
3017591,409.7053651458386
3017592,11.01565868060366
3017593,887.5200437747257
3017594,555.0869841985888
3017595,334.29778390823463
3017596,165.10032434396766
3017597,68.01725715570421
3017598,3474.9943809031683
3017599,7.190901966066411
3017600,0.6799387666256551
3017601,20.695008232617013
3017602,16.229598262885606
3017603,0.28696319794259345
3017604,194.56522284887612
3017605,0.0
3017606,3.161964798363784
3017607,4.441460988951012
3017608,90.28267418961957
3017609,1.1174138045526276
3017610,174.37399825816186
3017611,200.50549026335997
3017612,4.470779471201516
3017613,4.9373914498888345
3017614,204.37837267872231
3017615,55.024154019799646
3017616,1134.0469683940196
3017617,1.0508952673112213
3017618,2.5452150548278656
3017619,4.928086427075599
3017620,0.29181375659387415
3017621,2.822546487765341
3017622,2278.2542224956837
3017623,0.10261819683544998
3017624,403.15399363558066
3017625,9.527653610808052
3017626,873.685938438301
3017627,493.01610554848287
3017628,273.96281224997733
3017629,153.05458215866042
3017630,142.1107802615452
3017631,2910.0169349427424
3017632,9.253483029443602
3017633,0.6329512123481207
3017634,18.817126096856306
3017635,17.093565028885862
3017636,0.2049484364648567
3017637,194.85634138120852
3017638,0.0
3017639,2.3015069440791365
3017640,3.3979993659706222
3017641,83.1934459267039
3017642,1.505978752658736
3017643,158.71205891231745
3017644,198.9374061057019
3017645,4.640224274832872
3017646,5.24138816741746
3017647,191.2934547550775
3017648,55.26514377920861
3017649,1085.1220030486154
3017650,0.9913224553530136
3017651,2.805778834636781
3017652,8.29924183312416
3017653,0.37793165103031073
3017654,10.055538966995487
3017655,8727.517683801385
3017656,0.3575290384954541
3017657,1218.5341718407988
3017658,42.562506183440256
3017659,1672.5135140883056
3017660,2192.3241126373064
3017661,420.39248433376906
3017662,488.9090028169591
3017663,384.7137750484545
3017664,7958.476846344949
3017665,85.17372185985367
3017666,2.8124256327452475
3017667,48.446405079347144
3017668,51.78369693289014
3017669,1.2596557371943966
3017670,432.29997552862324
3017671,42.28722202076876
3017672,58.4495958531129
3017673,29.032972710702058
3017674,314.7036573133837
3017675,23.030665246994037
3017676,1229.597818677044
3017677,403.838107685674
3017678,22.013079260091168
3017679,26.58588402304599
3017680,1612.0101614891366
3017681,362.225545703992
3017682,7875.989373305304
3017683,1.2602679056587305
3017684,126.0564096781196
3017685,2.4275351217759322
3017686,0.0
3017687,0.29792842780968865
3017688,1255.9868179712628
3017689,0.0
3017690,116.0884935412513
3017691,3.565929794057955
3017692,445.16866135067664
3017693,201.46155733194365
3017694,124.82061997914782
3017695,107.681983387292
3017696,37.73333434058795
3017697,1745.8959548157547
3017698,2.986163156704595
3017699,0.5758656874627281
3017700,11.25698089774298
3017701,6.0288551302177344
3017702,0.07608769621830584
3017703,105.33676312757741
3017704,0.38840492435912927
3017705,0.21198928774541645
3017706,2.516214988495093
3017707,38.3987642803554
3017708,0.6930682034836984
3017709,49.716289209352745
3017710,81.77355803304519
3017711,1.3554076904047925
3017712,3.0726027044819872
3017713,101.38632644429461
3017714,17.716613081971836
3017715,382.2426818898554
3017716,0.05041510804941475
3017717,1.8931213208884041
3017718,6.183220353233457
3017719,0.2021029486604817
3017720,1.4788291208423097
3017721,2192.1440516604857
3017722,0.036151028575646706
3017723,377.4015574741504
3017724,8.424068102977728
3017725,988.5844758685508
3017726,522.4514411258633
3017727,232.1784378932674
3017728,174.90490370971332
3017729,62.86201054190568
3017730,3399.1281033776568
3017731,10.134613062071134
3017732,0.4379132037987676
3017733,19.12004000876172
3017734,17.205124023555744
3017735,0.2266848342641943
3017736,201.33122484937496
3017737,1.141137554952317
3017738,1.7233622428415152
3017739,8.409145855163109
3017740,31.35432516407998
3017741,1.3689748676816262
3017742,245.5198944711911
3017743,207.53980862572823
3017744,3.251135479509893
3017745,6.575558526086232
3017746,145.3943263640389
3017747,67.65628435650314
3017748,924.1156949844602
3017749,0.7332497311973882
3017750,3.218237580488651
3017751,1.378613385327431
3017752,0.0
3017753,0.023585526284986176
3017754,727.5598262891411
3017755,0.0
3017756,76.63253566930902
3017757,2.716570687291027
3017758,395.98948584096286
3017759,121.99042616266497
3017760,109.84509613292879
3017761,113.90304924054081
3017762,19.167194069427094
3017763,1441.7580080482342
3017764,1.3860304821850589
3017765,0.19635292181407762
3017766,8.666936042524185
3017767,2.9524019158292893
3017768,0.0
3017769,71.63271303770996
3017770,0.0
3017771,0.0313600657978631
3017772,0.6123197142527346
3017773,48.3925171543625
3017774,0.30920806696779496
3017775,46.905594743958396
3017776,68.76689113885288
3017777,0.29307781126693094
3017778,1.0617237335479532
3017779,60.50672723120755
3017780,9.598378514717442
3017781,154.80914641204131
3017782,0.0
3017783,0.5598777297468183
3017784,5.896300139172122
3017785,0.02369065329195088
3017786,1.3883430001043382
3017787,1495.554760714597
3017788,0.0
3017789,175.09170931963573
3017790,6.4238609788541
3017791,689.931266102965
3017792,306.57084801681765
3017793,174.0695836925231
3017794,112.47138025156278
3017795,48.485752349934934
3017796,2366.116550422396
3017797,2.1518609281386327
3017798,0.3920964782282698
3017799,20.973518140919058
3017800,12.144003157646768
3017801,0.03768475835013298
3017802,153.16838250000794
3017803,0.0
3017804,0.13311939740194106
3017805,7.68855506935771
3017806,46.80506575997525
3017807,1.0671601952519318
3017808,195.94471376451992
3017809,134.84292183289705
3017810,1.1013862205297267
3017811,4.053720056281253
3017812,189.55112550034784
3017813,29.089682842068225
3017814,793.904052341679
3017815,0.05554237215460416
3017816,0.650356192593518
3017817,3.198913980902957
3017818,0.061629781120964816
3017819,1.9592605892871284
3017820,2520.6075958809347
3017821,0.028189439495540772
3017822,520.2977463503738
3017823,9.665307234703143
3017824,803.0031933194219
3017825,540.619957495975
3017826,239.0632071909356
3017827,101.81874902660526
3017828,83.26171636109108
3017829,3373.7674532989645
3017830,4.670834326361754
3017831,1.357916030209657
3017832,26.78160276531591
3017833,35.66609445471362
3017834,0.3734393430010218
3017835,190.55297859384805
3017836,3.9596843640899655
3017837,4.501825902747825
3017838,5.300475306276107
3017839,57.400093755261985
3017840,2.2651729167674666
3017841,171.0386109146531
3017842,233.03675176957
3017843,3.196219533764771
3017844,5.397797590100548
3017845,131.73101381487757
3017846,31.293007492986185
3017847,619.5687246829169
3017848,1.7193195698558967
3017849,1.9136093193137076
3017850,3.596977873784237
3017851,0.0
3017852,0.07046389294776623
3017853,1349.3290994846748
3017854,0.0
3017855,79.34497156018696
3017856,2.582333763102416
3017857,425.54157837268735
3017858,139.1422320639239
3017859,91.27307391283117
3017860,131.9327142787271
3017861,35.53274603449443
3017862,1620.5833050156446
3017863,2.3981695504634692
3017864,0.26481935998831196
3017865,5.46563814891745
3017866,5.441629741638816
3017867,0.0031855735611127046
3017868,81.8211281065777
3017869,0.0
3017870,0.17969554217927405
3017871,0.3443326967657277
3017872,43.27054641530242
3017873,0.6076241819928094
3017874,132.78678456055007
3017875,76.19657430706991
3017876,0.4519025380063545
3017877,1.2523862363100409
3017878,53.98878822676919
3017879,14.07207103357329
3017880,281.70096135778516
3017881,0.07267781276193229
3017882,0.10011356242329428
3017883,3.94173335637364
3017884,0.0
3017885,0.8531235740406684
3017886,2705.190694579679
3017887,0.0
3017888,375.82725822025384
3017889,7.036641971327146
3017890,735.6658997650053
3017891,466.31261475005
3017892,223.3598316957027
3017893,106.60256779250068
3017894,92.53725284271184
3017895,3400.234716431676
3017896,6.1754370461497725
3017897,0.37779482531103564
3017898,15.970878716783485
3017899,12.701235098646118
3017900,0.08594765071218406
3017901,172.93586918005886
3017902,0.0
3017903,22.020449560207144
3017904,2.478094404714327
3017905,97.40932080703516
3017906,1.1979093750665823
3017907,201.20042440683457
3017908,183.94161270138375
3017909,2.3934246170908597
3017910,4.616657233257513
3017911,126.95873821712327
3017912,52.929882300625806
3017913,1265.5463881926064
3017914,0.47305793620291425
3017915,0.60518769672307
3017916,2.725273169300816
3017917,0.0
3017918,4.509835970076847
3017919,2721.8367227609
3017920,0.033169370175781226
3017921,506.05021667152675
3017922,12.375141821943958
3017923,847.6079382659364
3017924,853.5662929645739
3017925,156.98305121189912
3017926,117.30300094394977
3017927,158.4039684004599
3017928,3445.8083500677585
3017929,42.492215386064736
3017930,1.1337531408149255
3017931,19.276234790495756
3017932,21.760313778402757
3017933,0.10868618103508729
3017934,215.02664182420173
3017935,20.992738551971033
3017936,28.246430371108673
3017937,2.8795185257566285
3017938,127.19192844924584
3017939,8.225633678979374
3017940,272.23975264945403
3017941,218.61546773013865
3017942,10.16404576213665
3017943,9.13097169495805
3017944,271.6177528866927
3017945,88.8789598971817
3017946,3178.2222968186675
3017947,0.12555503620750286
3017948,20.645445017418616
3017949,3.9944524486826216
3017950,0.010792839941078278
3017951,5.192931176237594
3017952,2156.2387150501077
3017953,0.0548636710919632
3017954,430.1719607465168
3017955,12.597443065889482
3017956,805.3286419110166
3017957,729.6778961987525
3017958,156.8448204131128
3017959,84.54862088092197
3017960,139.54485567333805
3017961,3293.1276629729973
3017962,22.371381350402714
3017963,0.8837766877497548
3017964,23.19052506011791
3017965,21.099851743798517
3017966,0.022364493715335384
3017967,225.14571592835483
3017968,19.058389140158262
3017969,15.739046054143607
3017970,5.923133635856745
3017971,105.24281935341361
3017972,8.452112746737058
3017973,184.9714599133666
3017974,248.25622060102032
3017975,7.244173650055316
3017976,8.178604070325049
3017977,156.2970269231482
3017978,87.76548393932505
3017979,1962.9722463191226
3017980,0.17379432099670378
3017981,22.24031305667362
3017982,6.520452644354132
3017983,0.1853075980010716
3017984,4.550395147411683
3017985,2947.5487246049142
3017986,0.03168821249639671
3017987,570.7062643259646
3017988,10.363121555638223
3017989,1160.449742521241
3017990,536.1322458222062
3017991,199.86672539888352
3017992,251.8865828048355
3017993,74.67561131194726
3017994,4293.901615948516
3017995,28.98773818210979
3017996,1.335322041335555
3017997,24.649365780689525
3017998,20.356126930356535
3017999,0.19382349454350456
3018000,260.9148335408526
3018001,5.471617599132997
3018002,15.340425257373653
3018003,4.867314839661592
3018004,84.7603214611665
3018005,3.592745592230565
3018006,145.82915616602537
3018007,238.78783594307856
3018008,6.149871074628602
3018009,8.612879494986977
3018010,219.3768163467613
3018011,69.59889694187454
3018012,1283.8545930376192
3018013,4.58268870515452
3018014,8.285744415043087
3018015,2.6512775186878206
3018016,0.0
3018017,3.845336162314866
3018018,2472.737496068698
3018019,0.06081845748325994
3018020,346.2366975234109
3018021,9.064546911711979
3018022,723.0431036917184
3018023,713.9595894286929
3018024,202.2852921549401
3018025,132.56835011423345
3018026,112.82864508893955
3018027,3031.6053571256807
3018028,18.68530510906604
3018029,0.853341663719311
3018030,13.848960775606457
3018031,11.873003408258798
3018032,0.15950406976229872
3018033,183.8660319082115
3018034,19.424156900413113
3018035,18.583844754110252
3018036,1.487047213190766
3018037,93.72206010317926
3018038,5.986849502589058
3018039,444.4031087105643
3018040,176.17474128754347
3018041,7.358671496856051
3018042,7.5408892630110795
3018043,473.0567297022511
3018044,61.75956436049619
3018045,2259.03355063332
3018046,0.0
3018047,34.702379874814966
3018048,3.545100974327908
3018049,0.21304990085023637
3018050,0.7971106195208169
3018051,3019.8079021442386
3018052,0.025476071346840507
3018053,333.5635637600974
3018054,7.847191777722001
3018055,1273.8571370558143
3018056,489.8910282305488
3018057,289.5157643197106
3018058,131.6289365398026
3018059,60.86264009228311
3018060,4468.737716804913
3018061,10.438492059185865
3018062,0.7525430598068945
3018063,21.07193276436608
3018064,17.741374824646716
3018065,0.16323349787001812
3018066,283.80657969433696
3018067,0.004031391535889453
3018068,0.5818631627523208
3018069,6.682920795582941
3018070,68.76209298090053
3018071,1.5959228973824322
3018072,115.84644385536303
3018073,246.10465139742655
3018074,2.092031191239118
3018075,6.351858508487067
3018076,173.14968319047074
3018077,45.687989136728056
3018078,935.2799211587741
3018079,0.10449465640322264
3018080,2.455597142359346
3018081,4.024935100140065
3018082,0.039151631074482565
3018083,3.715253925783496
3018084,2113.4368118513803
3018085,0.10494144041495952
3018086,426.33284533937643
3018087,12.783902748799894
3018088,762.3451302209064
3018089,577.4028102026543
3018090,215.43958301966882
3018091,116.57163773264
3018092,131.54828991819545
3018093,3143.5750123532484
3018094,24.30312104355147
3018095,0.8278438000868091
3018096,17.386138263531087
3018097,26.282168878021242
3018098,0.18232611536469046
3018099,193.267218027599
3018100,11.092603275638503
3018101,22.59376029156746
3018102,5.410381262539177
3018103,87.35224275323694
3018104,8.86995398166723
3018105,249.84512158259727
3018106,234.69081564898303
3018107,9.94480461045837
3018108,8.688811058831305
3018109,195.24186259731277
3018110,53.412325022203916
3018111,1811.9569468587185
3018112,0.2931039344873184
3018113,7.6447192765932
3018114,3.5271494678534694
3018115,0.2023406823307571
3018116,4.035240437281222
3018117,2656.4545599931735
3018118,0.21112845011316092
3018119,580.3530509326187
3018120,11.404061435353398
3018121,732.7143315785598
3018122,763.2010894051226
3018123,181.10083170194318
3018124,170.79374368901526
3018125,123.91620382470471
3018126,3525.0359996436146
3018127,39.830945405962346
3018128,0.8589602284485387
3018129,15.900185698345535
3018130,18.89399750923658
3018131,0.1524683488932137
3018132,180.784907192668
3018133,14.977433149069768
3018134,50.266632232576086
3018135,9.336597705735462
3018136,84.26664796449762
3018137,10.262265727807069
3018138,323.2851051627401
3018139,183.1351163333515
3018140,10.077647242743259
3018141,11.558483279472634
3018142,388.53415157721736
3018143,99.11001118083583
3018144,2572.486933037402
3018145,0.41950139736149744
3018146,21.988949376077326
3018147,4.325841715349653
3018148,0.07190390993556756
3018149,0.73750344849262
3018150,3647.9884064941034
3018151,0.041105094514770575
3018152,362.812125955202
3018153,11.782673213702731
3018154,1004.0443120256054
3018155,401.1289071489928
3018156,285.619411348928
3018157,137.24843575440786
3018158,40.53065797324127
3018159,3764.9555002686466
3018160,5.109861669017691
3018161,0.5363836422173873
3018162,18.8937425887454
3018163,16.048402105162825
3018164,0.046597029455863574
3018165,196.32235608071517
3018166,0.0
3018167,3.5584290672807004
3018168,1.806788722206012
3018169,96.93742172707155
3018170,1.9243899318161612
3018171,164.07190868458488
3018172,204.59692176248186
3018173,2.2165487058188504
3018174,3.984867441581735
3018175,214.15739554195895
3018176,71.6797601813882
3018177,732.6144818265514
3018178,1.442170934081834
3018179,0.4825756764383895
3018180,15.735527015708392
3018181,0.14606641027488018
3018182,13.593676833314957
3018183,9789.902920377257
3018184,0.31215791508427604
3018185,1530.3908036871424
3018186,34.736744471585034
3018187,2024.5914292359794
3018188,2480.461963176258
3018189,602.4164716474984
3018190,663.2279567986822
3018191,580.1235574667575
3018192,9055.85862643516
3018193,87.69346146811867
3018194,3.3564778767641013
3018195,74.83155228448182
3018196,86.54022593510497
3018197,1.1917232782520562
3018198,485.2974695862101
3018199,32.39683027400513
3018200,30.63175426323507
3018201,27.654753755677262
3018202,506.832910907768
3018203,21.4707499568577
3018204,1407.5286813267503
3018205,439.4111808215587
3018206,32.21744349425907
3018207,35.16190386530984
3018208,1725.4552301520075
3018209,413.189855892249
3018210,9558.639094635719
3018211,128.54728691713223
3018212,147.73645986059935
3018213,12.143395053292949
3018214,0.07893189744757481
3018215,10.953017086553146
3018216,8558.312306723368
3018217,0.2656016819210948
3018218,1212.433655454639
3018219,39.53041281638306
3018220,1996.8971834300244
3018221,2011.0451688489716
3018222,647.9434865759887
3018223,334.19695580137926
3018224,364.14208771793375
3018225,9152.59748189142
3018226,96.25571339897719
3018227,1.118845644044952
3018228,51.87782918439004
3018229,69.0571145159419
3018230,0.8452785392419613
3018231,522.7200297896951
3018232,24.086035371646137
3018233,42.70276404674506
3018234,7.800339333686093
3018235,276.92327090133415
3018236,15.848801155816613
3018237,1785.067065342199
3018238,523.8839370339227
3018239,25.80316932107362
3018240,27.52819238305703
3018241,1655.9740316558652
3018242,270.1939479738018
3018243,6701.069692236034
3018244,114.99321971786758
3018245,111.78012975970064
3018246,9.688047821916456
3018247,0.0
3018248,11.558400359731545
3018249,5181.455068555968
3018250,0.10158737367409017
3018251,746.6096484494727
3018252,23.24634574499083
3018253,1715.5977215739128
3018254,1260.4938477942371
3018255,732.002089468524
3018256,129.3220897394576
3018257,203.51601332956923
3018258,7237.619283549444
3018259,42.84727321540633
3018260,1.0670700721447837
3018261,24.92501160812535
3018262,33.75900162704366
3018263,0.6757046468598771
3018264,441.74303259463
3018265,23.424684258121477
3018266,21.04405716619378
3018267,7.706112328022106
3018268,145.97621637313713
3018269,7.9920281588019435
3018270,1572.3927030969817
3018271,528.124822633996
3018272,22.692959985795532
3018273,24.25552504472332
3018274,1127.9371227144577
3018275,135.16872332446954
3018276,2165.7423320052317
3018277,94.16700406912588
3018278,57.92356016865527
3018279,11.705913659057124
3018280,0.08184686069792953
3018281,11.902454181774512
3018282,7756.890708384794
3018283,0.2941991888682683
3018284,1140.4678168456855
3018285,30.74617710606251
3018286,1839.176849432269
3018287,1977.301767828186
3018288,628.1006625232817
3018289,343.84551200427245
3018290,340.9848134717474
3018291,8250.236879917913
3018292,65.52011660176761
3018293,1.6975796640393859
3018294,46.03789915794142
3018295,59.49505001531869
3018296,1.077948879873437
3018297,501.36374678729265
3018298,27.111879252864586
3018299,32.28446595360437
3018300,9.60291047117976
3018301,241.66630652480012
3018302,13.127369093089545
3018303,1386.1428938402053
3018304,518.5883601799604
3018305,24.829183018389084
3018306,26.122046624965176
3018307,1452.9013266754393
3018308,234.9492763732587
3018309,5239.579189918106
3018310,93.319438040157
3018311,104.22114588680131
3018312,8.695023635212841
3018313,0.0
3018314,9.611773192219362
3018315,4000.407191565381
3018316,0.03946874660196551
3018317,597.4406590987065
3018318,20.355901130106066
3018319,1479.6630001946708
3018320,963.7071057881998
3018321,568.643559958125
3018322,95.80274983895494
3018323,159.01215700435623
3018324,6272.803925262379
3018325,40.932916356107974
3018326,0.5228210532389934
3018327,27.450529684946275
3018328,24.57985345340974
3018329,0.3343732574870549
3018330,403.4825948878715
3018331,23.34967907754212
3018332,11.243061174139969
3018333,6.189146132402112
3018334,142.09510493647963
3018335,5.423291674912414
3018336,1229.137350454245
3018337,470.4171480824598
3018338,16.203345209107646
3018339,17.493781076748768
3018340,866.4320552879626
3018341,88.84260739291658
3018342,1498.8595326030784
3018343,111.95494102632631
3018344,33.30786155270965
3018345,9.6133176543564
3018346,0.051474867455257096
3018347,8.635023859894938
3018348,8140.064608850657
3018349,0.2562390591007127
3018350,1234.6038358397745
3018351,38.61644772464727
3018352,1733.9096163107656
3018353,2121.091102272227
3018354,482.53373162826557
3018355,490.08750484207684
3018356,397.1021829561187
3018357,7403.871270729591
3018358,72.3727346403109
3018359,1.8131916609520031
3018360,44.58959554998614
3018361,43.75360783174673
3018362,0.8198149217013329
3018363,405.8380242913261
3018364,23.858811578461033
3018365,33.70527675741399
3018366,14.809075084340822
3018367,302.0237394645224
3018368,16.944327481684113
3018369,1310.815722410998
3018370,400.85015517446703
3018371,22.552894418675066
3018372,30.3091839054221
3018373,1426.2291620161482
3018374,275.00512554776674
3018375,8147.628000592283
3018376,80.34656743619456
3018377,114.54503818171146
3018378,3.9703857465688666
3018379,0.09949993117411023
3018380,3.54989649081673
3018381,1689.4362462976492
3018382,0.16680220407297935
3018383,291.652167748514
3018384,19.96611454708385
3018385,704.0824573455238
3018386,454.99166064308577
3018387,209.67714263559554
3018388,74.5395550364642
3018389,105.22795917128276
3018390,2493.0628356265215
3018391,18.26459442818892
3018392,0.6228490186211313
3018393,20.041702239180502
3018394,25.33428130646456
3018395,0.1924140433078035
3018396,179.74537462989804
3018397,11.155539906132017
3018398,5.280641730301996
3018399,7.965210807244912
3018400,70.5741597524756
3018401,6.868710537096217
3018402,270.8376044844137
3018403,199.5990745051336
3018404,3.6773989758791092
3018405,7.7286489848452735
3018406,245.06070214179707
3018407,64.4306737440492
3018408,1318.0138308141445
3018409,0.18283046589340854
3018410,13.769871966940302
3018411,8.38673031225819
3018412,0.0
3018413,7.887950114620674
3018414,3924.9550227462214
3018415,0.14918929196956418
3018416,516.8828643107884
3018417,30.637860197358346
3018418,1249.9833671564152
3018419,840.6704186110195
3018420,445.6029622681064
3018421,94.32917254629707
3018422,159.81789260390659
3018423,5780.772094348546
3018424,49.933731892893
3018425,0.8435952162486953
3018426,35.94076202704917
3018427,44.04999335790182
3018428,0.24796611107056257
3018429,350.0314259859361
3018430,22.287495827455707
3018431,7.616621655398552
3018432,3.474531663550314
3018433,147.83263545901886
3018434,8.597455454378851
3018435,707.715394248176
3018436,373.33460913285097
3018437,10.39681938122053
3018438,19.00840476077934
3018439,446.3035540683568
3018440,84.6719608219762
3018441,2105.0986626624035
3018442,90.7010151699617
3018443,20.37260737482958
3018444,5.467406029955394
3018445,0.0
3018446,4.262804494799436
3018447,5174.979004219077
3018448,0.058478973513196204
3018449,827.4234235424769
3018450,15.761711289516445
3018451,1135.24985405453
3018452,1362.8806972902314
3018453,268.01444475604325
3018454,326.1334599278846
3018455,300.15600636617035
3018456,4813.355196664626
3018457,33.20722369957672
3018458,1.1576115509423204
3018459,21.838682143082323
3018460,32.283057407345666
3018461,0.5218714309251431
3018462,252.22138906202755
3018463,2.362161566954738
3018464,48.817960041337294
3018465,4.580145165607554
3018466,212.27410008404632
3018467,9.094041357826132
3018468,1060.666239789029
3018469,232.81060113263823
3018470,20.5721281924005
3018471,11.109359321212228
3018472,1437.0017256447977
3018473,138.70563848352825
3018474,5244.454666133498
3018475,1.7180037636087144
3018476,64.16963243462259
3018477,4.934643658270838
3018478,0.50328771674403
3018479,3.237582431085646
3018480,3838.4754296468095
3018481,0.4658593186766516
3018482,1139.8426176150624
3018483,6.407365196281183
3018484,1401.9427520000609
3018485,911.7318395737616
3018486,425.8161854939137
3018487,326.259991392491
3018488,204.79640012818322
3018489,4813.413724214327
3018490,29.025758586871202
3018491,1.6479946050670886
3018492,23.52238536474773
3018493,25.850279596531713
3018494,0.9510871862671813
3018495,272.75618600769695
3018496,4.432678758218595
3018497,43.70160271508411
3018498,4.023589798048751
3018499,210.66348906409837
3018500,5.86740240059202
3018501,852.7283190717619
3018502,376.3742867961193
3018503,9.984478638780814
3018504,20.546112651789997
3018505,898.6308631406164
3018506,53.90770668065845
3018507,2123.019295447605
3018508,2.8140670093508766
3018509,13.793855143923995
3018510,7.06039053967994
3018511,0.14521402607131542
3018512,4.469626327288179
3018513,2331.734026296977
3018514,0.1502537804634331
3018515,453.39432756088064
3018516,10.20003426926107
3018517,840.9588784331706
3018518,508.77346047786074
3018519,263.84147017372817
3018520,109.30785471209406
3018521,202.61652618487412
3018522,2788.2012900971004
3018523,14.750016123945029
3018524,1.0377966771874716
3018525,17.804028075101545
3018526,24.253296529368914
3018527,0.24608185458870324
3018528,181.90083710726836
3018529,3.33771001684445
3018530,10.359494952563653
3018531,4.355517370149815
3018532,104.2615244427876
3018533,3.8439048224067625
3018534,407.3187928358531
3018535,217.42538974415646
3018536,6.149047189593702
3018537,7.3419386899932935
3018538,273.34700349057715
3018539,81.4786135221157
3018540,1891.4275817717562
3018541,0.697347477704537
3018542,6.203647007367938
3018543,4.711488482253276
3018544,0.10130898243905596
3018545,0.2683186658597273
3018546,1511.5582198460693
3018547,0.0
3018548,155.21406978264886
3018549,4.3761172787307885
3018550,807.7218776981867
3018551,161.02445062688656
3018552,204.01467695295912
3018553,53.81416970052973
3018554,26.22101718720154
3018555,2558.0274765939344
3018556,5.2362430677211815
3018557,0.4230154322365415
3018558,13.200296976782791
3018559,9.254388432935297
3018560,0.02650148076407992
3018561,155.28268021507336
3018562,0.0
3018563,0.037482486195629806
3018564,2.2572357902716313
3018565,24.945511726737738
3018566,0.7797238428083915
3018567,52.49714621680606
3018568,136.58750498538663
3018569,0.3042836613590125
3018570,2.9623878833113864
3018571,47.103289238098085
3018572,47.08586682875195
3018573,270.49371217137076
3018574,0.10929380638673558
3018575,0.8924680163880363
3018576,3.5135600728809484
3018577,0.0
3018578,5.554270263129327
3018579,3303.739397905786
3018580,0.019791669839561613
3018581,474.58625982881364
3018582,12.788906242007629
3018583,947.8787381885155
3018584,829.7873199599254
3018585,311.2758449393103
3018586,162.319109731889
3018587,177.43994697697067
3018588,4146.0707546758085
3018589,34.128759420232
3018590,0.6087450622852555
3018591,17.16371664108643
3018592,34.29454665840013
3018593,0.07160401473317798
3018594,258.5579515318828
3018595,22.4769163019254
3018596,15.530152742763061
3018597,7.612339676563025
3018598,103.00829588685433
3018599,6.466403702641789
3018600,585.5819477823721
3018601,248.04497042830516
3018602,9.519948185651568
3018603,10.351848940563178
3018604,655.5578361214874
3018605,94.30608669857416
3018606,3301.143681261601
3018607,0.02923415648409755
3018608,44.43069251359279
3018609,3.696154918706955
3018610,0.0
3018611,4.608220641582234
3018612,4703.522467489214
3018613,0.13597349352903781
3018614,704.9112854033615
3018615,20.028456372789986
3018616,975.9172194522454
3018617,1236.9427340584227
3018618,193.39159500643441
3018619,294.1829561658979
3018620,290.1677350480537
3018621,4299.072752328639
3018622,41.63029840260438
3018623,1.8064866277165903
3018624,20.282997336537722
3018625,26.981454749271016
3018626,0.4851695518190165
3018627,232.46937252524674
3018628,12.872404991588768
3018629,51.41741039443915
3018630,9.545728966624448
3018631,230.86234353995616
3018632,12.362795041276485
3018633,725.4753784459623
3018634,205.66196860752785
3018635,9.530689026169938
3018636,13.05221420752527
3018637,819.2712262585707
3018638,154.57236555403827
3018639,6077.917825112653
3018640,0.2117624164554752
3018641,64.02542296382511
3018642,4.3250788659071855
3018643,0.1123869472798129
3018644,7.8836256109092435
3018645,4943.228114833096
3018646,0.16466535721086037
3018647,815.9918264051813
3018648,24.046163661552555
3018649,1108.665393726679
3018650,1406.5015148853151
3018651,298.6279013789092
3018652,315.59003826317337
3018653,206.92246337436225
3018654,4673.244574775174
3018655,42.33392150143286
3018656,2.225355352225835
3018657,33.58933503106622
3018658,35.86386677193506
3018659,0.7517697916615089
3018660,320.3764191040657
3018661,34.8558322952731
3018662,35.45225211560931
3018663,15.231114368567155
3018664,210.48784671892486
3018665,15.257948930881188
3018666,741.4301697455904
3018667,292.3208186993908
3018668,17.74595165752053
3018669,18.862130910324456
3018670,800.522638618857
3018671,162.28100483037633
3018672,4546.090788200677
3018673,0.4817707896375713
3018674,66.9919721636119
3018675,8.456916199763624
3018676,0.10652848308238672
3018677,5.619190014530747
3018678,2847.376050078004
3018679,0.0
3018680,402.0281231118594
3018681,13.106236969492214
3018682,1232.836840204204
3018683,595.7127978882892
3018684,501.08574681560304
3018685,119.55245193896789
3018686,75.19652479943116
3018687,4955.645713378317
3018688,7.899391575037001
3018689,1.0803931570475167
3018690,34.675876114728574
3018691,29.4038232644006
3018692,0.04717213648793884
3018693,328.1661506764991
3018694,10.952833910420912
3018695,4.467155692589771
3018696,5.703665457435516
3018697,56.300927084742675
3018698,3.4788601394178693
3018699,290.85987728907236
3018700,283.5849848538293
3018701,5.485733031244812
3018702,9.851273941751886
3018703,441.9584679671882
3018704,84.0238645389747
3018705,1064.8765442189206
3018706,40.03378546589007
3018707,9.932454847756016
3018708,3.0515018432032797
3018709,0.05120910498287188
3018710,4.055319110432277
3018711,2360.024735446038
3018712,0.1440704456199163
3018713,330.2109860654536
3018714,12.972940696475204
3018715,595.9424133486189
3018716,729.5853323419274
3018717,124.29879502162886
3018718,111.62006648345871
3018719,125.69769654527319
3018720,2360.338782115733
3018721,19.518424988894616
3018722,1.406957625547586
3018723,16.916477047295334
3018724,22.494119580365357
3018725,0.2373062715458386
3018726,152.18257203859105
3018727,14.082120779458366
3018728,15.538846057656905
3018729,3.855420762136058
3018730,168.21901070184612
3018731,6.808932311140116
3018732,248.22957773379596
3018733,144.74379894524535
3018734,6.6190044428965376
3018735,9.624615823765092
3018736,243.00365361256826
3018737,76.26048288220133
3018738,2284.2190432469165
3018739,0.05739633695997115
3018740,20.342277656414055
3018741,2.9083415161019657
3018742,0.057707109851059396
3018743,0.8882827492612448
3018744,1438.1422577589383
3018745,0.0
3018746,113.34590495334731
3018747,4.041363734814269
3018748,797.459494228095
3018749,307.20363337644835
3018750,269.91986420683867
3018751,41.4884194347241
3018752,53.854852995272445
3018753,2630.7953310904722
3018754,3.3286739776580214
3018755,0.3884738875731617
3018756,8.357711375720589
3018757,7.308590023401685
3018758,0.010041754931394661
3018759,193.19069231603714
3018760,4.964786055279272
3018761,0.21569029142905666
3018762,1.428710749190269
3018763,15.474310011940329
3018764,0.9256118900818009
3018765,139.96659994640027
3018766,183.87457907824265
3018767,0.9399135286948761
3018768,3.531429812241406
3018769,154.2125872410739
3018770,20.41654322407859
3018771,279.2884831819317
3018772,8.84595960930819
3018773,2.7915121515492336
3018774,9.473251911074767
3018775,0.17813255210606668
3018776,6.476950265902833
3018777,5024.252330440446
3018778,0.019727100226063162
3018779,576.5818964309481
3018780,18.38765288440234
3018781,1811.831257630644
3018782,645.2551006777429
3018783,516.9374434265652
3018784,138.4560848410769
3018785,141.8956969082123
3018786,7088.537818785263
3018787,24.259839065498984
3018788,0.9653650031188783
3018789,35.55960070549661
3018790,29.39279774533499
3018791,0.30929045016278056
3018792,474.53068290513653
3018793,15.144382861560725
3018794,2.4695205982901363
3018795,9.014325098341399
3018796,92.45239517379824
3018797,4.054689319965106
3018798,590.0873048267067
3018799,419.9920365161416
3018800,3.2617405552666145
3018801,14.747676755581196
3018802,508.4245100907962
3018803,68.78465768574704
3018804,1165.8083461303997
3018805,27.60413085873337
3018806,9.128720547129088
3018807,6.029941415394772
3018808,0.1362694872858021
3018809,1.0162975345674674
3018810,2062.473878002337
3018811,0.0
3018812,172.9025906640096
3018813,11.10686244774007
3018814,896.0369119741831
3018815,427.01273874002464
3018816,251.09664542202012
3018817,73.78584513791765
3018818,69.90844680889188
3018819,3020.151802627351
3018820,6.393248280174699
3018821,0.8845494573977806
3018822,16.453406309760933
3018823,18.80726714617285
3018824,0.15461366865290946
3018825,197.14247524819083
3018826,1.993738293938761
3018827,0.2171073794089542
3018828,8.54525351872919
3018829,67.98037672722073
3018830,1.796491259703103
3018831,141.27259047080003
3018832,177.1565410672526
3018833,1.1885672346706118
3018834,5.998884335487587
3018835,181.9941503528057
3018836,43.00531379331172
3018837,379.7115895143734
3018838,3.1986711967921
3018839,4.117620742059542
3018840,5.439490671523527
3018841,0.0
3018842,2.06379989422894
3018843,2071.1446624560767
3018844,0.0
3018845,149.72173421056533
3018846,5.982552690744993
3018847,849.0502202115475
3018848,341.442634489882
3018849,196.3860049441677
3018850,51.17823544011866
3018851,50.27116237889569
3018852,3046.8013105307364
3018853,6.994162867104252
3018854,0.35529695191536315
3018855,15.466984901724803
3018856,10.75942267115105
3018857,0.08112724428264488
3018858,184.82692559408375
3018859,3.9719960925715814
3018860,0.17999808881419832
3018861,2.237849625112312
3018862,30.42146280476752
3018863,1.1058728204313435
3018864,152.44344273486445
3018865,200.94206989604703
3018866,0.6918005621377972
3018867,4.0857172414303795
3018868,124.32614235766351
3018869,28.6801222102161
3018870,244.14949998565464
3018871,5.351309292703342
3018872,3.161402506978784
3018873,3.621518012448729
3018874,0.07514617027520425
3018875,1.9625992725301415
3018876,1619.191507422572
3018877,0.0
3018878,185.89354386304308
3018879,6.811652695147428
3018880,1115.1979766184104
3018881,475.40479748565275
3018882,259.7884306912016
3018883,40.31638922493395
3018884,73.6455166773936
3018885,2926.0200151797203
3018886,4.934182943347311
3018887,0.25529263583825207
3018888,17.753099203349826
3018889,20.417134778055846
3018890,0.06603664939897634
3018891,237.00440996334765
3018892,0.7028717298541296
3018893,0.1640009249324934
3018894,2.7113417971717606
3018895,22.29167212941385
3018896,1.5637093095915442
3018897,241.72391311577138
3018898,282.8198766730185
3018899,0.8399805280656214
3018900,5.2309206194849915
3018901,81.44693537732803
3018902,56.67504226010669
3018903,395.150085879809
3018904,5.8029387706668505
3018905,5.531062524406877
3018906,3.3508097908011365
3018907,0.48464046711866887
3018908,1.3522746374965355
3018909,1748.3725150213922
3018910,0.043053877785549734
3018911,143.00531270018774
3018912,5.457121431467999
3018913,830.6221668193102
3018914,352.06093674687276
3018915,266.3425870064456
3018916,76.4152130528104
3018917,76.30026722486988
3018918,2832.2851010100558
3018919,8.007973218517145
3018920,0.7676403403044529
3018921,20.02629493672236
3018922,18.198537781252746
3018923,0.08405903733713332
3018924,224.7698743043963
3018925,10.422462158790902
3018926,0.24608955068503377
3018927,3.8731393339988616
3018928,47.14070604161373
3018929,1.766337785363839
3018930,122.55746674579329
3018931,186.62646666586866
3018932,0.8115671927476473
3018933,5.264426547110741
3018934,135.81948336394032
3018935,38.717667229436614
3018936,578.7598656877882
3018937,3.5403012331038406
3018938,4.847966480515566
3018939,4.46328383661877
3018940,0.0
3018941,0.36193916813268545
3018942,1399.625739716763
3018943,0.0
3018944,138.73094466139187
3018945,5.081979496579908
3018946,747.4808712651553
3018947,252.38920808034607
3018948,161.16280999312642
3018949,133.01680346425127
3018950,47.6677371634219
3018951,2229.083371170145
3018952,4.074087240012629
3018953,0.2888956329826285
3018954,12.551454371177497
3018955,9.13669650312794
3018956,0.0
3018957,180.7251979261541
3018958,0.007840230282177412
3018959,0.014393433931194482
3018960,1.7528413596769892
3018961,56.78742261939186
3018962,1.0814077822878128
3018963,58.701629160520056
3018964,145.85750279531672
3018965,0.650818414593765
3018966,2.7793733513741863
3018967,80.51347637987818
3018968,32.13546659187391
3018969,324.92421224411294
3018970,0.018454248319463643
3018971,0.8955022909854335
3018972,9.765032627917643
3018973,0.15824602676655336
3018974,3.983426048787929
3018975,4151.007406645372
3018976,0.0
3018977,366.3681957088695
3018978,9.99759719654265
3018979,1265.5683170477714
3018980,828.4984849614042
3018981,583.6553778463519
3018982,226.04160066865305
3018983,180.67206234193787
3018984,5389.557533650794
3018985,12.4227970714324
3018986,1.0129359562318871
3018987,31.60224658970266
3018988,30.857245232485838
3018989,0.32471992097251473
3018990,343.54709994509113
3018991,2.230210379910185
3018992,0.5743790648709657
3018993,11.527205343145956
3018994,55.0377650459342
3018995,2.9506301259078707
3018996,316.53069581644115
3018997,299.6477345726658
3018998,2.4490863913194043
3018999,10.785773486483572
3019000,405.62613087751674
3019001,82.62641651578646
3019002,1431.1898259078064
3019003,8.32483131813552
3019004,12.028319826074958
3019005,0.7720025514459987
3019006,0.06965000136724372
3019007,3.0973965721153167
3019008,619.3717615313835
3019009,0.0
3019010,122.75930890354167
3019011,3.5293347464087095
3019012,210.72656316482917
3019013,197.4189177167034
3019014,67.97886409904795
3019015,41.266012876481355
3019016,40.800370199190716
3019017,1038.1528713729429
3019018,2.7670392950789484
3019019,0.730586032661396
3019020,9.822417670447765
3019021,8.479471380558914
3019022,0.08681879152322615
3019023,76.3552609707085
3019024,5.323804882958549
3019025,2.430054992996231
3019026,0.8628908018265673
3019027,56.20457056589208
3019028,2.4167683748383
3019029,5.360523889344515
3019030,53.988745069502485
3019031,2.5928793675217245
3019032,4.296561613399081
3019033,64.66296868010767
3019034,6.252652612797299
3019035,386.04087070686427
3019036,25.17033382272177
3019037,6.935902976537283
3019038,8.788807375266074
3019039,0.09363999487967234
3019040,2.8709231725745745
3019041,3463.3454163570495
3019042,0.020078438683136544
3019043,201.84946515634812
3019044,8.678882684790503
3019045,1150.047611200279
3019046,453.7780765670467
3019047,372.7353796764109
3019048,80.26195551747412
3019049,81.94835218723618
3019050,4311.229738344655
3019051,12.510935928036698
3019052,1.1261054162836275
3019053,22.858774481311315
3019054,16.034201112596445
3019055,0.17823910590556508
3019056,242.94225969753325
3019057,10.443817905758504
3019058,0.36261665492470285
3019059,4.957000505945414
3019060,32.01850512743399
3019061,2.4567027723203165
3019062,164.69732144448156
3019063,234.9811037685135
3019064,1.3536917941820406
3019065,6.990619976998916
3019066,157.18212321662392
3019067,43.617659564427896
3019068,507.23659811183506
3019069,4.2775441692562435
3019070,5.324851326095815
3019071,6.396413072997119
3019072,0.02733220185629736
3019073,7.3510398651845055
3019074,3864.3487991154684
3019075,0.1307868599361962
3019076,655.2981815323361
3019077,15.986610403378062
3019078,1056.107407158096
3019079,1150.6351147251319
3019080,279.6482618968355
3019081,220.82923245504125
3019082,179.80379942814685
3019083,4708.055106852455
3019084,42.097075510084125
3019085,1.379408140795209
3019086,26.124376621735145
3019087,29.027253671164203
3019088,0.37749834288050005
3019089,307.5658150771591
3019090,39.095187497760044
3019091,19.090876179083107
3019092,9.188697799953495
3019093,169.97393227385044
3019094,10.49919104897087
3019095,503.86224594832015
3019096,317.52704234932224
3019097,12.893542818441926
3019098,12.409658807922911
3019099,569.3912912067499
3019100,127.92031110686838
3019101,3494.541204945933
3019102,0.5928794870595369
3019103,34.73856270853274
3019104,9.073303309564867
3019105,0.3397391504534197
3019106,8.219517258794088
3019107,3781.0872636672643
3019108,0.08344001098966833
3019109,519.6483039168796
3019110,10.356916958347247
3019111,1568.8036069475118
3019112,877.9266695251871
3019113,682.8003032809678
3019114,132.3746366139084
3019115,133.68564117337232
3019116,5174.828136099217
3019117,15.475265683040337
3019118,0.8529686461152854
3019119,19.592378385520657
3019120,22.257338047733292
3019121,0.3079216446029239
3019122,386.67665247363084
3019123,8.97028724159979
3019124,8.500776283200231
3019125,7.588118764704516
3019126,65.7662963959748
3019127,2.7265155465718154
3019128,321.299651700116
3019129,471.19110349815674
3019130,5.475784094886596
3019131,8.415383601844523
3019132,387.82158325939525
3019133,122.66198825939637
3019134,1150.733842565184
3019135,11.80211989195331
3019136,19.655543056764355
3019137,12.72430265845482
3019138,0.4106731338431501
3019139,7.322131304059628
3019140,3483.4388613961514
3019141,0.13727204897640682
3019142,600.231904088139
3019143,9.377007277276672
3019144,1552.7290454441586
3019145,752.2305825534836
3019146,426.3559623401378
3019147,276.70871210772503
3019148,145.40508667077168
3019149,5057.766843581543
3019150,20.247948662343106
3019151,1.1451906849303146
3019152,36.71626725747986
3019153,33.600907353855774
3019154,0.4007304178098897
3019155,353.7928094576617
3019156,5.684298212178262
3019157,5.3532609424881725
3019158,11.682390013786256
3019159,116.18287136170721
3019160,4.219104616132749
3019161,177.43000721549643
3019162,367.7227966566681
3019163,4.460309380441108
3019164,12.646958232594205
3019165,266.26204829502404
3019166,193.35904815109026
3019167,1453.1995340494743
3019168,1.3525872773922205
3019169,9.464308831431149
3019170,4.751131129575684
3019171,0.2004824231343865
3019172,1.5322095058494622
3019173,1495.3559219753913
3019174,0.03159670037128438
3019175,175.52238118242425
3019176,8.225254044060122
3019177,704.7947121050207
3019178,322.9997810460684
3019179,175.61362870112237
3019180,74.74854577679717
3019181,72.73261752918822
3019182,2472.0613438021637
3019183,6.27166440474699
3019184,0.6482256429253099
3019185,29.850651372674665
3019186,16.508864837969508
3019187,0.17142492267040346
3019188,180.67550779912617
3019189,1.1952350658467936
3019190,0.6683646439060056
3019191,5.101862891697892
3019192,49.43874000311156
3019193,3.3471403775163138
3019194,66.38646196431198
3019195,157.3128348862355
3019196,1.1262285341657328
3019197,6.33801372746045
3019198,95.78633640378465
3019199,41.59368613521596
3019200,495.9805794550894
3019201,21.817838328997432
3019202,2.078614758130868
3019203,2.389215324724068
3019204,0.005861296766801941
3019205,1.3396057447596146
3019206,1776.8582665013705
3019207,0.07501514553782812
3019208,273.61378643532777
3019209,15.531595929490763
3019210,544.6836201519427
3019211,525.7631044923186
3019212,135.14460218356487
3019213,54.67088715264399
3019214,79.97838387610533
3019215,2284.805863402096
3019216,32.81945665126523
3019217,0.27892144734241414
3019218,9.815797299336298
3019219,19.529344409685073
3019220,0.20465566945488145
3019221,144.29721428989322
3019222,13.96317256598004
3019223,3.0083415578387687
3019224,3.2139876809910914
3019225,129.44183417037814
3019226,5.094141934066193
3019227,553.6887574457348
3019228,147.17337521430096
3019229,4.073500974407208
3019230,5.157938011852767
3019231,293.61428904028395
3019232,43.05011327653991
3019233,1775.276364868627
3019234,0.1312415207888036
3019235,13.688857713254045
3019236,4.134115376946314
3019237,0.06315497580704146
3019238,9.240296415343849
3019239,4347.8825605490765
3019240,0.09902360314938424
3019241,927.5510636216987
3019242,19.175573766670066
3019243,1144.3325510026755
3019244,1470.6984937474638
3019245,296.6771344380142
3019246,214.45887918799613
3019247,233.33448049705646
3019248,4441.6671794347185
3019249,31.54169284066336
3019250,1.3894981731464005
3019251,22.25944304422463
3019252,41.978398185427416
3019253,0.3092702053990621
3019254,305.0358805360897
3019255,16.646728838458785
3019256,48.2024717779206
3019257,9.925430428037153
3019258,198.37621422525524
3019259,14.14181404544949
3019260,342.6276034343061
3019261,343.4387992845801
3019262,21.99843897416923
3019263,15.98513316865013
3019264,441.5357354739159
3019265,124.69917127312233
3019266,4223.053014755913
3019267,0.6117400226992307
3019268,31.946527179319766
3019269,0.9692537790971376
3019270,0.0
3019271,1.6566624439424196
3019272,2367.5140419113377
3019273,0.0
3019274,403.51873955024644
3019275,6.251399143219792
3019276,486.2816173426653
3019277,582.8720887015188
3019278,142.05612294947807
3019279,9.49828789625915
3019280,18.650692879692322
3019281,1967.9836413565627
3019282,8.142751344602388
3019283,0.47698699514842424
3019284,6.734423069333167
3019285,24.05323050107605
3019286,0.0
3019287,111.5871937153794
3019288,0.0
3019289,24.22318485414523
3019290,2.5075566271528573
3019291,312.86745814658
3019292,4.690748917918407
3019293,16.077169921356987
3019294,149.58195221931274
3019295,4.076584454893857
3019296,7.015077460777828
3019297,19.399694307010098
3019298,11.909174729356003
3019299,212.01624697468867
3019300,0.18404060832199917
3019301,5.060681462424407
3019302,3.365693294205247
3019303,0.0
3019304,0.8023874234449129
3019305,1157.6214537315223
3019306,0.0
3019307,218.8628134077461
3019308,7.253894834333687
3019309,415.2455912452181
3019310,278.5937350657194
3019311,88.3529430718742
3019312,43.45447099405176
3019313,41.198467725949094
3019314,1493.9140540249527
3019315,4.791660882206794
3019316,0.5162042580334887
3019317,11.87135515855303
3019318,7.347332058501564
3019319,0.1808489892374216
3019320,93.6456033512174
3019321,1.1395029551246014
3019322,5.837547033710792
3019323,1.8824758092467908
3019324,57.479176025957074
3019325,1.092984331513617
3019326,220.71623119096628
3019327,139.62931184572042
3019328,2.552877559596415
3019329,2.426052534991707
3019330,148.97632241549556
3019331,16.825880541742308
3019332,706.6268837108316
3019333,0.4033602566709591
3019334,2.4770848545305806
3019335,7.238741655495257
3019336,0.05504477253932654
3019337,4.968128611058493
3019338,3977.420801543079
3019339,0.0597483768070803
3019340,774.8386162266386
3019341,22.0390260680967
3019342,1047.6542378892239
3019343,1118.847618645017
3019344,295.99691780782484
3019345,289.91974979149416
3019346,254.97651973425738
3019347,4468.013135403068
3019348,32.85261902505955
3019349,2.047758591131036
3019350,25.736530945028353
3019351,31.37828291898711
3019352,0.4767240705834471
3019353,257.70114265989815
3019354,9.713196364580353
3019355,53.04900526453561
3019356,7.112555351754176
3019357,314.629697633212
3019358,7.119313168983535
3019359,346.238905215186
3019360,272.4020158524235
3019361,14.86851973943061
3019362,13.703911087578362
3019363,465.36098234430267
3019364,105.51868512065805
3019365,3765.577654199252
3019366,0.8449937512114487
3019367,23.17364656027113
3019368,10.221453665247891
3019369,0.05091090959475686
3019370,1.9920025598754791
3019371,3840.6284743056112
3019372,0.0
3019373,623.9755318424984
3019374,16.03283839274378
3019375,1282.727057382427
3019376,872.3893359282157
3019377,418.1338631083483
3019378,266.33472850315655
3019379,143.76848578359554
3019380,4907.088079237034
3019381,10.928161082892853
3019382,1.1616819387790476
3019383,34.755457514584435
3019384,22.154075247530585
3019385,0.505209809097622
3019386,289.9664935849482
3019387,0.20152031443504786
3019388,5.242317625258795
3019389,7.059531132727313
3019390,190.15910977582072
3019391,2.009688252768767
3019392,241.58820330902233
3019393,333.6637491220359
3019394,6.844838116934749
3019395,7.731490308994244
3019396,250.90803273815428
3019397,71.13506328085555
3019398,1593.030080505112
3019399,1.7613041672876069
3019400,6.660865166690373
3019401,7.043190404800134
3019402,0.3722434072399854
3019403,2.230080602906463
3019404,3236.2992754728116
3019405,0.157626507725654
3019406,573.9061154275545
3019407,12.883316814375007
3019408,1239.1694408097794
3019409,741.11137905464
3019410,325.06083442744455
3019411,212.4894737138888
3019412,129.50199266223845
3019413,3823.30985246882
3019414,12.836145011425893
3019415,1.0407900322237364
3019416,25.07808921043694
3019417,23.92072413345013
3019418,0.4622499432579596
3019419,278.16938418723953
3019420,0.3451404698028404
3019421,3.5622953990611395
3019422,4.936916789127336
3019423,146.11550355316479
3019424,2.146126130374121
3019425,214.29909537009885
3019426,319.81633729644244
3019427,6.380092515823789
3019428,7.299366857643257
3019429,247.98003952756062
3019430,113.72267417999151
3019431,1397.331197157161
3019432,1.6231503719914286
3019433,7.8591826265270335
3019434,13.10844943806348
3019435,0.3837416365828111
3019436,16.97266832337369
3019437,11760.029455991538
3019438,0.37505148735950566
3019439,1556.17919594753
3019440,53.07842627857409
3019441,2331.5830992131755
3019442,2948.042729267047
3019443,493.4659139754003
3019444,679.3046971312812
3019445,599.7493528102026
3019446,10441.077603932845
3019447,102.57054997319337
3019448,3.5471597286068244
3019449,64.28663759346283
3019450,66.76183155036041
3019451,1.6677907501170233
3019452,595.6792514950082
3019453,71.64153993876324
3019454,76.2845219907595
3019455,31.63632958439937
3019456,407.58899354959885
3019457,30.523474932166074
3019458,1044.1851060469098
3019459,675.9696979832919
3019460,30.893112614350123
3019461,35.04207340536824
3019462,1660.1724090440155
3019463,466.67146726505433
3019464,10264.177626717868
3019465,2.36618417975794
3019466,110.81978789610226
3019467,3.0085590610299553
3019468,0.0
3019469,0.4579532923756668
3019470,1516.3639128394939
3019471,0.0
3019472,143.15295825603047
3019473,4.274150601809996
3019474,544.5524081808198
3019475,262.6146843308079
3019476,119.79286856085186
3019477,139.78067009829357
3019478,71.47874548453908
3019479,1831.5047209985808
3019480,3.2577873814730687
3019481,0.6623031417259833
3019482,13.20500235809019
3019483,7.388894099271781
3019484,0.1259427324466724
3019485,126.33049959312935
3019486,0.6621720991514262
3019487,0.2711600752452926
3019488,3.0912969753202884
3019489,49.688707055288496
3019490,0.9626446858275788
3019491,55.140513966474295
3019492,100.10791077872743
3019493,1.536762183542462
3019494,3.8429350397892863
3019495,106.05923535176842
3019496,21.098965578976234
3019497,485.6886371293762
3019498,0.08311887395873879
3019499,4.065884990528732
3019500,9.93469467913472
3019501,0.16229340242128087
3019502,2.5454526902424415
3019503,3151.6516406440514
3019504,0.0005151525884284485
3019505,472.8169853275738
3019506,11.064180589321658
3019507,1367.6164504086378
3019508,766.7633435719181
3019509,280.9828131260039
3019510,259.99990006619106
3019511,129.68357502158037
3019512,4620.647087835081
3019513,12.710953973847028
3019514,0.7458652869330455
3019515,22.808603716570666
3019516,23.923452468015007
3019517,0.3585159831352805
3019518,282.1237852478491
3019519,2.045065959557844
3019520,2.2847603035407826
3019521,11.66866594102824
3019522,51.14121645644038
3019523,2.1246175159214236
3019524,334.0350114344209
3019525,304.5087217520249
3019526,4.2808544250967335
3019527,9.385392145197128
3019528,177.57607900895803
3019529,75.06428687640937
3019530,1390.2211203604304
3019531,1.0424111999993428
3019532,4.483919184138627
3019533,1.8455235288905625
3019534,0.0
3019535,0.17387541211423982
3019536,987.5326023489816
3019537,0.0
3019538,97.15805045587949
3019539,3.331644032772246
3019540,506.1109586741811
3019541,161.20045759346533
3019542,97.6825672008497
3019543,144.28425291827298
3019544,33.361278042859205
3019545,1651.9174085189245
3019546,1.628137176328416
3019547,0.30092796132047
3019548,6.162949666657966
3019549,3.8647834599570965
3019550,0.00042358627454597525
3019551,103.09965920590939
3019552,0.07871336244551044
3019553,0.10082138476465585
3019554,0.9316221067501611
3019555,80.68240117209479
3019556,0.5163293151833406
3019557,51.27479518194462
3019558,93.66877260815642
3019559,0.429363675836586
3019560,1.4388637346797468
3019561,61.348054718354916
3019562,11.451559601056092
3019563,196.90349090983702
3019564,0.003606309399334951
3019565,1.6693835566268622
3019566,8.581535870121947
3019567,0.03875028838034528
3019568,0.8198692316728045
3019569,2164.4491939255663
3019570,0.0
3019571,239.66514053312358
3019572,8.005678350307749
3019573,986.562016083259
3019574,456.9692452996058
3019575,204.2973475412455
3019576,168.27394527724428
3019577,106.73689256557893
3019578,3285.061193734673
3019579,2.4337388859693743
3019580,0.6012994229409869
3019581,30.79232185955559
3019582,16.30158445735902
3019583,0.12024410915724504
3019584,220.06407672292718
3019585,0.0
3019586,0.23178006480632454
3019587,9.52253734783147
3019588,68.1094535162583
3019589,1.5255259163611807
3019590,223.2096610910847
3019591,210.4513006995533
3019592,1.3886871032443984
3019593,5.6340755319034805
3019594,185.01379980053758
3019595,36.552284106662206
3019596,1036.6477230077135
3019597,0.12818071917065446
3019598,1.5240768532078692
3019599,4.054639354704989
3019600,0.051039470429993565
3019601,3.8072697216343556
3019602,3088.1560835672367
3019603,0.018993903197941416
3019604,598.0553469505754
3019605,11.538872598102047
3019606,943.5790285847847
3019607,664.5270936719871
3019608,245.70826157165737
3019609,125.83805890564585
3019610,122.95248489842756
3019611,3857.7848117799617
3019612,5.188767625869905
3019613,1.5640856877636762
3019614,31.503975843465433
3019615,36.122659643236396
3019616,0.43237415432351534
3019617,227.18128506725046
3019618,4.923627203577549
3019619,4.703112333644187
3019620,6.332610933250747
3019621,95.57165662821596
3019622,2.846920542611698
3019623,194.8532084666624
3019624,295.0567993108752
3019625,3.8115176866991325
3019626,6.670492488772546
3019627,167.33777593550562
3019628,34.62967454722972
3019629,660.2340978829429
3019630,2.002721854100765
3019631,4.048025103273419
3019632,4.741949942650427
3019633,0.0
3019634,0.2785501297446986
3019635,1762.5997724585047
3019636,0.0
3019637,105.42856617888688
3019638,3.3356783385489033
3019639,565.8500883782108
3019640,203.81700874743422
3019641,99.62309225638651
3019642,181.98705266419543
3019643,79.6494587821027
3019644,1969.4829872299267
3019645,2.938080663266021
3019646,0.40842623965177294
3019647,12.01509747822187
3019648,7.212458360335248
3019649,0.08273633542860204
3019650,121.72806233827073
3019651,0.047013276590471394
3019652,0.32140575018039863
3019653,0.7028478560756426
3019654,98.0311629780483
3019655,0.9133110342713866
3019656,147.37786232181884
3019657,94.95547810404571
3019658,0.656042528940046
3019659,1.7834289915572552
3019660,58.821042708075026
3019661,17.774628556489642
3019662,228.16579789346872
3019663,0.1493071986009334
3019664,0.2537588927238674
3019665,5.249284432231435
3019666,0.0
3019667,2.394147197268248
3019668,3317.404160329184
3019669,0.0
3019670,436.825192648856
3019671,8.539613418476025
3019672,964.650127285889
3019673,623.8692110880498
3019674,231.5974666764824
3019675,141.40422392870275
3019676,168.4648876689644
3019677,3876.2677873388707
3019678,7.455697836559752
3019679,0.5158484841341153
3019680,23.165997840482564
3019681,16.833281483759098
3019682,0.17446953277667127
3019683,223.36161988358757
3019684,0.023165570277558674
3019685,23.130864171230275
3019686,3.255338196615516
3019687,213.61316913022512
3019688,1.4957395881831448
3019689,215.92720107453928
3019690,246.78753233563356
3019691,2.801474122827661
3019692,5.781417074106111
3019693,135.6118754082982
3019694,56.57523148410002
3019695,1373.81008803944
3019696,0.6334523104823215
3019697,2.7032007129810274
3019698,3.494401335258395
3019699,0.017857770698704114
3019700,5.323392296914331
3019701,2997.8804647047396
3019702,0.05284395041480919
3019703,541.8875803352531
3019704,13.070398678581068
3019705,939.6691902610202
3019706,981.7216262933373
3019707,157.23001789588437
3019708,134.93185355041348
3019709,179.1419868706082
3019710,3678.7034447555425
3019711,44.15791878798056
3019712,1.3247432468414417
3019713,21.76417080441879
3019714,23.686633977652228
3019715,0.1315796793987198
3019716,246.8050912676975
3019717,27.304204314397847
3019718,28.36936769906353
3019719,3.251759359595873
3019720,152.10733240794244
3019721,9.466691233643607
3019722,218.45384949681525
3019723,256.71621768167137
3019724,11.019948042860191
3019725,11.164382841897499
3019726,222.92915237768455
3019727,93.99505455973421
3019728,2841.122939314696
3019729,0.20545835294392373
3019730,14.106512620769141
3019731,7.076979863845672
3019732,0.008564016771539087
3019733,6.577289844047987
3019734,3125.655604829755
3019735,0.06689233963250564
3019736,635.4888743253839
3019737,17.06281253986382
3019738,1211.244930252304
3019739,1121.575788218331
3019740,201.05685106616178
3019741,140.59288563109095
3019742,208.45488071681038
3019743,4580.527413001876
3019744,32.36429366960505
3019745,1.4234995174241987
3019746,32.41366038225026
3019747,34.74069283532475
3019748,0.19992346455160215
3019749,353.2712003006196
3019750,36.39305635716245
3019751,23.01911634991458
3019752,9.351672589706796
3019753,139.2128695827718
3019754,12.709669824498993
3019755,197.26889475480704
3019756,405.48166613177665
3019757,10.62005608940655
3019758,13.044843750562809
3019759,213.7275904708693
3019760,124.53853265370275
3019761,3264.5304921254424
3019762,0.5501652698515291
3019763,21.594540066788802
3019764,10.94128669840177
3019765,0.1825166769179998
3019766,7.026409464578228
3019767,4106.801315350057
3019768,0.020806944394475398
3019769,809.9353116875782
3019770,14.449215716936248
3019771,1557.0105873081206
3019772,763.0430113296491
3019773,248.88751026447093
3019774,373.9903437160155
3019775,133.9682857070247
3019776,5729.888365561234
3019777,41.68868607576483
3019778,1.8464957339919925
3019779,34.74705454833256
3019780,28.03604637875559
3019781,0.3646198167757741
3019782,363.8155734816454
3019783,8.968639151509185
3019784,20.739865024025004
3019785,10.13528731740413
3019786,136.69592965174792
3019787,5.3217552550695135
3019788,189.66499141667845
3019789,369.6699299801564
3019790,8.501189095494247
3019791,12.722077310356713
3019792,234.98179551866784
3019793,84.28676107028608
3019794,1728.0135568761937
3019795,5.3605578999778976
3019796,13.505773462584118
3019797,4.398152633755323
3019798,0.0
3019799,4.569548843449745
3019800,3389.0475207932254
3019801,0.059513539569672716
3019802,470.50730990492184
3019803,12.40371001073752
3019804,958.0359526971307
3019805,1033.6612529054876
3019806,238.78783180223985
3019807,168.88857672030997
3019808,162.02073754481927
3019809,3986.6455096854284
3019810,26.299410036583733
3019811,1.2737610008892326
3019812,19.58589586485824
3019813,17.823844853628813
3019814,0.29414522316650177
3019815,263.02971139888115
3019816,33.19964321851298
3019817,28.044412642887487
3019818,2.4298242280264977
3019819,154.05916184914847
3019820,8.793507075615695
3019821,393.0717753275402
3019822,264.2674488624369
3019823,10.500584449602494
3019824,10.961001728563007
3019825,474.78920552496686
3019826,83.64945988862246
3019827,3660.3455626001005
3019828,0.2449431595156414
3019829,30.988989199229838
3019830,4.972674561384716
3019831,0.1987674590338272
3019832,2.2684009149750057
3019833,3795.546777981472
3019834,0.019743064511867334
3019835,392.10045700980066
3019836,9.495588358523495
3019837,1605.5472019724346
3019838,635.7986922928369
3019839,306.8682174416102
3019840,167.16687995804642
3019841,103.22208634644447
3019842,5466.5697178005175
3019843,11.256077599719374
3019844,0.8760689372005392
3019845,24.78504610582677
3019846,26.61377713517245
3019847,0.21600353485386706
3019848,372.3189941316072
3019849,0.17721980845502427
3019850,0.6560610195866603
3019851,7.733397614157873
3019852,144.275497334807
3019853,1.9052342147506987
3019854,129.42288599052054
3019855,320.0436720077356
3019856,2.385780054594723
3019857,8.021271103980007
3019858,172.52268081444262
3019859,55.07351457102403
3019860,1005.6286306675555
3019861,0.1544735023482589
3019862,3.780044468105502
3019863,6.848740436854979
3019864,0.04402898417318459
3019865,6.342638408860281
3019866,2829.676008757647
3019867,0.10208103416252942
3019868,598.2005377948982
3019869,18.189551591862003
3019870,1085.8859882814838
3019871,855.975533130813
3019872,255.8960987981584
3019873,158.1778845421967
3019874,222.1806561567183
3019875,4171.731759028578
3019876,35.989300838426956
3019877,1.3408898525648816
3019878,26.47182882197972
3019879,34.63727948688883
3019880,0.36946300924917413
3019881,275.7300486621081
3019882,19.259549285211712
3019883,33.428783400892264
3019884,8.378427040417561
3019885,166.34337214938498
3019886,12.724334920914334
3019887,224.35551905866552
3019888,366.8813643381648
3019889,14.2857850113869
3019890,12.991393128095378
3019891,212.41908520206158
3019892,73.48076128772266
3019893,2918.735642243179
3019894,0.6698639333814784
3019895,8.578331443154424
3019896,5.513702642742993
3019897,0.3073419538765348
3019898,6.565196045539584
3019899,3355.086184261552
3019900,0.27098128642881086
3019901,774.9540096585491
3019902,14.69443256984362
3019903,1020.713973490783
3019904,1053.8979620930852
3019905,236.42138599561713
3019906,201.03589644409513
3019907,149.20602785016698
3019908,4394.872216568839
3019909,53.823554632273726
3019910,1.3363108691578511
3019911,21.72949251493972
3019912,25.732451342589655
3019913,0.3963142260273336
3019914,257.4527855861441
3019915,25.311021183766112
3019916,72.585858299785
3019917,7.874643302326485
3019918,149.35241012515593
3019919,14.193560837639279
3019920,275.533628705755
3019921,286.09185809314613
3019922,14.00423730819642
3019923,16.83106478822922
3019924,486.6402078909043
3019925,124.19786576304217
3019926,1087.6439720803487
3019927,0.9255763657740386
3019928,22.57558283464139
3019929,5.919244336280035
3019930,0.08116676519751607
3019931,1.032712298534284
3019932,4539.040135855777
3019933,0.03234452582060007
3019934,435.7383883564247
3019935,13.06888429102717
3019936,1200.4930599507786
3019937,534.5770329086635
3019938,304.37940127012786
3019939,188.57355923061868
3019940,84.26846614632095
3019941,4548.191827914475
3019942,5.85306759738183
3019943,0.6575636148229906
3019944,23.33071495563135
3019945,19.749354268604694
3019946,0.08908609321196384
3019947,246.01707971042322
3019948,0.1380291691306017
3019949,3.4996834957912393
3019950,2.4502334746792744
3019951,188.29743301419384
3019952,2.403456434461494
3019953,188.00630803197515
3019954,268.76284637065373
3019955,2.4595997817596196
3019956,5.099648221070128
3019957,234.03464255305462
3019958,87.13168089345537
3019959,969.1769769886527
3019960,1.5526507092336979
3019961,1.524883841810421
3019962,27.332156137045793
3019963,0.12361918765996822
3019964,23.143992059670612
3019965,14279.021425993556
3019966,0.3094390356221447
3019967,2126.4810280990982
3019968,44.32043974905286
3019969,3093.8749509627823
3019970,3561.5581735275023
3019971,775.5436985139138
3019972,930.4362219261602
3019973,840.1029493254423
3019974,13343.746919183197
3019975,114.67828939811646
3019976,4.149033369389063
3019977,101.79512574038799
3019978,114.23692514983861
3019979,1.6073152136250455
3019980,735.7943219803976
3019981,48.09266874390761
3019982,42.912990556818244
3019983,33.87529550425259
3019984,604.5115878478558
3019985,28.93608157432773
3019986,1280.731928755759
3019987,783.6716180591947
3019988,47.51104258889774
3019989,53.28713326225793
3019990,1807.6412867422996
3019991,568.0681895525778
3019992,14233.399565913795
3019993,166.4894788538025
3019994,134.1230514545026
3019995,21.25238983847731
3019996,0.08312861264573139
3019997,18.693359389263748
3019998,12417.44422594583
3019999,0.2787262668408252
3020000,1689.761392782145
3020001,53.371296157239335
3020002,2918.677753025922
3020003,2917.275609816745
3020004,822.2889897291715
3020005,482.69463211707443
3020006,651.0628051388693
3020007,13363.218705742298
3020008,133.1879328922021
3020009,1.6802353134910448
3020010,71.27502976095221
3020011,97.6660214668724
3020012,1.227999986349705
3020013,778.5598616781623
3020014,42.8938908379522
3020015,66.84990070958054
3020016,10.472380339902863
3020017,381.43045489327983
3020018,22.627603588058257
3020019,1451.919006080791
3020020,894.399909944859
3020021,40.34203804383054
3020022,42.41679660761804
3020023,1592.0785439254823
3020024,377.9005799540804
3020025,10005.092445347453
3020026,151.01487114926334
3020027,113.31287933628998
3020028,19.09744575208124
3020029,0.018239546147906762
3020030,21.99343775764557
3020031,8708.995878123227
3020032,0.1393757038488053
3020033,1175.1643730040312
3020034,32.793039469951914
3020035,2813.74128178964
3020036,2166.6443443674084
3020037,1066.6729913447966
3020038,261.92575149497327
3020039,411.31265990989755
3020040,11612.363805293295
3020041,67.78371867745824
3020042,1.9125764177896634
3020043,44.477980083520066
3020044,61.629972533838846
3020045,1.1430370754766566
3020046,733.2215447742595
3020047,65.21971501715147
3020048,38.3121709217941
3020049,14.200516302599164
3020050,206.92495159368653
3020051,13.130869809420854
3020052,1323.5085984884156
3020053,983.7970410742143
3020054,37.923113323646916
3020055,38.60592104031811
3020056,1304.7969625997887
3020057,214.73979564398513
3020058,3959.674074072568
3020059,124.4384635416098
3020060,65.16502494187122
3020061,21.07954649409883
3020062,0.06422442770823976
3020063,22.040256840287658
3020064,11526.167287005479
3020065,0.27652553494135523
3020066,1539.7097088028136
3020067,41.02122921202787
3020068,2751.8950888221398
3020069,2878.587965889426
3020070,820.784798670329
3020071,474.0807132937321
3020072,517.9868003075958
3020073,12228.691496383208
3020074,89.29052108215679
3020075,2.432834476506141
3020076,64.27488229793022
3020077,80.37091400196869
3020078,1.4882871945657015
3020079,765.7149350567919
3020080,58.57938610813943
3020081,48.864409720730926
3020082,12.089347933660157
3020083,275.7669063357916
3020084,19.34156991805169
3020085,1152.5587085481818
3020086,902.946108587598
3020087,38.34662078743325
3020088,40.81855033443186
3020089,1496.5923429893073
3020090,331.0429140345423
3020091,8104.372226073121
3020092,118.43846977124763
3020093,102.2738509294746
3020094,17.058205028131304
3020095,0.0
3020096,18.007323772932708
3020097,6847.275944010027
3020098,0.0765617096966803
3020099,995.3456513464779
3020100,29.996722458338066
3020101,2478.070539700161
3020102,1714.8926912841835
3020103,875.066568530718
3020104,192.24907137120505
3020105,285.06694251930895
3020106,10093.108144637354
3020107,69.74480008418453
3020108,1.1578839195372823
3020109,44.35050265718043
3020110,42.159479870547905
3020111,0.6949527867240337
3020112,675.7797609947321
3020113,51.40822807278348
3020114,21.64575928772375
3020115,9.005874504331803
3020116,211.109774845999
3020117,9.335067193357366
3020118,1115.973813556447
3020119,890.0324425649783
3020120,28.07715633212916
3020121,27.572650719354023
3020122,1051.0530871103372
3020123,144.3370047664342
3020124,2809.067443817673
3020125,146.2186429579426
3020126,37.22686005487583
3020127,14.4363538945599
3020128,0.03301200704033056
3020129,12.961867694296997
3020130,10017.35748091579
3020131,0.21820747112871317
3020132,1452.9877807387782
3020133,48.17343831447852
3020134,2171.214775666083
3020135,2726.110797574496
3020136,495.24840073652695
3020137,594.3651380066927
3020138,626.7632769027985
3020139,9048.626727515299
3020140,89.67049760188196
3020141,2.2992083661919303
3020142,56.44040812614337
3020143,56.60466293600493
3020144,1.0301982140209685
3020145,541.0064404391068
3020146,27.833097314405638
3020147,43.95776313040529
3020148,19.12535263189339
3020149,445.5378374132592
3020150,22.139134124110004
3020151,930.4433111357336
3020152,581.7653483874257
3020153,29.288608809667863
3020154,43.617162292088025
3020155,1112.3991984940035
3020156,352.6185147460748
3020157,10420.713519880657
3020158,87.39102410941402
3020159,92.7464993585347
3020160,5.65083880705971
3020161,0.07289508689301605
3020162,4.989852706920915
3020163,2089.459452855895
3020164,0.14888323134548406
3020165,357.86914055216954
3020166,24.588888186212547
3020167,851.6044091893771
3020168,593.5691782955005
3020169,220.92256933190797
3020170,113.98443386934974
3020171,133.95542516809203
3020172,2949.9830386781005
3020173,22.152903226544865
3020174,0.8803211511916873
3020175,21.622214416700736
3020176,30.50854398658569
3020177,0.273000142156325
3020178,229.5280976091124
3020179,16.11706550568871
3020180,6.399236420010795
3020181,10.646788839185575
3020182,119.7336111311834
3020183,8.68942492992475
3020184,248.76911440262984
3020185,263.99779079472745
3020186,4.810630423840746
3020187,10.041674723392086
3020188,249.050413133093
3020189,77.34408058538953
3020190,1622.353676242826
3020191,0.31751986676376154
3020192,9.229838708689943
3020193,14.498457361758605
3020194,0.01607983919231438
3020195,12.90583869051149
3020196,6046.184460317631
3020197,0.1631772400884185
3020198,756.6078600175792
3020199,43.404384767436476
3020200,1888.5330239243963
3020201,1325.6310577499166
3020202,599.1306691456668
3020203,149.24924095090398
3020204,237.57039511922255
3020205,8314.84820939723
3020206,71.78855251345682
3020207,1.470842765485489
3020208,62.630438844400665
3020209,59.06496961483869
3020210,0.517347174838406
3020211,540.7386426298036
3020212,33.27258168917851
3020213,12.723540255488734
3020214,5.603371839721685
3020215,202.5408823294932
3020216,13.150675305893419
3020217,650.1417312521645
3020218,615.025738422602
3020219,16.085556989696617
3020220,30.48638099842735
3020221,534.0753224202247
3020222,119.46407407714014
3020223,3150.925537291812
3020224,106.72757590999944
3020225,24.154107874232434
3020226,8.2278527653558
3020227,0.0
3020228,6.806870396125671
3020229,6122.511336776665
3020230,0.07523950419233387
3020231,955.9165333153674
3020232,19.65612049052705
3020233,1416.4721530002776
3020234,1659.2904149944716
3020235,282.07531050708286
3020236,349.7036378399417
3020237,338.55618340841664
3020238,5560.559212360848
3020239,40.552744246260445
3020240,1.4609985339358462
3020241,33.18542926943576
3020242,37.58662151009574
3020243,0.6438718529163381
3020244,341.9099818893554
3020245,3.815553593665163
3020246,62.620982167452105
3020247,5.898041594750672
3020248,331.68259231424366
3020249,11.748187875460866
3020250,704.3343378538539
3020251,340.02935836391015
3020252,27.096625362838907
3020253,17.895405495286816
3020254,731.2313105752369
3020255,166.86554532630936
3020256,5919.249030156291
3020257,2.5465501036769123
3020258,45.85426764541105
3020259,6.071834833533849
3020260,0.5644948992617509
3020261,7.64448369833212
3020262,4383.019606470645
3020263,0.5061510482209051
3020264,1412.07699519177
3020265,7.701207055634789
3020266,1653.619263616896
3020267,1174.8325649335006
3020268,476.627495488641
3020269,40.2821077243178
3020270,31.42893274828465
3020271,5176.479640093497
3020272,35.088934629492286
3020273,1.7372334273972796
3020274,11.739073406886963
3020275,28.180542431060044
3020276,0.9565269328853829
3020277,347.0321447172728
3020278,5.70376658869049
3020279,48.537613512797655
3020280,4.709152940974725
3020281,312.5507923566891
3020282,7.206863778149547
3020283,99.72332000039806
3020284,440.675895120255
3020285,11.912460479012243
3020286,23.312036999417746
3020287,179.04648082761642
3020288,59.434919411140015
3020289,3988.6749013144017
3020290,3.2900628396712843
3020291,11.145732319307289
3020292,11.070198604710868
3020293,0.12624131870268068
3020294,6.995024642366987
3020295,2940.3776333596547
3020296,0.1341875976269879
3020297,612.5613852421901
3020298,13.917953567444137
3020299,1188.4987908561454
3020300,731.2776227399091
3020301,301.037247351484
3020302,207.15506556139795
3020303,275.7989109001853
3020304,3449.647255125367
3020305,21.259580504403246
3020306,1.5734414123870275
3020307,27.644629344898476
3020308,33.8932784049221
3020309,0.4178673680324743
3020310,274.6828625873732
3020311,6.05043371899881
3020312,14.542791412351091
3020313,6.285820108717882
3020314,180.61315293834983
3020315,5.373514943386518
3020316,345.2717933652151
3020317,334.0162098196541
3020318,8.484655960229125
3020319,10.495782408705013
3020320,294.1975258471042
3020321,108.52384152449596
3020322,2558.910856959212
3020323,1.1368456496117152
3020324,5.38508539713966
3020325,6.878007544403907
3020326,0.12808099226705746
3020327,0.5489903259396924
3020328,2210.975571885469
3020329,0.0
3020330,207.952165974089
3020331,5.445517729620574
3020332,1237.3681625274091
3020333,257.8392781690626
3020334,241.0719976556376
3020335,80.57565701579543
3020336,60.777085285888695
3020337,3450.2880538587624
3020338,6.212557517576065
3020339,0.5559844741882576
3020340,22.81738367736449
3020341,12.373629418541084
3020342,0.07632688946616287
3020343,235.968649320936
3020344,0.21133906664518248
3020345,0.13200753498450302
3020346,3.078405206219063
3020347,27.87935261125674
3020348,1.1101872016739955
3020349,63.46902974490958
3020350,209.5465056400823
3020351,0.41338343795849536
3020352,3.9443290575254473
3020353,67.72116865746649
3020354,63.204741911746424
3020355,326.77785243442014
3020356,0.18944652117593086
3020357,2.057803289905644
3020358,6.171400064811114
3020359,0.0
3020360,9.278178521772393
3020361,4608.713124607694
3020362,0.014954245513422122
3020363,677.8776178922705
3020364,18.280433870181344
3020365,1320.374461433566
3020366,1247.3222918118045
3020367,396.9771347481815
3020368,231.9162100194702
3020369,271.0270954276055
3020370,5673.258123864464
3020371,49.57657856005374
3020372,1.0928222854390994
3020373,30.197070360289075
3020374,46.019951723605885
3020375,0.2605644898146967
3020376,370.42793174382746
3020377,42.19180076863767
3020378,24.901990920219934
3020379,15.980687238332969
3020380,192.1077907812993
3020381,9.587249403258227
3020382,530.5485555964175
3020383,411.2952204735842
3020384,14.229328727863647
3020385,15.626434709528937
3020386,666.0179594414187
3020387,136.29041790281872
3020388,3970.860915856472
3020389,0.36967041627264474
3020390,40.68076381953935
3020391,4.3678716782893305
3020392,0.003870310148194057
3020393,5.180058033388653
3020394,4751.716939508524
3020395,0.13250692210218293
3020396,702.0647361917236
3020397,20.765339746933744
3020398,1016.3724987777127
3020399,1329.6941335404288
3020400,178.1282929252143
3020401,288.95656219967617
3020402,313.3862770984468
3020403,4158.64148452237
3020404,41.870753449620295
3020405,1.9191560523357043
3020406,20.78865334750808
3020407,27.04889870356102
3020408,0.48318314837963466
3020409,249.9072639039075
3020410,14.99784931416148
3020411,52.80541127332
3020412,5.549644552371378
3020413,372.4430119697712
3020414,13.378628000945811
3020415,506.869623364699
3020416,230.99356629946698
3020417,10.179661501858273
3020418,14.132827869345075
3020419,577.2244176012629
3020420,164.00032753246344
3020421,6116.922103742181
3020422,0.3055166236170499
3020423,38.44862257021223
3020424,7.1402924823603495
3020425,0.13816475961832964
3020426,12.194914186757462
3020427,6582.016183996887
3020428,0.17572295678599167
3020429,985.0321937200284
3020430,29.82540704629908
3020431,1478.0661550819723
3020432,1884.5481186644188
3020433,355.3549349149313
3020434,381.74405101249715
3020435,281.1750199709028
3020436,6024.184093503665
3020437,54.55678818915703
3020438,2.864659866552449
3020439,46.03349294678765
3020440,51.1207717000938
3020441,0.9563075469094877
3020442,460.6073021287857
3020443,57.56368773424249
3020444,45.03928520321014
3020445,28.26804092407695
3020446,252.51484057311444
3020447,20.45531885696321
3020448,523.6877104705436
3020449,459.65349577030315
3020450,22.801873169290936
3020451,27.654921643514164
3020452,705.3492147888841
3020453,211.63031054360204
3020454,5745.083055795122
3020455,0.8958793162964775
3020456,55.964062106093564
3020457,14.854580462029118
3020458,0.10921545066335377
3020459,8.79643887920276
3020460,4189.962227210241
3020461,0.0
3020462,581.8671621677275
3020463,18.274627890278627
3020464,1719.7645942615807
3020465,905.149016844237
3020466,640.3944189500093
3020467,199.5875972810363
3020468,147.9230420100709
3020469,7266.7529467751965
3020470,11.656421263266681
3020471,1.6058834357705813
3020472,51.48541443076256
3020473,38.24420549161065
3020474,0.20428321148766482
3020475,483.9956558165972
3020476,18.51284240268516
3020477,6.891292899338579
3020478,8.928266944810863
3020479,127.44609104500287
3020480,5.289343017663836
3020481,407.134689754756
3020482,457.3710132402355
3020483,7.879546440164642
3020484,14.720812163057243
3020485,586.967610290496
3020486,103.32555751703192
3020487,1573.8216178545947
3020488,44.9430803078542
3020489,22.030148619623148
3020490,1.4659955496652683
3020491,0.0
3020492,1.962061521367242
3020493,1237.5929612288548
3020494,0.0003753917022609305
3020495,188.19094291184925
3020496,6.756045185107735
3020497,286.8318409316318
3020498,448.1345370811796
3020499,64.99862259347117
3020500,80.28572526545261
3020501,63.23128010604424
3020502,1166.474132804148
3020503,10.096063029023647
3020504,1.0113770396086537
3020505,6.723214521237731
3020506,7.692668458893083
3020507,0.01926818811189154
3020508,88.24010441382146
3020509,11.075508964851226
3020510,10.095187293049563
3020511,1.9321276816920698
3020512,34.12526779337117
3020513,5.108729446612401
3020514,141.33939170875817
3020515,74.38540730544622
3020516,5.04405508129555
3020517,6.472383101855184
3020518,141.818040813764
3020519,44.131777045293475
3020520,1522.5846317312164
3020521,0.0
3020522,13.048236524503983
3020523,3.108753341278307
3020524,0.05233552797946376
3020525,1.008810528274938
3020526,1458.6234874865966
3020527,0.0
3020528,125.02319519090358
3020529,3.345508266464855
3020530,787.0095923038308
3020531,337.9928287475722
3020532,275.7064105650612
3020533,48.84717629208163
3020534,29.992579659766825
3020535,2682.779933574465
3020536,4.4455873893429185
3020537,0.38197628693497215
3020538,7.711641554519183
3020539,7.436276458647214
3020540,0.029726011883048967
3020541,202.29158792111815
3020542,5.404710616038016
3020543,0.1408906386164706
3020544,1.4270782272283014
3020545,7.009551698544637
3020546,0.8537874428524799
3020547,146.74478014648008
3020548,193.97795772618778
3020549,0.9673126025358523
3020550,3.65370148077153
3020551,160.93523550963909
3020552,21.74084224364415
3020553,285.96293759538935
3020554,3.2954108501653137
3020555,1.8166863902020913
3020556,10.013669947944319
3020557,0.1886481356701031
3020558,7.69055664979583
3020559,5541.487791939544
3020560,0.04282878656143176
3020561,764.3158015408736
3020562,15.228855378287228
3020563,1993.5333205651266
3020564,764.269202816789
3020565,575.2699640032145
3020566,177.03712750178326
3020567,81.82986210776733
3020568,7564.428839552855
3020569,24.188834715305063
3020570,1.0208422385330866
3020571,27.519305167858736
3020572,32.48856125477463
3020573,0.3511696352472536
3020574,536.862322687973
3020575,17.076798131449422
3020576,2.347102604946677
3020577,9.069153453017499
3020578,36.827437616122005
3020579,4.022476627183563
3020580,643.6918415410587
3020581,486.5111947525295
3020582,3.3721790434066126
3020583,15.709916529611814
3020584,544.9790467751308
3020585,75.39292293451858
3020586,1338.4917583880879
3020587,26.017418202658366
3020588,8.04861647664593
3020589,6.1439831367015145
3020590,0.14202344912341838
3020591,1.0966498218656668
3020592,2121.2407200361918
3020593,0.0021504392127762763
3020594,211.006632994872
3020595,9.149062437293583
3020596,914.3695474765543
3020597,475.49109142213916
3020598,257.74494431698537
3020599,84.54766890051374
3020600,37.65506308732104
3020601,2982.6868600141934
3020602,6.376146354319271
3020603,0.9399171832441318
3020604,12.392925359544478
3020605,15.109775785978211
3020606,0.1902721884735337
3020607,210.6992371443707
3020608,2.120234764815537
3020609,0.16061231615621366
3020610,7.513178751414099
3020611,29.288505987834398
3020612,1.7643476445215844
3020613,146.0333534161518
3020614,195.2469128358525
3020615,1.2435667195962394
3020616,6.09779776018562
3020617,182.17288663676396
3020618,44.877694787910656
3020619,401.91120217979113
3020620,1.7485111572742644
3020621,2.5199194321777987
3020622,4.879486673704516
3020623,0.0
3020624,0.8962374281381948
3020625,1699.6441883964712
3020626,0.0
3020627,146.17874652210554
3020628,4.486410484312259
3020629,702.2759592682953
3020630,308.6504281675285
3020631,164.08517876741845
3020632,50.27651860213756
3020633,25.229049047664663
3020634,2575.4698363684192
3020635,5.304908675070607
3020636,0.2714291918507063
3020637,9.149399422467532
3020638,10.011641803430098
3020639,0.06078792709096001
3020640,166.71018270100012
3020641,3.8043956862470054
3020642,0.03340024971321958
3020643,1.9344899663526283
3020644,8.069047441719263
3020645,0.8954113235155665
3020646,128.38229156269298
3020647,174.33016366069668
3020648,0.6475707768566847
3020649,3.7948877204751277
3020650,109.01208171505016
3020651,26.549864053175142
3020652,233.53119969919135
3020653,4.988708239999785
3020654,1.293529170833227
3020655,3.1635211946226685
3020656,0.02298928906018469
3020657,1.5435029474754698
3020658,1258.2106886330032
3020659,0.0
3020660,162.56182996583985
3020661,5.502751312379643
3020662,845.8382697609933
3020663,374.5595673912725
3020664,219.1250175994099
3020665,35.769267208290394
3020666,30.73987833119327
3020667,2327.002463989964
3020668,4.998894748753025
3020669,0.14818960366306308
3020670,11.59501316525001
3020671,12.769044017534574
3020672,0.012248858010947782
3020673,190.7558045378567
3020674,0.5466552807951506
3020675,0.012788873720694751
3020676,2.148241454703344
3020677,5.218434702777964
3020678,1.2673987345011861
3020679,191.8592225592244
3020680,220.82037081620373
3020681,0.7306410072964085
3020682,4.7421443389552635
3020683,70.81121915776825
3020684,48.287302397395706
3020685,357.9763248578625
3020686,1.5976633124292956
3020687,1.9550862008671372
3020688,3.180297562604207
3020689,0.4624969132463415
3020690,2.1854456819154597
3020691,1597.0764084837563
3020692,0.030884733700956804
3020693,148.8454798897383
3020694,4.1527254584929
3020695,729.257963451209
3020696,342.9397538990133
3020697,241.56598021912578
3020698,69.80324824516083
3020699,45.77532491253962
3020700,2595.8102910244465
3020701,6.944751914960851
3020702,0.743076311879133
3020703,14.401814515016934
3020704,14.671891611324364
3020705,0.0627793252483404
3020706,209.6651870646221
3020707,11.349047928421362
3020708,0.13951603946279784
3020709,3.5783741217028577
3020710,18.30525191185211
3020711,1.6459245865492553
3020712,113.64129095885197
3020713,174.29750303865896
3020714,0.7690087759168409
3020715,5.003475579805424
3020716,120.19373419216298
3020717,36.75366394618355
3020718,515.5935442876671
3020719,3.3653057513177576
3020720,4.1026502812512735
3020721,4.997083971606025
3020722,0.008108696355646395
3020723,1.7186299167621244
3020724,1786.1042330030705
3020725,0.0
3020726,185.96363685858367
3020727,4.549797112392699
3020728,924.5637777507735
3020729,328.61544578287226
3020730,213.55947468658107
3020731,169.68002531071485
3020732,30.519292132369202
3020733,2807.58259678711
3020734,4.487186379658063
3020735,0.3479919683145655
3020736,12.267873696499638
3020737,9.839015516583384
3020738,0.0
3020739,234.83355435004665
3020740,0.13899581452950194
3020741,0.018576189302685633
3020742,1.9205640628338583
3020743,24.91084294779144
3020744,1.098830485450601
3020745,66.91416402097114
3020746,193.53543935804947
3020747,0.743327277546983
3020748,3.1308638893362506
3020749,98.11537572884478
3020750,36.056473539828254
3020751,376.2993494933681
3020752,0.14582418197731292
3020753,1.2415642775963693
3020754,10.789105833544669
3020755,0.19239043167462028
3020756,5.268989633109749
3020757,5041.044522673308
3020758,0.011855085933494245
3020759,516.3460293228669
3020760,8.743580098844422
3020761,1504.841301942019
3020762,1039.337189897748
3020763,737.6703950717565
3020764,294.61364162366147
3020765,114.1839430553271
3020766,6414.993593623401
3020767,17.063031562915562
3020768,1.0934253140624333
3020769,34.498929768033285
3020770,26.36050564672954
3020771,0.36412291705483074
3020772,422.9669645193335
3020773,2.6152284491347837
3020774,0.5397174464373855
3020775,12.989614797230258
3020776,16.124097199499797
3020777,2.908321499132949
3020778,350.54608064395507
3020779,383.74212653908603
3020780,2.6203822266333328
3020781,11.871793219817247
3020782,494.9446460012822
3020783,90.59397315650638
3020784,1694.7859358665798
3020785,18.931464224929798
3020786,11.735577870349646
3020787,0.9422601173223406
3020788,0.09591461486512452
3020789,4.202441223124221
3020790,770.1125450035321
3020791,0.0
3020792,197.1699217198648
3020793,2.809177345502873
3020794,256.2248197632887
3020795,250.5999895045849
3020796,87.53376668446958
3020797,52.27107432589418
3020798,4.810159252887162
3020799,1288.3548325353033
3020800,6.592832745795385
3020801,0.7952763080275385
3020802,4.806955332877669
3020803,10.581194641730864
3020804,0.1231381359477761
3020805,97.60567577789072
3020806,6.053820700020474
3020807,2.396723334123303
3020808,3.6325361925032738
3020809,22.031728709204913
3020810,2.441956815733816
3020811,5.9654376595785035
3020812,70.39225021710999
3020813,2.800554534744796
3020814,4.762566880747622
3020815,82.96060276902372
3020816,6.984782782378977
3020817,474.90629179077285
3020818,41.8424213902456
3020819,2.025875798756989
3020820,7.979231770703036
3020821,0.04888337989900275
3020822,1.4772823396850279
3020823,2768.8496700674023
3020824,0.0
3020825,196.14261813658803
3020826,6.644305081140814
3020827,954.5685015494879
3020828,415.24389884282607
3020829,318.16789406262563
3020830,77.97326205046508
3020831,47.69409978577704
3020832,3547.4762562413907
3020833,9.834420802614114
3020834,0.9693311835772893
3020835,15.207871436425737
3020836,14.793527701765333
3020837,0.14369421662844156
3020838,218.22895591114096
3020839,9.875857376749828
3020840,0.18957344332491777
3020841,4.262057641267088
3020842,22.347020689196924
3020843,2.0745030239639277
3020844,145.85165263229473
3020845,199.80416173442737
3020846,1.2792176918855578
3020847,6.448540773079428
3020848,138.0224046382839
3020849,39.15489394719069
3020850,482.47272742901265
3020851,4.049980277613583
3020852,4.505994895772044
3020853,6.534359123872589
3020854,0.053895862671694106
3020855,8.257967988337564
3020856,4141.2300771217115
3020857,0.1619744221992801
3020858,716.5116538627764
3020859,12.951499849120943
3020860,1142.3152976231884
3020861,1257.6112874726996
3020862,299.2274138257126
3020863,230.5454413114407
3020864,158.80268530697592
3020865,4957.900656848818
3020866,38.73868164935655
3020867,1.46460031025671
3020868,21.303591217759642
3020869,29.998149682938426
3020870,0.41070591936641326
3020871,336.1561036280679
3020872,41.361129641599256
3020873,17.421125495890575
3020874,6.304661298614455
3020875,57.28696110614337
3020876,10.378052004284381
3020877,459.3473459229588
3020878,355.4647755999318
3020879,13.133670701283698
3020880,12.756222327107576
3020881,579.2738105369358
3020882,122.75659394700038
3020883,3213.3550868377197
3020884,0.6495815626508088
3020885,36.72227200330963
3020886,10.210756230286998
3020887,0.3816781978861492
3020888,9.475390653738208
3020889,4731.718051989799
3020890,0.12346376596212794
3020891,827.6050081037162
3020892,9.02326282873722
3020893,1899.7633233423655
3020894,1134.8778410376608
3020895,886.2110650002567
3020896,186.8052137241945
3020897,163.2542785301777
3020898,6425.522972606992
3020899,28.496691466985773
3020900,0.9481070588978655
3020901,29.375713020488398
3020902,28.43125615410023
3020903,0.3759054590539705
3020904,502.237762285554
3020905,10.780092633026323
3020906,8.527964023531565
3020907,8.456714808868556
3020908,38.49880132201333
3020909,2.770332226139108
3020910,364.65893120673735
3020911,618.2469859797422
3020912,5.846142983839087
3020913,9.330791215495697
3020914,497.821162509738
3020915,134.69739634826644
3020916,1516.174453515872
3020917,47.148348568633715
3020918,10.427074456609752
3020919,13.981099817764491
3020920,0.48946033316335746
3020921,6.562223164648616
3020922,4492.887240161522
3020923,0.17935200206412957
3020924,940.0032424427906
3020925,8.546633732039114
3020926,1911.501685292325
3020927,981.2989851187511
3020928,540.4749917053496
3020929,369.63839649799695
3020930,148.81809047472962
3020931,6189.332415867227
3020932,24.223588417290152
3020933,1.2564616434301197
3020934,31.766381659778048
3020935,42.94239059206547
3020936,0.46149712968930956
3020937,455.7005078537295
3020938,6.660057150088846
3020939,5.288599923263593
3020940,12.647563468300529
3020941,75.59804268224026
3020942,4.405111949090188
3020943,199.76771885397733
3020944,486.10824360175536
3020945,4.694393031314828
3020946,13.829535309194618
3020947,293.981846983971
3020948,212.25822493823347
3020949,1855.0035105817508
3020950,1.6133418900715184
3020951,7.723601337337586
3020952,4.95203419760357
3020953,0.22153460959963922
3020954,3.060582924942211
3020955,1689.566045075607
3020956,0.057369199345619404
3020957,213.86066017790134
3020958,7.516650204999843
3020959,774.8790164238949
3020960,377.8722605471941
3020961,186.37589726759174
3020962,91.77696673258303
3020963,37.18121863158374
3020964,2607.836692690428
3020965,6.5282852111608
3020966,0.6821585625633622
3020967,30.53398152344495
3020968,23.93175332166663
3020969,0.19954736403513262
3020970,201.1648884545221
3020971,1.3197087412520796
3020972,0.608075658052331
3020973,5.159542142488264
3020974,29.997878933465117
3020975,3.3026427250910118
3020976,68.64532993310601
3020977,181.579220946331
3020978,1.1707333075685784
3020979,6.5832949146594
3020980,178.03179046165633
3020981,42.84958998142678
3020982,564.1739885691542
3020983,12.981736597094185
3020984,2.199628739302183
3020985,2.4320649260606526
3020986,0.02024149783538524
3020987,2.594663723516265
3020988,1926.6628181205863
3020989,0.08993584922384315
3020990,295.1523439785452
3020991,12.187168137323802
3020992,571.1141664851519
3020993,593.0397341226387
3020994,142.77568621035044
3020995,58.99907200193932
3020996,68.1268472479777
3020997,2402.6499137044907
3020998,28.454783342991874
3020999,0.3257340187623291
3021000,9.022916473390254
3021001,16.52939675941545
3021002,0.219326971694682
3021003,152.89998450799737
3021004,14.758342632405924
3021005,2.6098947621453745
3021006,5.1197143396315345
3021007,43.93549161118892
3021008,4.8225116934115055
3021009,562.4807165321328
3021010,162.6158125616114
3021011,4.089015969979466
3021012,5.347050650866416
3021013,299.7809558309762
3021014,43.7686059484018
3021015,1783.9205514482044
3021016,0.15473326618300995
3021017,13.65559273863908
3021018,3.7955345263121485
3021019,0.03510685789258243
3021020,8.877820052666223
3021021,3808.674906789629
3021022,0.07275080865912521
3021023,865.7100193655014
3021024,14.752342011699058
3021025,991.4798418055036
3021026,1334.1721030890067
3021027,271.1498484831146
3021028,207.72533014352703
3021029,182.75181123578633
3021030,3766.5097720242666
3021031,26.558041031286457
3021032,1.30059377159411
3021033,18.535554923495248
3021034,37.038321925056835
3021035,0.2646351168958005
3021036,304.96165766756377
3021037,16.245394957856416
3021038,37.65188532645901
3021039,8.929711886538218
3021040,21.226354183876325
3021041,12.819083523540138
3021042,300.76490012967207
3021043,317.2231803064774
3021044,20.98758547952819
3021045,15.02560710086156
3021046,403.0298323756949
3021047,108.98483725377133
3021048,3170.489835531114
3021049,0.5632334179546887
3021050,24.851417180884265
3021051,0.6987398973168932
3021052,0.0
3021053,2.7909370643383116
3021054,1758.4840755620608
3021055,0.0
3021056,323.0596082382566
3021057,4.396721736235956
3021058,370.13875574639195
3021059,461.0027435233946
3021060,109.31983009966658
3021061,8.238117271298385
3021062,12.392961684976909
3021063,1531.430567980751
3021064,5.706250750152424
3021065,0.3139034432171872
3021066,4.982909409408302
3021067,15.780181057124995
3021068,0.0
3021069,95.60983940953446
3021070,0.0
3021071,16.12888048023147
3021072,1.874530076327225
3021073,63.4454828250459
3021074,3.7513629901292678
3021075,12.700754741000402
3021076,120.14202759871567
3021077,3.634986305964569
3021078,3.6478818951449865
3021079,16.00005133361706
3021080,9.130448991967159
3021081,156.71638840225904
3021082,0.12311123634261636
3021083,3.7523830349041045
3021084,3.6933464172960697
3021085,0.015774171822793604
3021086,0.9929976351529872
3021087,1348.3768923206765
3021088,0.0
3021089,253.5192940485481
3021090,5.593518223587702
3021091,470.82112201980146
3021092,344.6164894666889
3021093,106.9321964283847
3021094,50.07941753019484
3021095,33.27535405590469
3021096,1830.0667978273027
3021097,4.682677766787529
3021098,0.5800198409049666
3021099,7.119759429995595
3021100,7.783650649414909
3021101,0.21203917356983448
3021102,111.67433114745813
3021103,1.3699168623205753
3021104,5.228457790034011
3021105,2.010597337430239
3021106,28.49360550458132
3021107,1.0271621054061653
3021108,242.74107319532465
3021109,167.40593232481734
3021110,2.6781529598914706
3021111,2.7207122313053858
3021112,160.16064716950893
3021113,19.217444985751953
3021114,736.4245986903123
3021115,0.5269223142530801
3021116,2.9053278576604376
3021117,8.095798619530735
3021118,0.08865166386831179
3021119,9.305307864740369
3021120,4961.62770842818
3021121,0.11760750437728855
3021122,981.1688804188905
3021123,18.48845919896578
3021124,1284.6051723596356
3021125,1473.9608027666766
3021126,380.9616971490114
3021127,339.95761650221704
3021128,195.0255810275785
3021129,5513.196021731554
3021130,31.49557031258862
3021131,2.274274352041197
3021132,20.31657668682427
3021133,39.620487139924215
3021134,0.5472059336273807
3021135,331.59829921224974
3021136,11.150468618394992
3021137,45.530162197906925
3021138,7.8958895506315745
3021139,104.67138403225762
3021140,7.211646681391393
3021141,392.67704329522763
3021142,360.1024834447296
3021143,15.977022298230619
3021144,15.180734067126352
3021145,562.5117600390736
3021146,114.93435141275218
3021147,3909.571578917481
3021148,1.0996150236733802
3021149,30.829035018914098
3021150,11.215264299667238
3021151,0.08721522442504981
3021152,4.789824781077126
3021153,5173.4211913665185
3021154,0.038233167877164846
3021155,1054.3024333170547
3021156,13.652258215851287
3021157,1637.6519660859615
3021158,1222.9452636387093
3021159,563.0621074803554
3021160,354.728994908561
3021161,94.03720429375656
3021162,6287.17301769609
3021163,13.305051616462414
3021164,1.3242483555509805
3021165,39.71777242387554
3021166,29.133280657047504
3021167,0.5809554113405002
3021168,385.6092169507404
3021169,0.37217304967626513
3021170,5.2731860762122515
3021171,7.8106763321962305
3021172,54.88342948283061
3021173,2.0708163002399576
3021174,280.54603233210156
3021175,469.3529889196528
3021176,7.411968109356106
3021177,8.71452871310906
3021178,337.3162504687148
3021179,77.62432212504082
3021180,1979.0845833514447
3021181,2.1135331680748197
3021182,5.551960741163015
3021183,7.569862370587902
3021184,0.41926075275898583
3021185,2.4759501817654823
3021186,4214.0603343681805
3021187,0.19657487501648518
3021188,961.8549652776883
3021189,10.949249586297851
3021190,1511.7562215580642
3021191,952.1621426555776
3021192,408.48942249874136
3021193,279.56434748149076
3021194,177.7319338035267
3021195,4721.59747817295
3021196,21.39433827419773
3021197,1.1495567826331707
3021198,28.188464309640146
3021199,30.5772395603763
3021200,0.5249308638235635
3021201,363.1366427860571
3021202,0.44080233069084934
3021203,3.6334022432906874
3021204,5.254469362121304
3021205,79.2616442158949
3021206,2.207595048796272
3021207,230.75820956742933
3021208,419.32703616246266
3021209,6.638565829643055
3021210,7.841049816848885
3021211,300.89336846248256
3021212,121.55026570116412
3021213,1797.741282478254
3021214,1.8081875057615435
3021215,4.443949476170289
3021216,13.342953642714003
3021217,0.4242262450369068
3021218,19.402629408956432
3021219,12576.726631473444
3021220,0.41265735390635333
3021221,1733.8026064025278
3021222,41.68935313751912
3021223,2565.1858411436606
3021224,3186.164724563142
3021225,549.7058984473894
3021226,706.1398997562908
3021227,467.6155047627411
3021228,11143.1629780221
3021229,93.19414174978064
3021230,3.738845884112952
3021231,60.636542569107014
3021232,70.8536790637267
3021233,1.7452038404507229
3021234,687.2193107896153
3021235,76.03455097395027
3021236,63.01232394645605
3021237,40.314034259783725
3021238,177.69844364645047
3021239,29.18922392870603
3021240,1053.213587446074
3021241,768.343151575359
3021242,31.733500014525482
3021243,39.8884130870647
3021244,1705.2841469448772
3021245,445.2783955994032
3021246,9545.207111922302
3021247,2.5154979191668185
3021248,119.69530424873139
3021249,3.097860086602121
3021250,0.0
3021251,0.5220351539996178
3021252,1569.9431505497687
3021253,0.0
3021254,173.94492003048038
3021255,3.326344486321889
3021256,545.1162507698788
3021257,291.09686992656157
3021258,116.96013632656765
3021259,142.43292870371064
3021260,36.90918836731209
3021261,1944.6556978695494
3021262,4.724822003810662
3021263,0.7082779988623984
3021264,9.294581178752226
3021265,7.543099557065025
3021266,0.1580683182126891
3021267,139.37921880209916
3021268,0.7575417259079866
3021269,0.24938407379818608
3021270,3.0997534862948655
3021271,17.397528289764193
3021272,0.9359256239849567
3021273,57.176462476459875
3021274,111.27732922375473
3021275,1.5788886572029277
3021276,3.9716214701516765
3021277,108.69550733492703
3021278,22.016300092277792
3021279,499.7197535707389
3021280,0.12464456415897804
3021281,2.2740852764954425
3021282,10.9264554381527
3021283,0.17660558551166225
3021284,2.8805048097922397
3021285,3663.2150575680835
3021286,0.023933585441637213
3021287,658.2017752518152
3021288,8.976180212280681
3021289,1548.4184597560302
3021290,903.5435364571997
3021291,337.27037602614917
3021292,302.250404965971
3021293,79.78306557375896
3021294,5269.685905176928
3021295,15.370550888915506
3021296,0.8052309733160181
3021297,23.781879425071946
3021298,26.731256975526822
3021299,0.41951619929629697
3021300,343.83686602396847
3021301,2.3831038030881655
3021302,2.1556879796839916
3021303,12.14470312691871
3021304,27.833549936082044
3021305,2.1016944038444803
3021306,360.38021404907863
3021307,392.7575631006107
3021308,4.527477362211988
3021309,10.160010630197762
3021310,196.70047659724938
3021311,84.43192352152847
3021312,1588.3202424011808
3021313,1.2960294486950752
3021314,4.463016372825834
3021315,1.9540321512522971
3021316,0.0
3021317,0.22665669010757553
3021318,1035.5934497318858
3021319,0.0
3021320,130.60571006332762
3021321,2.7065207164663323
3021322,512.8382401963061
3021323,187.20853063218902
3021324,102.53235047857001
3021325,157.21000810717655
3021326,18.99586130046371
3021327,1713.305873763955
3021328,2.417038284824845
3021329,0.32703243642362007
3021330,10.21306453644217
3021331,3.974675224458725
3021332,0.022209921417810943
3021333,111.8699541888484
3021334,0.15926712738135987
3021335,0.01134352203735396
3021336,0.9373818101545548
3021337,22.96349265411966
3021338,0.48303221361216264
3021339,53.696620470052196
3021340,101.61499411901082
3021341,0.4534903445779782
3021342,1.5146778431068708
3021343,64.7161474759029
3021344,12.230246876154471
3021345,197.3664125379428
3021346,0.05356592770162223
3021347,0.8593342888219047
3021348,9.101545047889829
3021349,0.06081756400658225
3021350,0.9857691511357851
3021351,2468.2435161027975
3021352,0.0
3021353,298.7525390614501
3021354,6.075750526211959
3021355,1089.3050372882092
3021356,548.3893760955618
3021357,232.93227582889958
3021358,196.11436218484673
3021359,59.71481195758418
3021360,3563.056607994099
3021361,3.2094862509189444
3021362,0.6734086935161492
3021363,24.794847341003994
3021364,20.11580006853519
3021365,0.16405402614515283
3021366,253.03260413768282
3021367,0.08312553469863251
3021368,0.19985662205059634
3021369,10.228506455533811
3021370,22.390301654895058
3021371,1.529605288593928
3021372,243.89880607533897
3021373,258.65452728540015
3021374,1.4565167472814289
3021375,6.001955432932782
3021376,202.70147842365193
3021377,41.029133685163465
3021378,1105.3706524133306
3021379,0.2124507731300039
3021380,0.9399411983562651
3021381,3.956999529292548
3021382,0.04365965234573604
3021383,2.4519547714764833
3021384,2928.382711562124
3021385,0.016112256967286142
3021386,669.2545391087433
3021387,8.583205025260108
3021388,872.2291069380719
3021389,678.6414298856384
3021390,234.8759592149826
3021391,130.56336842185084
3021392,74.8192149593045
3021393,3675.543995287581
3021394,6.437988049755599
3021395,1.565076144264101
3021396,22.577992212263915
3021397,28.68223256121794
3021398,0.4405044708818589
3021399,226.86366203494538
3021400,5.196553153357635
3021401,3.959539554415313
3021402,6.020943556703309
3021403,32.02997180132942
3021404,2.616662883840476
3021405,179.81744701070497
3021406,290.62486261444866
3021407,3.7602636501250872
3021408,6.5750960609772555
3021409,130.37119746081117
3021410,33.39120435428484
3021411,659.4876943919635
3021412,2.0794252291009867
3021413,1.9025629710252958
3021414,4.736134530507062
3021415,0.0
3021416,0.30650533291688675
3021417,1809.12011479114
3021418,0.0
3021419,126.67092131579122
3021420,2.6425954841567476
3021421,577.1370811923102
3021422,218.10074666526742
3021423,95.16407896298648
3021424,179.8400326453233
3021425,35.2700071861674
3021426,1994.0962261517616
3021427,6.672335362651682
3021428,0.42005197105631814
3021429,6.557545212025366
3021430,10.778627054362344
3021431,0.09201354838458348
3021432,128.83906079537374
3021433,0.08973160996444278
3021434,0.18929149438257445
3021435,0.7029197008463091
3021436,31.591601688052187
3021437,0.8465598761916371
3021438,146.05860290264678
3021439,106.12442844155416
3021440,0.6633932400735012
3021441,1.8140554832418294
3021442,59.38876542588664
3021443,18.57258576430239
3021444,377.73648274287103
3021445,0.1781863392104242
3021446,0.29509332159200624
3021447,5.37111315282916
3021448,0.0009476926348111746
3021449,1.2692870425493563
3021450,3559.967661786626
3021451,0.0
3021452,577.9214519802365
3021453,7.047681718806956
3021454,1032.7492071913234
3021455,695.3295271193764
3021456,248.86521859636605
3021457,160.94828471065762
3021458,87.17148625483928
3021459,4013.1204509055797
3021460,8.454019826043346
3021461,0.5383223178819294
3021462,17.345513136123856
3021463,16.539331292931287
3021464,0.18733928489207363
3021465,247.7650523043441
3021466,0.0650688274636767
3021467,18.850847646404596
3021468,3.236926287302115
3021469,52.2087852438201
3021470,1.4160739863698293
3021471,222.8060775047634
3021472,266.43262825788224
3021473,2.8295155722931797
3021474,5.8912029413160285
3021475,138.63160117592213
3021476,58.17999602214563
3021477,1315.1649011974487
3021478,0.6779060716353598
3021479,0.8930695822882226
3021480,3.200599444597656
3021481,0.0
3021482,4.815818711448489
3021483,2539.4566764552433
3021484,0.02889759510765945
3021485,478.52554080877337
3021486,9.193760266492617
3021487,785.0821846648955
3021488,886.0039101266381
3021489,136.8025771395747
3021490,131.08579377859994
3021491,122.01419208998396
3021492,3073.298144633072
3021493,33.94095823132714
3021494,1.2145433338432094
3021495,17.041391917591923
3021496,20.932066736943426
3021497,0.081602796102952
3021498,222.25226870206538
3021499,26.98133021051639
3021500,20.833692375344157
3021501,2.8242004529485447
3021502,46.47687218204864
3021503,8.469431774332497
3021504,190.9235782895348
3021505,223.24126589399032
3021506,10.434301921629894
3021507,10.316700518840396
3021508,205.76030024234672
3021509,79.30613149526174
3021510,2222.641187333958
3021511,0.16771374503307515
3021512,13.300244343666087
3021513,7.21438170635065
3021514,0.021705212836650632
3021515,9.81865021733412
3021516,3258.31619341063
3021517,0.09979593127075503
3021518,699.5563737441992
3021519,13.786351637703742
3021520,1285.432247603529
3021521,1185.616657203152
3021522,212.71235357332208
3021523,145.92157340708226
3021524,159.9152486726972
3021525,4667.34935590235
3021526,28.085555714924936
3021527,1.5059382337295646
3021528,31.56863823891669
3021529,40.742514564931234
3021530,0.2144727420901003
3021531,380.79370109438355
3021532,37.37776250946458
3021533,18.918665427262958
3021534,9.411886455326123
3021535,53.822182138399405
3021536,11.808248027660609
3021537,192.36220835178585
3021538,447.3319400906756
3021539,10.756504789995368
3021540,12.729870684836042
3021541,216.3051868667887
3021542,116.62194499312537
3021543,2803.525442245404
3021544,0.6039669313088785
3021545,23.340863169017545
3021546,11.121683430591833
3021547,0.20118370248069856
3021548,7.953582867394564
3021549,4362.714364960538
3021550,0.04589733502610917
3021551,1011.8785545510591
3021552,11.25559155536505
3021553,1673.8838269935713
3021554,838.4735028687054
3021555,268.72310551684154
3021556,380.0032248468501
3021557,91.79941439236664
3021558,5913.856176843491
3021559,46.53584139531186
3021560,1.9417870205027312
3021561,28.797735864738417
3021562,24.853267858854412
3021563,0.4085025725808682
3021564,410.28488884981334
3021565,9.380502394028841
3021566,18.346973430699023
3021567,9.757156427428592
3021568,52.23971564976174
3021569,5.231513179407729
3021570,190.5802318722178
3021571,409.76023584948314
3021572,8.743454319388686
3021573,13.012751851879312
3021574,251.1230608006436
3021575,81.72974552844379
3021576,1719.519324863772
3021577,12.060084965735056
3021578,11.479414769208436
3021579,4.829188469591715
3021580,0.0
3021581,5.165813025892006
3021582,3963.7193745449586
3021583,0.09596691406033753
3021584,575.908417385001
3021585,9.599815928666427
3021586,1130.4943226245891
3021587,1248.7810016811397
3021588,296.62812782703315
3021589,194.75947559545088
3021590,137.09596882568098
3021591,4632.589647126898
3021592,25.726537077402128
3021593,1.3702773877708876
3021594,21.030979362776474
3021595,20.70284404380331
3021596,0.33270605913102175
3021597,320.0692874286397
3021598,36.61832765843307
3021599,23.95820708049528
3021600,2.571688479444462
3021601,55.0525859301865
3021602,8.628735522763206
3021603,421.6368672504511
3021604,329.70363876150935
3021605,11.05928670710271
3021606,11.84478082144408
3021607,525.5701373805007
3021608,86.34374777602794
3021609,3748.5361466622917
3021610,0.37608845364934207
3021611,37.58416611360015
3021612,4.985738888307255
3021613,0.19878617690188485
3021614,1.0506388423097062
3021615,3815.4849336574084
3021616,0.025159150901053664
3021617,473.67798243943605
3021618,6.99297419069555
3021619,1564.6043353462842
3021620,676.5359183083272
3021621,304.66820807494247
3021622,179.93666132066315
3021623,62.62568671307072
3021624,5339.6714996082865
3021625,11.464601077555237
3021626,0.8689925989331122
3021627,28.719828143669503
3021628,26.531800958521032
3021629,0.2241232190513479
3021630,378.2367803124195
3021631,0.20565916837833076
3021632,0.5052118863378403
3021633,7.566060955861939
3021634,37.70442552039123
3021635,1.806760349165542
3021636,125.40938652948236
3021637,334.1278386693571
3021638,2.378129244333419
3021639,7.906022617159076
3021640,168.94079799910705
3021641,55.345232635439
3021642,967.9852542378367
3021643,0.17627888850850515
3021644,2.4172113240009137
3021645,7.512897852009427
3021646,0.07335985395257928
3021647,10.685531377104306
3021648,3451.984104602352
3021649,0.14841935109410487
3021650,764.0771329154072
3021651,13.77269211612915
3021652,1301.0556150469606
3021653,1109.9356679631308
3021654,326.6923513018778
3021655,182.81569608869472
3021656,167.45106860936602
3021657,4932.350230823503
3021658,33.55168526951981
3021659,1.4768840074224818
3021660,28.017875785199227
3021661,39.91074837860416
3021662,0.4301374979550564
3021663,345.0907706961559
3021664,21.69735974741734
3021665,28.11285045304078
3021666,9.211014345563196
3021667,53.19483733655024
3021668,12.570872302219286
3021669,257.20602921130177
3021670,466.634172885663
3021671,15.199392230012169
3021672,14.299458003175472
3021673,239.01950599912476
3021674,83.50855823620468
3021675,2786.084355711731
3021676,0.864895495540609
3021677,9.94902099463991
3021678,5.780144627901558
3021679,0.3376741042869362
3021680,8.823729912837399
3021681,3784.8013422754893
3021682,0.2992106184160316
3021683,889.9081744393487
3021684,12.956923616525813
3021685,1142.7622206115984
3021686,1146.6364035424817
3021687,271.36734066799266
3021688,214.27087492697447
3021689,141.43805370407884
3021690,4811.096435377171
3021691,51.78071161142363
3021692,1.3930370781839811
3021693,21.14782321731867
3021694,26.509914011007623
3021695,0.4094959066999897
3021696,293.601406695994
3021697,27.42914064631273
3021698,69.46205733917468
3021699,7.969360064143942
3021700,91.9093688622879
3021701,13.847005718205098
3021702,286.00938801282217
3021703,332.7226065142468
3021704,14.161711166300138
3021705,17.565912342800797
3021706,415.95554555704365
3021707,126.02875461298788
3021708,3412.2477361408737
3021709,1.034819143622833
3021710,24.837024475517808
3021711,6.176087115460428
3021712,0.09501506658833
3021713,2.8815837836429186
3021714,5308.127854554505
3021715,0.062098324642658354
3021716,620.501664128968
3021717,11.253828158524618
3021718,1334.2010211355832
3021719,625.0596819988219
3021720,347.28812043827327
3021721,220.5726595073624
3021722,49.06106213608705
3021723,5119.273126346233
3021724,8.808070780832377
3021725,0.7068808791152112
3021726,24.325085677764243
3021727,22.713151069180924
3021728,0.1256951191252333
3021729,296.9023964366921
3021730,0.20692665012345351
3021731,3.41858982402412
3021732,2.502351865707859
3021733,55.75387403592319
3021734,2.351252724816466
3021735,195.85626023446042
3021736,320.4951383087414
3021737,2.5489346064959952
3021738,5.221975820577928
3021739,239.26240259213003
3021740,92.343660917299
3021741,1127.38459793399
3021742,1.7259170321019233
3021743,0.7144855598607303
3021744,28.082714853160546
3021745,0.14796591084459498
3021746,27.9302762628612
3021747,15598.117625692785
3021748,0.33876634435407205
3021749,2416.109818141984
3021750,33.64706367459711
3021751,3413.8441070760464
3021752,3949.041459125948
3021753,918.2612511033868
3021754,1002.0145940864326
3021755,629.4541331163149
3021756,14638.520354901098
3021757,102.62747402302136
3021758,4.373509761987153
3021759,99.4046095601619
3021760,122.581748873308
3021761,1.6714503487642896
3021762,884.0713017908057
3021763,57.466854835728476
3021764,34.78037323289747
3021765,35.703890731256216
3021766,230.13277428623886
3021767,27.232089945893854
3021768,1293.0130249782128
3021769,925.7620782745829
3021770,49.07452656495959
3021771,59.77860762523054
3021772,1881.0293676046886
3021773,545.1853686430243
3021774,13178.498836985069
3021775,182.60085740078623
3021776,151.7716630884782
3021777,22.902926297460716
3021778,0.10998299466579113
3021779,23.363393145070003
3021780,13897.7867450588
3021781,0.3116443663072483
3021782,2020.834266874599
3021783,39.08709680564292
3021784,3347.1564450684473
3021785,3404.1815140718804
3021786,1025.7015114422602
3021787,548.7249910923374
3021788,495.1499546440918
3021789,15027.10901453254
3021790,123.33778979717769
3021791,1.812493964541821
3021792,62.85852501922247
3021793,108.43812848837617
3021794,1.2837994065815987
3021795,949.0234157905272
3021796,64.74342557948903
3021797,55.32690712233112
3021798,10.79469178726651
3021799,156.33769118651395
3021800,21.42332974455787
3021801,1529.2126848121939
3021802,1100.933194149975
3021803,42.25380121698468
3021804,49.40077342632435
3021805,1704.650872577714
3021806,383.11482469280264
3021807,9950.68702804735
3021808,168.62832870943654
3021809,132.92691149898226
3021810,20.751397603574556
3021811,0.042313666956478965
3021812,26.8374457384074
3021813,10448.276667071485
3021814,0.14937902352052185
3021815,1434.1104381170505
3021816,27.123271601539855
3021817,3279.1596551592584
3021818,2658.1430094254797
3021819,1281.2944637003172
3021820,299.7963280770513
3021821,346.75746919625595
3021822,13600.510551012872
3021823,63.334495094208876
3021824,2.0627514229124486
3021825,37.0845506018723
3021826,71.6452210029873
3021827,1.2049553742091268
3021828,885.1485462765689
3021829,66.34976048954336
3021830,36.41084573813313
3021831,15.46058740811566
3021832,106.2424213393771
3021833,12.858899981025344
3021834,1369.886143996742
3021835,1188.1100005310473
3021836,39.688448144020015
3021837,43.546212314667684
3021838,1404.2187640656334
3021839,217.13467005234656
3021840,4831.205769194816
3021841,137.24512089413753
3021842,81.33796602382559
3021843,22.852275380399558
3021844,0.09086430991324587
3021845,25.599585928454424
3021846,13352.46182461849
3021847,0.3108295879015993
3021848,1879.942576563034
3021849,33.455056337282144
3021850,3222.063897797378
3021851,3386.199534370131
3021852,1007.3283371918952
3021853,542.1866484470586
3021854,427.6851303227905
3021855,14209.633847458092
3021856,83.89306554153603
3021857,2.591425300042888
3021858,69.83499540508248
3021859,97.93732762746657
3021860,1.563655480948693
3021861,933.8616256381357
3021862,76.61116162105043
3021863,43.92984138810107
3021864,13.49055943908823
3021865,139.9346659366383
3021866,18.89119757029767
3021867,1191.4250090689648
3021868,1113.442885399514
3021869,40.175705636732076
3021870,44.21761913826115
3021871,1771.7418487048963
3021872,335.92626958103034
3021873,8217.7871942918
3021874,137.16963236574247
3021875,124.72084277822523
3021876,18.87548100661287
3021877,0.0
3021878,22.89226517582229
3021879,8837.43727896583
3021880,0.10707886153961343
3021881,1290.558831152896
3021882,24.427795092119784
3021883,3041.926019364102
3021884,2248.625825454762
3021885,1111.3161604586746
3021886,224.00855410235494
3021887,251.68600672241718
3021888,12493.7250831696
3021889,66.86055958984569
3021890,1.2827169340937075
3021891,51.92354998699961
3021892,55.75159942486437
3021893,0.7526176532726254
3021894,855.5562486453963
3021895,60.621093754450904
3021896,21.425872861152747
3021897,11.718702141491187
3021898,113.34651055772802
3021899,9.438493247963397
3021900,1207.867290378309
3021901,1147.950529541127
3021902,29.8262019119569
3021903,35.900174585017574
3021904,1155.3108495782913
3021905,151.398401301213
3021906,3633.050958996399
3021907,166.6694052339484
3021908,41.6244746398626
3021909,14.926898573441244
3021910,0.057010854476162505
3021911,15.417121197770367
3021912,10892.263699838542
3021913,0.2481383546064924
3021914,1666.7769491169404
3021915,35.82650215479776
3021916,2423.7722554497705
3021917,3045.3235573603415
3021918,578.8088263415175
3021919,638.5917502514408
3021920,467.0923361895158
3021921,9710.772726246236
3021922,81.88001746930972
3021923,2.4479487440127388
3021924,55.541242206816435
3021925,62.26096074616264
3021926,1.0749255360924495
3021927,627.315346713145
3021928,32.71023734991131
3021929,36.64160755244149
3021930,20.231416227730524
3021931,162.29950492098243
3021932,21.15713025582651
3021933,939.635353759309
3021934,684.5373882432452
3021935,30.13869369169464
3021936,45.92314113344864
3021937,1159.9266480616989
3021938,342.1960847411779
3021939,9846.13263125206
3021940,93.6762111017853
3021941,96.83607078914457
3021942,5.989322300535361
3021943,0.08851069208899473
3021944,5.37760692798285
3021945,2360.805782965496
3021946,0.14893330514522143
3021947,403.5990713000903
3021948,19.446488049565744
3021949,928.2790885095607
3021950,691.6326409596606
3021951,244.29478601079683
3021952,121.87786344361803
3021953,115.08389229681512
3021954,3142.5287206805533
3021955,20.447921374458105
3021956,0.958202813887957
3021957,23.73068292681206
3021958,32.54927282120624
3021959,0.3019894932294575
3021960,253.26895808872635
3021961,17.570346247059465
3021962,5.776772104693286
3021963,10.987955483060704
3021964,46.32965363288148
3021965,8.412924068216128
3021966,258.92253767267846
3021967,297.8433727392183
3021968,4.9370588255292605
3021969,10.575349464058533
3021970,262.792213698924
3021971,75.6103387964379
3021972,1641.7371681484483
3021973,0.39011056376122255
3021974,12.054854469142498
3021975,14.647313110014629
3021976,0.033268597463995075
3021977,14.004552532015799
3021978,6463.1084807951565
3021979,0.1709157389791781
3021980,838.4683891737286
3021981,33.314245443982344
3021982,2017.542185066799
3021983,1516.5710882535918
3021984,630.9886672602048
3021985,159.3387675521506
3021986,178.53606004083517
3021987,8491.884879192137
3021988,62.244076052141544
3021989,1.5824338989972793
3021990,55.77460310894177
3021991,65.84493587889847
3021992,0.546371112538953
3021993,578.45403042165
3021994,36.61663642495738
3021995,10.626109081971347
3021996,5.72747353242232
3021997,95.38632185138879
3021998,12.466843950756955
3021999,645.2556073822541
3022000,680.0232779266017
3022001,16.293129284211464
3022002,30.308159847682454
3022003,539.5381645366499
3022004,112.53706018754792
3022005,3150.7776346346395
3022006,108.01076902899791
3022007,26.003837798509974
3022008,8.487572262912767
3022009,0.010000985154141063
3022010,9.77095951947904
3022011,6579.863970716747
3022012,0.09945080283078918
3022013,1073.8921778498045
3022014,14.502375696191796
3022015,1552.472780769389
3022016,1839.791687116495
3022017,321.2235255031862
3022018,373.28205821621447
3022019,280.3485413734222
3022020,5955.86142167765
3022021,36.80534423344245
3022022,1.5840883929890657
3022023,31.38356393009623
3022024,39.461276629470795
3022025,0.6753750704470698
3022026,409.22688660938496
3022027,4.126701865255239
3022028,51.987416084642014
3022029,5.921761442889872
3022030,108.37960619939736
3022031,11.300309950055796
3022032,701.1266685337965
3022033,396.5232704839453
3022034,27.48378196892161
3022035,19.608719251894996
3022036,740.592216432784
3022037,160.59068707208198
3022038,6209.366952366236
3022039,2.671611587096515
3022040,49.92348021273688
3022041,6.281955581788424
3022042,0.5702303016700561
3022043,8.741720393230452
3022044,4549.711972002709
3022045,0.5468130578169375
3022046,1524.1119958101547
3022047,6.931530205122838
3022048,1753.7501266118788
3022049,1242.320466535193
3022050,529.3240336864733
3022051,41.9468709427074
3022052,29.608332425179658
3022053,5545.232000185711
3022054,33.16968182323531
3022055,1.7676054713818607
3022056,25.10769689669621
3022057,34.79373023859239
3022058,0.9908637365288628
3022059,385.53402030071067
3022060,6.019957036555187
3022061,45.684422846838316
3022062,4.751627661105299
3022063,229.8402326595914
3022064,7.107237243366447
3022065,99.94612440301995
3022066,497.7258709860473
3022067,12.002590571602369
3022068,17.915952050432445
3022069,181.1445619328165
3022070,59.96506304215654
3022071,4232.313862296775
3022072,3.4256255590891884
3022073,12.066895293359785
3022074,11.698020239727835
3022075,0.15512798297799263
3022076,8.33665374678738
3022077,3507.079071718827
3022078,0.15662075095634154
3022079,755.0897257865522
3022080,11.000865944970833
3022081,1378.6208791156273
3022082,932.4133980090901
3022083,367.80058063311355
3022084,232.48760887219578
3022085,230.12952544645154
3022086,3988.793204669525
3022087,20.4741845194574
3022088,1.6682331893329425
3022089,20.409040836098185
3022090,38.32421408475171
3022091,0.4506378823825927
3022092,330.5170547739725
3022093,6.764817835140189
3022094,12.92030694309065
3022095,6.741723646823786
3022096,75.08317183748508
3022097,5.173947645724888
3022098,382.64203442302806
3022099,419.35710121283853
3022100,8.803085121596885
3022101,11.379514724590415
3022102,319.2266413045532
3022103,116.63919260030195
3022104,2756.2200408670983
3022105,1.3062712144249353
3022106,5.890732715047746
3022107,7.595235916546313
3022108,0.1679206509206484
3022109,0.7470568165522538
3022110,2860.3169734924686
3022111,0.020661402388437645
3022112,320.76333771101565
3022113,4.634245246522363
3022114,1573.77836181182
3022115,348.04760009702335
3022116,315.75156953999135
3022117,110.31226591465443
3022118,31.524884937256772
3022119,4276.995323586373
3022120,8.945176616391059
3022121,0.6490194172246011
3022122,16.628621603705792
3022123,13.325616214419831
3022124,0.1221198647935278
3022125,313.66166907075956
3022126,0.34533715851419294
3022127,0.13859780221695064
3022128,3.370464469815797
3022129,22.018047322825286
3022130,1.1074502221876381
3022131,79.84458804993825
3022132,289.363485929613
3022133,0.5002400295456273
3022134,4.3808819619087584
3022135,75.5506351401437
3022136,71.41861449271852
3022137,379.1153244299605
3022138,0.336314195286903
3022139,1.421656382353305
3022140,6.842920228092877
3022141,0.0
3022142,11.638024624061725
3022143,5304.00344487203
3022144,0.05275065388713289
3022145,831.1898349587747
3022146,14.415528116870727
3022147,1558.5557937850506
3022148,1531.1488864081223
3022149,487.91029663573073
3022150,266.51400568839864
3022151,212.77482937600513
3022152,6651.12023700592
3022153,47.255371991059974
3022154,1.1973263811308823
3022155,33.00295415064243
3022156,52.65360601324463
3022157,0.30330894857599666
3022158,444.8565086669268
3022159,46.82547045209073
3022160,21.539272900214808
3022161,17.409729694680987
3022162,72.75105516174389
3022163,9.496145536319677
3022164,580.3822624802037
3022165,506.67377124286196
3022166,15.134641074273397
3022167,16.92303388646176
3022168,751.4108369695448
3022169,139.021572983584
3022170,4204.088445026833
3022171,0.5399093792836762
3022172,49.93012381578211
3022173,4.206513902239272
3022174,0.013859427861528172
3022175,5.178341789854519
3022176,4596.33716373801
3022177,0.13031060937336733
3022178,679.4163437082019
3022179,15.7120346879014
3022180,990.5344179853306
3022181,1342.982046256135
3022182,170.9264119773848
3022183,295.9305652133064
3022184,225.77652536695936
3022185,3901.339529312385
3022186,36.683472312544176
3022187,2.0035599776303923
3022188,18.17041692637931
3022189,25.456088968750876
3022190,0.46206795648288174
3022191,245.92859566209043
3022192,15.429413357629116
3022193,43.049505997126204
3022194,8.646182074048545
3022195,123.24141636060993
3022196,12.783138778393461
3022197,496.36678888441503
3022198,236.50910610974773
3022199,10.072706008094947
3022200,13.844317850209865
3022201,564.1766647779003
3022202,151.17881951287845
3022203,4808.29519522202
3022204,0.3093414108391356
3022205,37.01932032650335
3022206,7.231321681843154
3022207,0.13943052730657293
3022208,13.343952909990444
3022209,6619.316179810295
3022210,0.19768638914345504
3022211,1048.068722694428
3022212,23.471282566525915
3022213,1521.2951105725954
3022214,1935.596858062799
3022215,369.3691298798466
3022216,391.57186199564325
3022217,226.41276293442039
3022218,6106.631328533192
3022219,46.26094234757268
3022220,2.8819739058262575
3022221,42.219289051797105
3022222,51.023669839438206
3022223,0.9902048367684646
3022224,499.41180642978406
3022225,60.10826826958321
3022226,39.06305056932949
3022227,27.813792883875657
3022228,101.95409504809545
3022229,19.058150094286468
3022230,494.7968516495274
3022231,493.66651846868314
3022232,22.99609638324222
3022233,27.77042762967555
3022234,698.3906223541197
3022235,194.35248152673546
3022236,5604.655639342043
3022237,0.948296368715128
3022238,58.27970455810449
3022239,15.845069594907741
3022240,0.13398503448277904
3022241,11.22452923730684
3022242,5134.251363493181
3022243,0.02860282251962027
3022244,811.6051917549881
3022245,15.218417971164136
3022246,2006.3407185460758
3022247,1158.7964708992954
3022248,794.1411066302642
3022249,257.2294383619329
3022250,104.79473987139016
3022251,8415.133439005447
3022252,11.909401052506722
3022253,1.745466529783855
3022254,41.76413761586776
3022255,46.880047899424504
3022256,0.2592414704315272
3022257,608.6275914586955
3022258,20.987714473051074
3022259,6.698802786485489
3022260,9.628086677156952
3022261,43.80755066050788
3022262,5.3037379898811405
3022263,445.83860484665985
3022264,573.0539172964668
3022265,8.405644450122153
3022266,15.864831397898385
3022267,655.7779353813474
3022268,110.11825499591923
3022269,1820.3320953669272
3022270,53.238442453429634
3022271,17.648264972594696
3022272,3.205734130295257
3022273,0.012769738297617657
3022274,4.508484160956432
3022275,2361.2140681528545
3022276,0.11407621628098288
3022277,395.5055464947073
3022278,12.078775909325103
3022279,667.604778350418
3022280,744.8111252742481
3022281,145.9558515969525
3022282,140.14737126954742
3022283,108.69121839098835
3022284,2657.246295510834
3022285,21.043539049312187
3022286,1.4808013814604868
3022287,13.492668189141744
3022288,22.081524860148036
3022289,0.3206492099581756
3022290,169.99914205239986
3022291,15.694704762487277
3022292,13.496615391246818
3022293,5.001036867191603
3022294,59.54908546715973
3022295,7.05604912514184
3022296,265.9060408610909
3022297,160.91706319144458
3022298,7.328191798261788
3022299,10.452440357641546
3022300,287.7686534727709
3022301,84.893824501408
3022302,2253.115768373517
3022303,0.14364545791866404
3022304,23.795344041180183
3022305,1.751884339597213
3022306,0.021653810221929207
3022307,0.6553744083019852
3022308,1156.7492718403116
3022309,0.0
3022310,105.98960115712039
3022311,1.9883092731632752
3022312,660.5666636589667
3022313,259.212484876008
3022314,234.1815907561087
3022315,47.450221375465155
3022316,21.7508888136063
3022317,2395.5442813946847
3022318,1.9214996037985292
3022319,0.14523901859437113
3022320,5.075726860146358
3022321,4.842578202267109
3022322,0.0
3022323,157.07172643991902
3022324,2.995336246044631
3022325,0.0
3022326,0.8090484296916938
3022327,4.868022059686972
3022328,0.34781215252820286
3022329,143.37127993567685
3022330,150.2091585485425
3022331,0.6717195909401472
3022332,2.3210217514840163
3022333,124.67131988782437
3022334,16.85479258305297
3022335,202.53274573953232
3022336,6.148179616889449
3022337,1.8012049283836817
3022338,5.763056088423058
3022339,0.17943657307627087
3022340,5.423579869962539
3022341,4378.60423222846
3022342,0.02733477673349307
3022343,570.9762950791717
3022344,9.804133906561171
3022345,1604.5753772309315
3022346,611.9605677366701
3022347,444.6001715746253
3022348,183.37578152318758
3022349,58.35981494587224
3022350,6331.560571009445
3022351,14.335197585972754
3022352,0.581446791454852
3022353,18.167269449613443
3022354,24.608011104958415
3022355,0.23042758075760764
3022356,396.15058594283755
3022357,10.116137851260358
3022358,1.2786609881657194
3022359,6.383210393915539
3022360,20.82397111785747
3022361,2.5739451291600526
3022362,558.2024427498992
3022363,349.00201507048064
3022364,2.38674326472386
3022365,10.275720292304955
3022366,380.5483498508098
3022367,58.10676691389562
3022368,1064.7420162948051
3022369,31.467419460389806
3022370,6.291402819528962
3022371,4.526963365396324
3022372,0.11616004805435076
3022373,0.8693436199735427
3022374,1698.599842846519
3022375,0.0
3022376,185.52776631860732
3022377,7.219521000100064
3022378,784.1946235695378
3022379,400.27754312967653
3022380,226.30318115116415
3022381,81.83704102251468
3022382,32.77288765424856
3022383,2835.5601685471947
3022384,4.764023990251561
3022385,0.6937534282725091
3022386,10.01230501668489
3022387,12.048433572897654
3022388,0.14379316086095895
3022389,166.2043796285682
3022390,1.5656919659114368
3022391,0.07958711307204487
3022392,7.553223943978214
3022393,16.526368164399457
3022394,1.4241241775270597
3022395,151.18719235505574
3022396,158.1871316738272
3022397,1.081155073906388
3022398,4.854344387972416
3022399,161.93160556620677
3022400,38.61279540710821
3022401,365.35054604572883
3022402,2.877361760857238
3022403,2.8629022511236486
3022404,3.5141756374032713
3022405,0.0
3022406,1.5721679424531705
3022407,1487.0524562225044
3022408,0.0
3022409,128.03568131269066
3022410,3.3404598188115724
3022411,650.3642463789001
3022412,265.37210245862315
3022413,156.6137392549741
3022414,51.64516402100387
3022415,21.16408573889935
3022416,2523.273440627742
3022417,4.652719748096217
3022418,0.1749360289290282
3022419,7.110081876588675
3022420,10.861930118820807
3022421,0.014618849937027044
3022422,140.66008964858216
3022423,2.642556290196487
3022424,0.0
3022425,1.5221772946431305
3022426,14.150850022759887
3022427,0.625886138896675
3022428,133.11258878827138
3022429,153.76289930492928
3022430,0.5513634739409483
3022431,2.9720892908795644
3022432,84.39000015265474
3022433,22.328229849564888
3022434,178.0694201715511
3022435,6.0781568149712495
3022436,1.2756996978214428
3022437,2.484326965449447
3022438,0.04359368713165692
3022439,0.558021532976118
3022440,1234.2265796377758
3022441,0.0
3022442,165.11482909183766
3022443,4.376775656223041
3022444,952.6456838492494
3022445,357.3783558565306
3022446,233.3323500594942
3022447,37.67134840838783
3022448,24.784076624536585
3022449,2570.4347509649156
3022450,3.3513133926936804
3022451,0.0991252228062092
3022452,8.328165688522521
3022453,16.427228585043157
3022454,0.0
3022455,191.72222334383395
3022456,0.433370333751452
3022457,0.0
3022458,2.1564692434157036
3022459,8.552984923833762
3022460,1.1091573904369891
3022461,199.56137547908884
3022462,241.903011084584
3022463,0.6819298060905568
3022464,4.3208802679626555
3022465,57.73710213158015
3022466,47.0796466849111
3022467,327.4314174706688
3022468,6.879148762028669
3022469,2.3474511968419813
3022470,3.2818658024332317
3022471,0.4752992160331242
3022472,1.37603493842271
3022473,1824.6294848064692
3022474,0.02879008594331863
3022475,171.56075201541466
3022476,3.745514910388888
3022477,898.7956613906803
3022478,372.1839667568739
3022479,311.7590326628127
3022480,115.90688932608846
3022481,45.58992839017304
3022482,3155.137471495962
3022483,6.515752714823899
3022484,0.6161987203586452
3022485,14.164031643808443
3022486,14.252935112624849
3022487,0.1010036222836841
3022488,230.70116915080564
3022489,9.007766983588722
3022490,0.03559961294432867
3022491,3.5967761154595967
3022492,13.059973260576042
3022493,1.4087490648920657
3022494,133.6942915405458
3022495,201.72206845252035
3022496,0.763807810919704
3022497,4.7078178039122855
3022498,135.45337727193174
3022499,38.3038454444989
3022500,597.0615493212713
3022501,6.395880055160214
3022502,4.990875512894908
3022503,2.965284671876898
3022504,0.0
3022505,0.22898210452575124
3022506,1174.5580527815607
3022507,0.0
3022508,135.34849815569063
3022509,2.8443297346234253
3022510,657.4544852958214
3022511,225.65656314607853
3022512,160.28355903304396
3022513,222.29050996983707
3022514,18.66672533869233
3022515,1965.0011683733126
3022516,2.7831730096324323
3022517,0.1566860973254105
3022518,8.652179145650349
3022519,9.228460032524715
3022520,0.0
3022521,154.73738863045637
3022522,0.0
3022523,0.0
3022524,1.188148066706939
3022525,10.751746350195237
3022526,0.7322796437119898
3022527,54.10821983966721
3022528,133.60053039230567
3022529,0.554439508829643
3022530,2.1396958460419224
3022531,61.80493612485652
3022532,26.889551422511584
3022533,326.29559335290685
3022534,0.022026342126766067
3022535,0.8506388791612804
3022536,6.2135277054513125
3022537,0.17244880351478167
3022538,3.139231603116227
3022539,3579.865734530602
3022540,0.0
3022541,330.21266623654833
3022542,5.281013083744435
3022543,1132.9401720821947
3022544,763.930990076384
3022545,534.7783030119891
3022546,367.0113584094206
3022547,71.46962702023495
3022548,4916.614370266174
3022549,7.7701816141905145
3022550,0.6411302818354487
3022551,17.434940470565998
3022552,24.392892926032236
3022553,0.2400077669691451
3022554,287.40376282640926
3022555,1.1765571065971097
3022556,0.07247224793904687
3022557,5.657895948116025
3022558,16.45864377647887
3022559,1.8957023263540327
3022560,302.3883979257953
3022561,248.46011214860437
3022562,1.7670086219385714
3022563,7.750465809677747
3022564,339.79774668249615
3022565,67.9389779580282
3022566,1234.142235838677
3022567,16.629599470765346
3022568,10.961354135559152
3022569,0.09678002740148113
3022570,0.061601216857603024
3022571,1.0038065593067094
3022572,523.0450485322913
3022573,0.0
3022574,111.40448394488698
3022575,1.6453954932104842
3022576,175.21473873679142
3022577,165.3059808256833
3022578,59.024943087754366
3022579,54.18403253560013
3022580,2.0837321776954885
3022581,964.2802068657251
3022582,1.761492320476266
3022583,0.46558024239629026
3022584,2.6814791256797976
3022585,5.990682863912702
3022586,0.011388453225098174
3022587,64.22406931833848
3022588,3.0933949886227445
3022589,1.4429111664778929
3022590,1.4806327278825262
3022591,17.753664555821047
3022592,1.507129240242922
3022593,3.485009319848878
3022594,44.7784001268739
3022595,1.7551728147834509
3022596,2.6625397211480992
3022597,6.805162385043366
3022598,3.8018378011868013
3022599,334.5255197285438
3022600,24.22957753950935
3022601,1.0715085169149603
3022602,5.117677174544216
3022603,0.03525257190417444
3022604,0.9712833008174115
3022605,2229.8411375537967
3022606,0.0
3022607,168.97230672670784
3022608,4.859969395533354
3022609,815.168959446734
3022610,331.932900785187
3022611,278.6780979938767
3022612,85.00553205755476
3022613,38.42824266480398
3022614,3187.9015377314136
3022615,7.766823011701442
3022616,0.7650305688626973
3022617,11.684082317757383
3022618,10.916001086379257
3022619,0.09324988761801058
3022620,172.708595307091
3022621,6.681296335310415
3022622,0.02184185594662793
3022623,3.3718455794362425
3022624,12.361001569040853
3022625,1.53578726822421
3022626,136.67980894858505
3022627,169.13355899583382
3022628,1.0197894205053752
3022629,4.763392701730398
3022630,101.51826082235534
3022631,33.640693172730714
3022632,378.7986125929882
3022633,2.044875322916444
3022634,3.309279891032957
3022635,4.1553816078835855
3022636,0.022087473617693042
3022637,5.561484493174332
3022638,3022.6858204824
3022639,0.08827805447186826
3022640,562.4224013172843
3022641,8.470665357663163
3022642,885.1307613296065
3022643,886.7649288948031
3022644,237.28549961833502
3022645,163.0483761182426
3022646,97.62628554944817
3022647,3843.5391081872217
3022648,27.39252375772984
3022649,0.9275845948655739
3022650,16.590150118527518
3022651,19.016872956555794
3022652,0.2718584934460001
3022653,241.0562180376813
3022654,25.00620825408311
3022655,8.493655654779527
3022656,4.508610514808281
3022657,40.23764494081742
3022658,6.738235680145903
3022659,408.85121877000284
3022660,249.39353829841215
3022661,9.35583461895655
3022662,8.693799533827368
3022663,438.5784367920309
3022664,95.47473960520473
3022665,1883.0590483997628
3022666,0.33683091974501744
3022667,25.00027270124354
3022668,4.923499639818785
3022669,0.29117780191792436
3022670,2.19654577861694
3022671,2602.5788560198575
3022672,0.045529528172437154
3022673,347.42333480948554
3022674,4.6613102974056115
3022675,1084.3478259442666
3022676,604.1583841217689
3022677,462.6081402863763
3022678,127.61066536377132
3022679,98.12613835931843
3022680,3772.1324979209494
3022681,8.413489831418522
3022682,0.41485144558720655
3022683,11.068903619012893
3022684,13.123904872888371
3022685,0.10551335117878015
3022686,264.6531114043255
3022687,4.220544702392758
3022688,5.681474782832896
3022689,3.263177480718298
3022690,18.265548286142717
3022691,1.3100374314134102
3022692,242.53317202054902
3022693,301.4401152801738
3022694,3.338753138054175
3022695,4.801932625520234
3022696,254.74149353211885
3022697,87.19884327018785
3022698,793.1492851094348
3022699,30.549569120616805
3022700,5.59870309996498
3022701,8.125875337572317
3022702,0.371288693329235
3022703,3.7285474287302396
3022704,2862.577443628776
3022705,0.10611710063489295
3022706,502.36231576142114
3022707,4.945399037836526
3022708,1192.7898488500248
3022709,589.9229029649048
3022710,332.3835969914773
3022711,318.0209193924798
3022712,97.04213227465836
3022713,4109.573358441154
3022714,12.657952130702391
3022715,0.7357089492530644
3022716,22.282621856363228
3022717,25.27218148597598
3022718,0.21615279833112247
3022719,268.0231311018409
3022720,3.0736415202522167
3022721,2.855522596750754
3022722,7.910627136884486
3022723,39.447680341202556
3022724,2.471568754988924
3022725,144.07895444194202
3022726,279.45919008489795
3022727,3.0111646601085873
3022728,8.197636759891516
3022729,187.82738148352138
3022730,149.32136588862173
3022731,1246.8656186392961
3022732,0.8951021762989646
3022733,5.046618644815253
3022734,3.666522154428315
3022735,0.1537153380733093
3022736,2.191475956249374
3022737,1311.9691482915011
3022738,0.014192048362085067
3022739,155.16383589044435
3022740,5.885943498284508
3022741,591.5565985275313
3022742,281.0076633562137
3022743,156.31426950178013
3022744,76.47610276954282
3022745,33.03654689193348
3022746,2284.2757315140643
3022747,5.219446340940595
3022748,0.5022756835927815
3022749,19.150453971622685
3022750,17.57796878760679
3022751,0.1563118693081348
3022752,143.95023827738478
3022753,0.7965606468292898
3022754,0.3315122718646675
3022755,4.214448053324678
3022756,12.472248884742529
3022757,2.676984880035381
3022758,70.85450359402938
3022759,130.76113641392155
3022760,0.9500528442338758
3022761,5.126035327786461
3022762,88.8661425304018
3022763,37.35532923720522
3022764,446.88465388203565
3022765,6.654038006413984
3022766,2.1440302115421535
3022767,1.944423180728919
3022768,0.0
3022769,1.050824545166671
3022770,1624.736652524759
3022771,0.055519534017490574
3022772,258.8595972880805
3022773,8.791950150446345
3022774,538.1219411774089
3022775,469.6455844214005
3022776,126.74407047227821
3022777,49.075384771536605
3022778,50.27345847130575
3022779,2159.310989137312
3022780,27.505006590604104
3022781,0.10395972445648853
3022782,8.716809916695357
3022783,13.89697474231976
3022784,0.14599490016872887
3022785,125.71086709135196
3022786,10.921254678158379
3022787,1.0111714448224443
3022788,4.00097127132343
3022789,24.099942701044554
3022790,3.6837763225049223
3022791,534.8827775486099
3022792,138.97202699137884
3022793,3.2527833413820204
3022794,4.426655389906071
3022795,283.8276874321224
3022796,36.407025947180536
3022797,1184.0164865545173
3022798,0.055200863930980254
3022799,12.189483871140203
3022800,2.969241059143297
3022801,0.0035979560161935728
3022802,7.000951998876431
3022803,3631.7211868114023
3022804,0.066391894523002
3022805,829.1056578554042
3022806,14.286347231302816
3022807,1042.7521528813786
3022808,1230.1681198425433
3022809,270.89309227899014
3022810,197.7426888689675
3022811,159.08099460901485
3022812,3877.0276002252854
3022813,23.618943828373496
3022814,0.9562566262500143
3022815,16.24251624354122
3022816,35.122049485608514
3022817,0.19516698267214494
3022818,269.36104954608163
3022819,12.109002276638877
3022820,29.527052403846543
3022821,8.519530015924472
3022822,48.133974375968464
3022823,11.225538113195272
3022824,292.42734472883484
3022825,284.784645950249
3022826,18.71260684946826
3022827,13.098622936642752
3022828,408.19203321371447
3022829,107.41690077381132
3022830,3117.8444576065676
3022831,0.3793574550947413
3022832,29.162976272642894
3022833,0.296792582945459
3022834,0.0
3022835,0.7479325165227628
3022836,1388.4500841799604
3022837,0.0
3022838,292.21867290762924
3022839,2.831906771079129
3022840,332.28091517391914
3022841,357.7275450887661
3022842,99.19521367089212
3022843,5.678203829004373
3022844,5.4468354738050175
3022845,1306.7449861359369
3022846,4.427053833921021
3022847,0.1258319310301381
3022848,3.927425405450661
3022849,15.980668803729056
3022850,0.0
3022851,77.15354240655584
3022852,0.0
3022853,10.244393442143744
3022854,1.2896899884422446
3022855,46.67442729147758
3022856,2.7375860801840535
3022857,8.69874543479639
3022858,105.41153761141302
3022859,2.816506991072552
3022860,2.6046683956072205
3022861,10.532304912809524
3022862,6.094655375745702
3022863,70.94064274579999
3022864,0.0
3022865,0.06431598041574155
3022866,2.4203104223197056
3022867,0.0
3022868,0.466657283924947
3022869,900.9912988632851
3022870,0.0
3022871,174.85850448414874
3022872,3.8424585807395895
3022873,308.61293226967996
3022874,211.71866262171199
3022875,62.91699484984637
3022876,33.7141075352396
3022877,24.15646941243074
3022878,1280.751673825173
3022879,2.8579743728354163
3022880,0.28568153041587474
3022881,5.105989740725924
3022882,4.988209346163512
3022883,0.08515593376726682
3022884,71.05359572419341
3022885,0.5517636543934352
3022886,4.388686506950174
3022887,1.1157710051907146
3022888,11.688789951767395
3022889,0.49632049584675997
3022890,200.14561069211425
3022891,107.83952465495575
3022892,1.8364770763108407
3022893,1.6764788841896898
3022894,109.9755319530073
3022895,13.240132671922398
3022896,422.7992094420088
3022897,0.2812004024573905
3022898,1.769175977079005
3022899,4.55674569750395
3022900,0.043631335503401474
3022901,5.317692273473187
3022902,3283.311000992949
3022903,0.02441067833773673
3022904,681.3381423908901
3022905,10.461107898927343
3022906,913.112689268141
3022907,935.0328226306905
3022908,269.52666791584585
3022909,229.43235347463056
3022910,111.32617613713319
3022911,3764.430370021271
3022912,18.686237259713366
3022913,1.357251794826202
3022914,12.562762727228355
3022915,24.72410212013581
3022916,0.32587661712400934
3022917,212.06110147929655
3022918,5.654502349170949
3022919,21.026834358489616
3022920,4.515000788736878
3022921,48.56962550897435
3022922,4.000558893728271
3022923,260.7448725693642
3022924,223.05679952685
3022925,10.408488304928877
3022926,9.51208080842217
3022927,340.93835619669386
3022928,77.55620837704679
3022929,2002.2032629669243
3022930,0.5272905342689702
3022931,18.182761326233212
3022932,6.065523526952799
3022933,0.04197268351935983
3022934,1.116775500934157
3022935,3160.946210077941
3022936,0.0
3022937,540.0879368075725
3022938,7.52466417037698
3022939,1061.3420884038592
3022940,739.2367307149135
3022941,355.54814072416167
3022942,393.3446175462967
3022943,55.08198943303444
3022944,4190.351860907507
3022945,6.176778027710102
3022946,0.7182871377995301
3022947,19.557093609201004
3022948,16.36608387678724
3022949,0.36462288527841263
3022950,246.9491342009042
3022951,0.0
3022952,2.885377981852369
3022953,4.40148808424577
3022954,26.546874517277523
3022955,1.0062065759499395
3022956,189.60825186090278
3022957,271.0280327527833
3022958,4.768868224634367
3022959,5.178764762192042
3022960,182.77106559984716
3022961,59.4097859019986
3022962,1279.0664879202802
3022963,1.2261628206031774
3022964,2.8985230896235032
3022965,4.920077351927615
3022966,0.3036137267617203
3022967,1.534870340442934
3022968,2732.6755073879085
3022969,0.09376494535893781
3022970,495.395363433262
3022971,7.078250649493954
3022972,990.694186609321
3022973,609.261701251203
3022974,267.7286021250555
3022975,270.55207606876434
3022976,120.54897425246222
3022977,3305.808605174484
3022978,8.772207535035024
3022979,0.6563688639682435
3022980,20.708368549916454
3022981,12.843191167607323
3022982,0.24291688957157648
3022983,230.7855652772937
3022984,0.0
3022985,2.1081813138939136
3022986,3.3382073137683648
3022987,38.443551709936024
3022988,1.4513117175134869
3022989,167.44105830889666
3022990,244.88535141284555
3022991,4.9287846588702555
3022992,5.356897540745398
3022993,197.1561033769642
3022994,92.71528944523776
3022995,1264.0330958153334
3022996,1.1191533846010198
3022997,3.104569628334894
3022998,7.822979754667543
3022999,0.38484690134324273
3023000,10.535396468737613
3023001,8316.845455972089
3023002,0.3011545627352183
3023003,1293.9485510353816
3023004,34.216567119707626
3023005,1839.8551894708194
3023006,2197.5462633755087
3023007,375.4749329287962
3023008,506.22826877684764
3023009,309.78565204278686
3023010,7636.850652703474
3023011,77.41726175748717
3023012,2.835746129557499
3023013,42.730594918367
3023014,54.108337325303445
3023015,1.159354194791831
3023016,474.0007345817685
3023017,45.25582723839435
3023018,37.49364775724784
3023019,29.728380872661916
3023020,135.5573370218648
3023021,21.334219334708123
3023022,729.7999214123143
3023023,452.9956304106804
3023024,20.906952660591458
3023025,28.02696769496419
3023026,1066.8051853057198
3023027,332.6583345134148
3023028,5293.8461001575715
3023029,1.2618823510873916
3023030,83.66017183637031
3023031,2.5833889615899004
3023032,0.0005729851141249671
3023033,0.39678503452500596
3023034,1351.8977615220454
3023035,0.0
3023036,140.57043649887981
3023037,2.350082631078877
3023038,462.2462350285857
3023039,229.15461693709898
3023040,106.9739105076412
3023041,206.2709094678758
3023042,30.763232378163387
3023043,1763.6256440419138
3023044,2.4186741734141126
3023045,0.5581824154235668
3023046,8.184893701027402
3023047,5.944694173900228
3023048,0.12615213384282206
3023049,114.15889718595358
3023050,0.30542151655390615
3023051,0.15817922273586935
3023052,2.365411504891613
3023053,16.86898079756715
3023054,0.5646446193633268
3023055,53.861183934625274
3023056,94.47610697835601
3023057,1.4048300306578314
3023058,3.078810175185957
3023059,88.83807583018846
3023060,19.268781214693036
3023061,451.0437903350163
3023062,0.10972373677065908
3023063,2.245234617018619
3023064,6.671147842904807
3023065,0.2322266041106159
3023066,1.62374686655359
3023067,2609.931929113848
3023068,0.02837739517081756
3023069,435.1180136984978
3023070,6.160164531638922
3023071,1116.5086531625423
3023072,659.1043079931206
3023073,235.1341734607792
3023074,380.96619055938635
3023075,52.823770837051555
3023076,4089.0991677300735
3023077,8.516343874469955
3023078,0.4356832856670905
3023079,13.302543371781418
3023080,17.454309617171592
3023081,0.2715900851069558
3023082,241.36402581457705
3023083,1.135594788962551
3023084,1.3067179418185328
3023085,8.164299151366752
3023086,10.957112239760677
3023087,1.161971703370266
3023088,291.9892295402852
3023089,253.06228461208403
3023090,3.318429997210928
3023091,6.678524962508994
3023092,125.03327345830746
3023093,63.58367725996058
3023094,1219.916356299474
3023095,0.8087977811293807
3023096,3.786802248612874
3023097,1.2708361047132999
3023098,0.0
3023099,0.6695997479582387
3023100,814.4293389202652
3023101,0.0
3023102,95.02278881745076
3023103,1.5274896539177099
3023104,448.9672486743144
3023105,148.36514763226353
3023106,84.62940431993493
3023107,251.00587289467188
3023108,14.008469816128603
3023109,1546.1702460714812
3023110,0.8697910408891512
3023111,0.14058908045248902
3023112,4.388588409960734
3023113,2.8074861374139592
3023114,0.0
3023115,82.60056663301256
3023116,0.0
3023117,0.0
3023118,0.4829824923328409
3023119,8.353664492400132
3023120,0.1704976869135962
3023121,49.49165410781181
3023122,89.29252354190798
3023123,0.30635126842395516
3023124,1.0001788453473792
3023125,46.819142006606036
3023126,9.923445973271539
3023127,147.52277281794912
3023128,0.019173472257050628
3023129,0.7164037172233488
3023130,6.216468111411027
3023131,0.03597805580045578
3023132,0.6058039284678782
3023133,1869.918305107509
3023134,0.0
3023135,234.70333527790876
3023136,4.837409400419841
3023137,825.9407144489714
3023138,403.55646726856537
3023139,182.51270662867606
3023140,257.7688672854904
3023141,44.43284868283477
3023142,2798.152120951685
3023143,1.7060775180297227
3023144,0.44489853382357175
3023145,19.748413892760958
3023146,17.269344772241027
3023147,0.0737742966548923
3023148,180.9777223365399
3023149,0.0
3023150,0.05800946629338353
3023151,8.963537072229295
3023152,24.641394624173632
3023153,1.124830804317464
3023154,218.29472716288822
3023155,183.17266177697002
3023156,1.1542254893520494
3023157,4.38410626292001
3023158,156.16653773365718
3023159,32.59029151808944
3023160,993.9081023798434
3023161,0.11158978570403229
3023162,0.7985982656810231
3023163,3.0641783232050264
3023164,0.07694469701648107
3023165,1.9867632637364472
3023166,2715.622214052891
3023167,0.008354472630131464
3023168,604.5677869410922
3023169,7.077389955950611
3023170,866.2181155422626
3023171,603.7295997296966
3023172,230.763689835745
3023173,153.31896743366903
3023174,67.07402092745414
3023175,3674.7451506838124
3023176,3.4406509109868315
3023177,1.3040414865293695
3023178,19.86621321169936
3023179,30.345687252329586
3023180,0.39712916079765415
3023181,203.0550609838567
3023182,3.9691701763042824
3023183,3.653356757588033
3023184,4.973804616514578
3023185,21.636370582326332
3023186,2.0707781119138007
3023187,168.25093942343617
3023188,267.7528054888886
3023189,3.156413353351911
3023190,5.324650619797277
3023191,115.34494264191386
3023192,30.203353002085965
3023193,729.6000592287
3023194,1.9464262274063855
3023195,1.7916776212858867
3023196,3.69132008294197
3023197,0.0
3023198,0.8151673953744847
3023199,1377.6327790179703
3023200,0.0
3023201,95.62730861737548
3023202,1.5288379503134468
3023203,456.94528040172696
3023204,161.49910802566663
3023205,86.80905593085134
3023206,377.80693560637377
3023207,24.70402349585208
3023208,1715.3726253929597
3023209,1.7638744897287721
3023210,0.2345781020196851
3023211,8.332509689963748
3023212,5.3705431154296805
3023213,0.054622906825822104
3023214,89.73877422156403
3023215,0.0
3023216,0.0
3023217,0.279342949420273
3023218,8.768748932277722
3023219,0.464520694860367
3023220,141.96195151894418
3023221,82.3923348657056
3023222,0.48514835221887737
3023223,1.1949827934681312
3023224,44.117513940185994
3023225,14.527390528606933
3023226,291.2401047626714
3023227,0.15013505997772736
3023228,0.10189447725454423
3023229,4.0076827830162935
3023230,0.0
3023231,0.9968189944011137
3023232,2949.4841440545524
3023233,0.0
3023234,455.2278976184637
3023235,5.433716100730673
3023236,896.207680702234
3023237,594.642584422756
3023238,219.1173480765259
3023239,176.1945296432297
3023240,63.086900068571424
3023241,3627.069388326922
3023242,5.388795123478332
3023243,0.37776453543373395
3023244,21.036878454156465
3023245,12.982709911778711
3023246,0.13031626583062206
3023247,203.67109861574932
3023248,0.0
3023249,14.436023946846335
3023250,2.326326422195329
3023251,36.97500230103506
3023252,0.9467573286696349
3023253,189.98600081236327
3023254,232.4172485944558
3023255,2.498611374031103
3023256,4.7800896976921985
3023257,109.70107808782782
3023258,46.25134705388188
3023259,1136.980071441066
3023260,0.5700131623780236
3023261,0.4778450498793301
3023262,2.7856557405445703
3023263,0.0
3023264,4.723724977997981
3023265,2583.900407436908
3023266,0.030366017289865356
3023267,522.4271745157614
3023268,9.86010133443935
3023269,867.9820484323246
3023270,853.1414948755902
3023271,142.47137190968238
3023272,120.87762070881725
3023273,118.02934315117285
3023274,3305.7400190454196
3023275,42.5423925471245
3023276,1.1266929100025496
3023277,17.253740115169848
3023278,23.188657492968407
3023279,0.12809919648041157
3023280,205.75087511315033
3023281,22.0219310128245
3023282,21.37322836795513
3023283,5.2014633617761135
3023284,60.96003221655195
3023285,7.606316741136112
3023286,194.27429876384107
3023287,237.4642570798312
3023288,10.643910844534902
3023289,9.373329938569777
3023290,194.11026187119944
3023291,81.35867020366416
3023292,2434.89367814745
3023293,0.19731041579115358
3023294,13.550659139082663
3023295,3.68743232916313
3023296,0.0
3023297,5.380516607412084
3023298,2095.46448452297
3023299,0.04174694778539577
3023300,473.32455943267354
3023301,9.365942519960106
3023302,855.2500756841207
3023303,752.5413398178296
3023304,143.9674117541969
3023305,89.13810210219273
3023306,98.2201825116755
3023307,3197.3166958254124
3023308,19.30104598371675
3023309,0.8560562555904356
3023310,20.267380900987007
3023311,26.505250036754568
3023312,0.0
3023313,239.69763671757502
3023314,19.860211898822705
3023315,10.099707886588073
3023316,5.744313788277645
3023317,44.05035135767061
3023318,7.538175342483736
3023319,140.82553337915795
3023320,271.9370087998186
3023321,7.025052357754239
3023322,8.201914959532694
3023323,124.36712559059579
3023324,78.93061960742688
3023325,1559.1077288471333
3023326,0.21012512966322403
3023327,14.294840875472403
3023328,6.4229683457515145
3023329,0.18830963606602333
3023330,5.256551902024927
3023331,3366.888937781059
3023332,0.04423972401927025
3023333,735.8532766757032
3023334,7.310607777784323
3023335,1364.49571632399
3023336,668.4419152751748
3023337,223.99316879576037
3023338,857.0805425887381
3023339,57.45861438844284
3023340,4953.209227478556
3023341,27.931040280985265
3023342,1.285371508470948
3023343,19.599629296449034
3023344,21.052618336063336
3023345,0.23372748117628242
3023346,310.9999414850904
3023347,4.930187243037559
3023348,12.599236960133066
3023349,5.992001891079382
3023350,30.02559461956358
3023351,3.0444117307553933
3023352,146.3511940074447
3023353,303.21771916765346
3023354,6.345350900666609
3023355,8.48905952798484
3023356,168.0928193667709
3023357,65.67328093410215
3023358,1318.1848302778026
3023359,18.528686140018344
3023360,8.409778260163415
3023361,2.707456257114715
3023362,0.0
3023363,4.4439117155041075
3023364,2558.982695777452
3023365,0.02843537245129438
3023366,393.39762168155494
3023367,5.8334835452217355
3023368,797.5605724764457
3023369,774.1179781069291
3023370,201.4883265130938
3023371,127.06269859031937
3023372,77.66817525747405
3023373,3102.213849252611
3023374,15.761633186980315
3023375,0.8508962444562758
3023376,9.700807604326972
3023377,12.500638454018892
3023378,0.17800080281733166
3023379,202.07799126542903
3023380,19.795041036489685
3023381,10.674608977723464
3023382,1.4987384655290752
3023383,26.77238501091851
3023384,5.211316721867251
3023385,284.721230515481
3023386,209.84000058827806
3023387,7.426915664546355
3023388,7.749086701735326
3023389,349.7795014532431
3023390,58.836830448682456
3023391,1858.8788037246584
3023392,0.06587344673656435
3023393,24.18501418864357
3023394,3.4763929666707716
3023395,0.19529872806037496
3023396,2.2610401436981578
3023397,3669.357159194627
3023398,0.022204746784183556
3023399,429.322576601487
3023400,5.740690358736582
3023401,1499.447682078778
3023402,637.4057125918556
3023403,315.7752568272022
3023404,240.6383873648216
3023405,49.91380407652239
3023406,5320.640448947503
3023407,9.290039438467891
3023408,0.759961755649494
3023409,22.29121205755062
3023410,19.019172939264713
3023411,0.20289645565203154
3023412,342.4413631177387
3023413,0.0
3023414,0.3994655964687278
3023415,7.259035122113705
3023416,23.842422720998908
3023417,1.6765092814109415
3023418,116.92199317639516
3023419,312.5684448930879
3023420,2.2403324404449734
3023421,6.948443732456341
3023422,143.56984044406755
3023423,51.16685273114774
3023424,1066.2796259325778
3023425,0.14776898837397526
3023426,2.655822635193942
3023427,3.9695384548493404
3023428,0.0335828112582178
3023429,6.1342821033556225
3023430,2312.951112086785
3023431,0.09397591716626365
3023432,527.8662063131509
3023433,9.68114820557213
3023434,898.4481264595435
3023435,693.2234123827521
3023436,212.0223296967776
3023437,118.76400729592068
3023438,105.50684264320338
3023439,3370.715774902807
3023440,23.790273034277188
3023441,0.8623486344860176
3023442,17.165233090118353
3023443,29.271974838243086
3023444,0.22977998108233766
3023445,220.43148784071224
3023446,11.420525400625536
3023447,16.811199049817557
3023448,5.535364980376717
3023449,40.64365772177594
3023450,8.22607363410875
3023451,173.32442307131996
3023452,289.44335252783344
3023453,10.608596684958064
3023454,10.8162556342315
3023455,149.57327059675006
3023456,52.576644133028026
3023457,1525.0514778448014
3023458,0.37247145339028814
3023459,6.000064150111542
3023460,3.49312820572053
3023461,0.16270891485764621
3023462,4.547252795854244
3023463,2580.9363153782747
3023464,0.19511224430486848
3023465,629.716056267517
3023466,9.433626780537352
3023467,770.5309420890616
3023468,807.407478692463
3023469,180.369728536124
3023470,170.66310210154563
3023471,107.30595440817496
3023472,3543.964475913686
3023473,39.042098547691175
3023474,0.8085665809339144
3023475,14.509875342672164
3023476,19.354781814142264
3023477,0.205798291760787
3023478,179.6955554998533
3023479,16.582663332972654
3023480,43.29720043681466
3023481,7.668975240684782
3023482,55.30643879519983
3023483,9.390429671943856
3023484,228.13821518962163
3023485,215.54598458774825
3023486,10.929512658444008
3023487,11.505435214397249
3023488,338.79107068367006
3023489,96.07097919280609
3023490,2347.4455729671795
3023491,0.5505128643845123
3023492,11.517212738650185
3023493,4.138349093072419
3023494,0.03741800317037941
3023495,0.7950732159351244
3023496,4117.078099088675
3023497,0.030406207558153816
3023498,425.7626412365566
3023499,8.207256171931691
3023500,1091.0380595509744
3023501,490.7367750626976
3023502,292.63372548056196
3023503,231.99881847186825
3023504,38.69192808229744
3023505,4144.632892309978
3023506,4.060430455170619
3023507,0.4734974851006059
3023508,14.120951670028093
3023509,12.867253684922034
3023510,0.06775636390040135
3023511,218.04509786960665
3023512,0.0
3023513,3.0958614710102825
3023514,1.7210376853605514
3023515,35.174897642558825
3023516,1.7909540116906477
3023517,166.6084373109202
3023518,241.01425784493065
3023519,2.294432867613821
3023520,3.912436894138742
3023521,177.69866589391174
3023522,80.18683219744014
3023523,919.3343395594934
3023524,1.4856487546796253
3023525,0.43120967055792053
3023526,17.512742915627395
3023527,0.12260765289302461
3023528,13.741673588653812
3023529,9204.333802443556
3023530,0.2835552619892965
3023531,1529.3082450650966
3023532,25.774330268469207
3023533,2151.5933836814424
3023534,2391.7842332181235
3023535,519.1943269464456
3023536,625.6266979607149
3023537,397.7961376588743
3023538,8506.540188386922
3023539,72.32786155133846
3023540,3.2256593964284743
3023541,65.13209240975196
3023542,87.60990400130095
3023543,1.1009506575277204
3023544,511.5567685500275
3023545,33.86060413103684
3023546,16.35952417454463
3023547,26.426054278659098
3023548,174.75336793118205
3023549,19.90733801327328
3023550,841.2488795206294
3023551,472.05658720780195
3023552,30.903500570751035
3023553,37.029465888739054
3023554,1141.5774286957803
3023555,370.53302198075534
3023556,7803.721688648838
3023557,128.80487986025378
3023558,92.17599522877626
3023559,11.645370237666569
3023560,0.02891397164890701
3023561,11.689867522539316
3023562,8216.426365570725
3023563,0.22126739946364274
3023564,1318.2273931023058
3023565,26.351065346089975
3023566,2190.740121607994
3023567,2104.7474454301823
3023568,575.4531344893975
3023569,341.9645341316403
3023570,288.90380931689094
3023571,8971.35341257968
3023572,80.5119918156997
3023573,0.9959868031587458
3023574,41.323579916529866
3023575,70.65639905070627
3023576,0.7652946078127727
3023577,572.450610491211
3023578,22.3105969600279
3023579,23.151897871821312
3023580,7.006905731626494
3023581,105.18586643025321
3023582,13.82489307574523
3023583,957.4374100753541
3023584,597.1084550331836
3023585,24.847967524382874
3023586,27.505733293754197
3023587,1034.1209665848694
3023588,239.80813139118644
3023589,4918.765880246663
3023590,116.77862762074221
3023591,75.86265942100111
3023592,9.465019983195155
3023593,0.0
3023594,12.132830850704941
3023595,5422.948820357785
3023596,0.06151355360260195
3023597,823.4166201791719
3023598,17.379289197623883
3023599,1817.8042987240153
3023600,1369.5290172484242
3023601,662.5723544598111
3023602,154.42910073758316
3023603,187.08889766150838
3023604,7413.7687293080335
3023605,37.096139598574574
3023606,1.005962612619288
3023607,21.52304155263971
3023608,40.192182519715296
3023609,0.6413232410586402
3023610,474.59429251655285
3023611,33.75909231729471
3023612,15.894164108816955
3023613,8.840928168254953
3023614,59.23137467471284
3023615,7.193624337521612
3023616,872.4776788812776
3023617,594.9472250900501
3023618,21.895646029320208
3023619,24.601193416971007
3023620,754.4840918357179
3023621,129.93073979988256
3023622,2736.4076466822826
3023623,96.45654685890044
3023624,37.25657913484345
3023625,11.818821488639108
3023626,0.061215759950021965
3023627,13.411315776037206
3023628,7928.942874404785
3023629,0.24557087130854346
3023630,1262.8448743676936
3023631,21.605336038166005
3023632,2086.707480837312
3023633,2091.950836067174
3023634,597.0080215412428
3023635,337.3048016570664
3023636,247.84041075895203
3023637,8577.422090656979
3023638,55.03905611157897
3023639,1.5424324080424436
3023640,40.754036483448715
3023641,58.408155469172875
3023642,1.0289313708970353
3023643,556.6024517377721
3023644,25.68481938909865
3023645,19.905072429933643
3023646,8.271691043322358
3023647,85.27967139300732
3023648,11.275109192951062
3023649,802.4750753167601
3023650,623.8984620168592
3023651,23.676753202055245
3023652,26.102381987728222
3023653,995.4421296031054
3023654,213.861488052335
3023655,4573.149431282698
3023656,101.19055935362451
3023657,73.10389667183226
3023658,8.316045871509246
3023659,0.0
3023660,10.109013891184926
3023661,4213.294656975181
3023662,0.005580571324404559
3023663,660.0421195126008
3023664,13.928610272845631
3023665,1594.3012382945667
3023666,1052.7186860966567
3023667,511.24065247110696
3023668,109.23921598889207
3023669,121.20775033496578
3023670,6361.1732701297315
3023671,33.965979542388794
3023672,0.48183551905890676
3023673,23.648233159365553
3023674,23.8479905221554
3023675,0.306926572059208
3023676,413.532780686672
3023677,24.43685344726592
3023678,7.849314363652191
3023679,5.567180756756918
3023680,52.491126329229914
3023681,4.6418870176580365
3023682,699.9502999147879
3023683,511.29008136178857
3023684,15.63781087531942
3023685,18.519053238396722
3023686,568.9462628013706
3023687,83.14556079056966
3023688,1415.8960331680037
3023689,112.9395527281332
3023690,21.82650436714478
3023691,9.86608986253746
3023692,0.0603271977457681
3023693,9.789750027812763
3023694,7942.341441107686
3023695,0.24870192793521886
3023696,1341.8818627064225
3023697,27.2113226785796
3023698,1877.810559114747
3023699,2241.1112666307954
3023700,423.6915684718047
3023701,466.8510627701051
3023702,317.89292539753575
3023703,7370.702781476091
3023704,64.6341429104379
3023705,1.7784686297942298
3023706,40.08887450269059
3023707,46.13480312760999
3023708,0.862496480585188
3023709,435.0768602415553
3023710,16.756141003637186
3023711,20.66172007300913
3023712,14.013329844743325
3023713,126.70573091164296
3023714,15.196052905251499
3023715,736.952230946168
3023716,458.6948146404386
3023717,22.313876923338118
3023718,32.328518012825846
3023719,888.4458313747214
3023720,264.7072894868255
3023721,6862.2257526947415
3023722,86.58903831363604
3023723,77.9600691914356
3023724,3.9275742279515855
3023725,0.0967990866978408
3023726,5.710453496680289
3023727,1892.7263840748763
3023728,0.14351068395621983
3023729,328.85668052227436
3023730,15.25394896740406
3023731,768.8759249328042
3023732,524.7191521058526
3023733,204.76952095682333
3023734,90.98824725596145
3023735,84.71790302020952
3023736,2571.1718450126973
3023737,15.49486736055415
3023738,0.6646467196141093
3023739,20.01671710526931
3023740,23.678388902055378
3023741,0.2210348537904763
3023742,189.46983204056815
3023743,11.851311336496034
3023744,3.8841825976598825
3023745,9.02439792492404
3023746,35.47194392967513
3023747,6.678466755593697
3023748,225.79706893834137
3023749,222.86817218020371
3023750,3.7518977265194806
3023751,8.117496325270244
3023752,205.23759747541953
3023753,65.47992274445669
3023754,1187.0333469484788
3023755,0.2157556470020743
3023756,10.664921430572472
3023757,8.267292416632474
3023758,0.0
3023759,8.366622048338144
3023760,4064.9572681801187
3023761,0.12407757935281777
3023762,578.5971545180017
3023763,22.175051468301593
3023764,1311.837889531306
3023765,941.6103455648592
3023766,415.969894317073
3023767,97.04072884935196
3023768,116.05834270549775
3023769,5710.32325876181
3023770,41.690295627892176
3023771,0.80635494869569
3023772,30.94450152546444
3023773,29.64298697073217
3023774,0.26276440251932104
3023775,342.09120361097985
3023776,23.453352403060975
3023777,5.0544524508286175
3023778,3.362903390530776
3023779,64.91055066131693
3023780,7.8396916463827075
3023781,493.33596342227366
3023782,422.1669825596992
3023783,10.32680970112404
3023784,19.06791744062709
3023785,339.80827511011734
3023786,80.08060556422278
3023787,1892.4696463432967
3023788,95.55188553880078
3023789,16.11567423031498
3023790,5.29456824158553
3023791,0.0
3023792,4.282126648775668
3023793,4898.460987955399
3023794,0.03935566833529203
3023795,851.2982913788859
3023796,11.451359810592775
3023797,1243.1653623625978
3023798,1351.7681305859294
3023799,244.75051104509748
3023800,299.3792382835029
3023801,198.6883578457252
3023802,4604.868419762486
3023803,28.698918038889076
3023804,1.0815361350027795
3023805,21.585352832663254
3023806,31.189974767062743
3023807,0.4918334429950641
3023808,176.4436392342071
3023809,2.2623296182665094
3023810,30.126523186587914
3023811,4.197498579521228
3023812,84.2252560956411
3023813,7.900012011507824
3023814,571.2449221366694
3023815,272.4002723045734
3023816,19.828699713589025
3023817,13.233328035300246
3023818,629.4202894095115
3023819,127.73913608710095
3023820,3628.1987310576624
3023821,1.8914411772779158
3023822,41.241697053846906
3023823,4.814638067886745
3023824,0.46791163797667396
3023825,6.948241170298637
3023826,3891.1831110723247
3023827,0.42778521804065545
3023828,1166.5355881303408
3023829,5.3439988038776205
3023830,1437.5636365943708
3023831,906.759929185641
3023832,411.6346505946908
3023833,34.71744301179421
3023834,22.171026637642903
3023835,4920.596560660843
3023836,26.204846889477817
3023837,1.5923325842773308
3023838,20.80676506746122
3023839,23.700453850417382
3023840,0.9815853310025642
3023841,277.46157217259355
3023842,4.348122933861874
3023843,38.89074054962375
3023844,3.870402703416551
3023845,135.82496546539224
3023846,5.2889127919358545
3023847,80.33967120097351
3023848,414.585960982184
3023849,9.939415938490162
3023850,14.728440269444866
3023851,144.2534306137957
3023852,54.120986493905036
3023853,4034.1957433931343
3023854,3.0225426879682313
3023855,9.543472572135933
3023856,7.174521273172902
3023857,0.15460529435407355
3023858,4.952869342857402
3023859,2392.6322164739654
3023860,0.13276398131135075
3023861,499.46062967891527
3023862,7.3791486460935545
3023863,880.9825138130934
3023864,553.347934322008
3023865,234.1290569613957
3023866,164.37554973280584
3023867,153.3679769881075
3023868,2792.5449157383355
3023869,13.41701533806696
3023870,1.0567613344962523
3023871,14.173241008374356
3023872,21.983110224114572
3023873,0.30517151764231243
3023874,197.18065499144794
3023875,3.3791619628450196
3023876,7.388184689273892
3023877,4.310885266156017
3023878,44.276415547815574
3023879,3.4854918450157246
3023880,282.26657381572323
3023881,241.12804657213698
3023882,6.180350556657371
3023883,7.611891332211247
3023884,223.89374273683796
3023885,85.17014405687331
3023886,1516.682103685997
3023887,0.8028714510447628
3023888,4.0010167136571555
3023889,4.765109602587614
3023890,0.09928165590836845
3023891,0.3984036655485038
3023892,1823.9714107938225
3023893,0.0
3023894,200.19040750632732
3023895,2.791357438587876
3023896,1012.6904963272694
3023897,214.57747781047817
3023898,211.1424697197193
3023899,96.50510683316463
3023900,20.4002882940165
3023901,2955.1131792365018
3023902,4.845578558647517
3023903,0.4144160216934385
3023904,11.817112137392737
3023905,9.081293618865397
3023906,0.07635954827181968
3023907,198.35085183932955
3023908,0.0
3023909,0.0
3023910,2.141213329221225
3023911,10.463825880378383
3023912,0.6508248438825996
3023913,56.26745581829534
3023914,177.68889483326745
3023915,0.3598913716319091
3023916,2.989291229359539
3023917,46.378027135820844
3023918,53.586235206130475
3023919,488.84219047975984
3023920,0.17907978668174596
3023921,1.0291969463850674
3023922,3.5773524627495377
3023923,0.0
3023924,6.741204919066189
3023925,3608.7810424942877
3023926,0.0
3023927,555.9444679613158
3023928,9.453091519030886
3023929,1092.1862456255046
3023930,944.7505607311227
3023931,322.6785654237188
3023932,161.63892533042485
3023933,127.04438156247949
3023934,4438.1248464404
3023935,30.34463210074391
3023936,0.6221421709376542
3023937,18.38301004671687
3023938,38.21760890781835
3023939,0.09845187248912649
3023940,281.4275843416512
3023941,25.221425915950334
3023942,9.194668383259469
3023943,12.271305255467194
3023944,43.130864098037236
3023945,6.287445827225619
3023946,398.3179323086117
3023947,301.5630256511751
3023948,9.86708007051886
3023949,11.268241596018711
3023950,486.36706924442535
3023951,92.74390015776058
3023952,2011.3189661266633
3023953,0.09644076664119526
3023954,31.74554320857611
3023955,3.9840214445387616
3023956,0.019261649365505316
3023957,4.122275157623034
3023958,4948.699778772662
3023959,0.13449198936444332
3023960,792.6416726438066
3023961,15.058798506066488
3023962,1126.0319357161961
3023963,1386.3000868355957
3023964,203.98216983804653
3023965,314.17714880019895
3023966,200.790249542455
3023967,4426.151611653279
3023968,38.936259173028105
3023969,1.8936005404873577
3023970,18.911899465447142
3023971,28.78145687642721
3023972,0.5766579569131913
3023973,247.0278213976493
3023974,13.79293086552229
3023975,31.825148037607278
3023976,6.020188070975353
3023977,90.81006871497497
3023978,11.390496105864194
3023979,511.9139018547786
3023980,256.7742094417357
3023981,9.562484622839442
3023982,14.162974022902489
3023983,651.8880370864646
3023984,156.7017822042084
3023985,4578.273538982995
3023986,0.3370348002475588
3023987,48.6955021490871
3023988,4.133416577686283
3023989,0.0835924984718477
3023990,8.04890553865756
3023991,4633.06059722525
3023992,0.11192305768897205
3023993,829.6954076957766
3023994,19.71342458871548
3023995,1144.2399807876882
3023996,1340.2909497799242
3023997,268.97659416520236
3023998,277.57796221327675
3023999,160.7872602176252
3024000,4610.412252561795
3024001,35.607465620024726
3024002,2.1003316405451526
3024003,29.81198882323082
3024004,40.09167237483736
3024005,0.6866167837695485
3024006,311.031877687334
3024007,36.14985625592581
3024008,25.95032113024097
3024009,22.453873656363566
3024010,84.07003202854202
3024011,13.944622304955146
3024012,381.6801321798923
3024013,303.2092814102248
3024014,17.6715848981255
3024015,19.458736725413697
3024016,499.69115954258547
3024017,149.0567576834388
3024018,3787.816428806428
3024019,0.5013835033934126
3024020,42.21100569562207
3024021,9.28317592493796
3024022,0.1344208537791122
3024023,6.806456541131997
3024024,3516.524700669001
3024025,0.0
3024026,507.5449341332649
3024027,9.659768100187572
3024028,1418.576663176871
3024029,786.2858827529463
3024030,566.6953671934217
3024031,235.85173337295006
3024032,65.64362227957108
3024033,5976.66942576273
3024034,6.562036286223053
3024035,1.0738281445430449
3024036,28.056762957281382
3024037,22.347890302367958
3024038,0.09696235679220407
3024039,396.0040896229593
3024040,11.518622286808695
3024041,3.650605897139859
3024042,6.24265769855439
3024043,25.344687487428633
3024044,3.1192298569708052
3024045,338.18503465728327
3024046,367.0312521108164
3024047,5.6768790663374284
3024048,9.926016846073825
3024049,407.58576922610115
3024050,80.75187197507438
3024051,1126.8881942523158
3024052,47.678307604712515
3024053,12.094505132961242
3024054,3.0343980513318902
3024055,0.028293300673576032
3024056,4.320796818881611
3024057,2269.4555888334953
3024058,0.11061364192624377
3024059,380.5199790747529
3024060,12.309221653137994
3024061,667.6986155963984
3024062,741.0088098113736
3024063,139.78039384699278
3024064,140.39024527975016
3024065,109.22627822013209
3024066,2571.280403690504
3024067,21.64421798115854
3024068,1.5147266414276332
3024069,13.815918937997626
3024070,25.14623035760351
3024071,0.29056248870774554
3024072,166.41894539550876
3024073,15.512760603653323
3024074,13.911554814695405
3024075,5.045613193190989
3024076,65.93967111305432
3024077,6.223439323514388
3024078,264.8905816680956
3024079,152.2101860727179
3024080,7.385240437031946
3024081,12.471562951705977
3024082,281.1886001461327
3024083,82.06687164715665
3024084,1891.3037567918548
3024085,0.12088527492342718
3024086,21.18638809605219
3024087,1.621848137089426
3024088,0.03707550471102064
3024089,0.52451962584116
3024090,1040.720757315458
3024091,0.0
3024092,95.2094320947773
3024093,2.2315269973382468
3024094,618.9439805788946
3024095,230.35897165125834
3024096,208.48078845669866
3024097,32.50093302699197
3024098,21.65679289860145
3024099,2151.935136335332
3024100,1.8341493494420376
3024101,0.13763375762448687
3024102,5.18430195593651
3024103,4.691131576381883
3024104,0.0
3024105,141.82335567641528
3024106,2.7158884334719766
3024107,0.0
3024108,0.7680589992667757
3024109,5.476869164467214
3024110,0.2186900272304918
3024111,134.97457408684298
3024112,143.5099643366434
3024113,0.6085476729679684
3024114,2.3093026233005145
3024115,116.12164173005642
3024116,15.992086163854442
3024117,279.777079309038
3024118,6.22225056465586
3024119,1.5124438548089576
3024120,5.399923589277887
3024121,0.20645797103002875
3024122,5.150746313560906
3024123,4049.8648086181483
3024124,0.031801359375224006
3024125,528.3491302119861
3024126,10.90725568657592
3024127,1566.4462200472963
3024128,563.69067358368
3024129,425.6757373765013
3024130,111.56506472125346
3024131,58.826726984710405
3024132,6115.812215320689
3024133,14.087496804788822
3024134,0.5742650845314339
3024135,22.86570735644447
3024136,15.718507577265626
3024137,0.20877144842983447
3024138,374.23320051475895
3024139,9.870144003649596
3024140,1.3190606830493983
3024141,6.318576951979064
3024142,22.772820506533645
3024143,2.2039274124937935
3024144,555.4648880479773
3024145,339.8956755773835
3024146,2.2509849405040114
3024147,10.298186080448557
3024148,372.72759144257867
3024149,56.12738969635334
3024150,2048.8761754827365
3024151,29.515250020864762
3024152,5.851662546408162
3024153,4.469143406883228
3024154,0.13321468225950328
3024155,0.8461252479354158
3024156,1593.1230225936933
3024157,0.0
3024158,171.8322024149433
3024159,7.808759772526837
3024160,740.1708458503696
3024161,373.4648515586282
3024162,215.11135225587321
3024163,65.57008532507716
3024164,37.12197414289786
3024165,2713.4603279019225
3024166,4.573934929712755
3024167,0.7001911756172494
3024168,10.108197402089043
3024169,15.440498476498124
3024170,0.13041395949948473
3024171,162.77749723768565
3024172,1.4761873498221867
3024173,0.09400308463927319
3024174,6.972863181787367
3024175,18.430433178930553
3024176,1.2944326776374644
3024177,150.50421589282215
3024178,152.20138155269794
3024179,1.0313888914895535
3024180,4.763602391782914
3024181,159.48740899063847
3024182,36.894059853900046
3024183,456.83977228553067
3024184,9.253366220984619
3024185,2.662364942479391
3024186,3.381471630041662
3024187,0.0
3024188,0.6171070579444264
3024189,1272.9958609106202
3024190,0.0
3024191,113.70102898340677
3024192,3.751129763454286
3024193,635.5827183952211
3024194,228.29755392470054
3024195,135.96725034671715
3024196,34.53478596888527
3024197,22.71151778586973
3024198,2321.086159078153
3024199,4.611499570385303
3024200,0.15175939805668867
3024201,7.128050864112218
3024202,7.486727019612351
3024203,0.0
3024204,131.97473770045255
3024205,2.616342198394704
3024206,0.0
3024207,1.335715646653647
3024208,15.824487785563974
3024209,0.4779915195258374
3024210,131.21584813784014
3024211,144.1695112629487
3024212,0.5000539847314243
3024213,2.8724209216271697
3024214,81.86009848873243
3024215,21.307843515282038
3024216,215.45642529585436
3024217,6.15896015057049
3024218,1.201937729601772
3024219,2.345251734444167
3024220,0.03605616423517763
3024221,1.5044290284619266
3024222,1136.4890053864676
3024223,0.0
3024224,151.33294864618298
3024225,4.847150259179896
3024226,885.905902167285
3024227,331.73952730268127
3024228,218.01137460280333
3024229,29.851488458688298
3024230,24.100427120216743
3024231,2446.2109371848132
3024232,3.0526485153989285
3024233,0.057439516080652495
3024234,7.94526804871243
3024235,11.744725980061013
3024236,0.0
3024237,187.09179909979744
3024238,0.3804507961592117
3024239,0.0
3024240,1.9829422462260058
3024241,9.177813369889199
3024242,0.9766838175263954
3024243,188.5466667998282
3024244,235.0229182338184
3024245,0.6197730616160557
3024246,4.235856128221764
3024247,53.39803835109722
3024248,42.31179081508605
3024249,414.02407182565935
3024250,0.14486235898173438
3024251,2.204360531314246
3024252,2.43012480184155
3024253,0.48240456977331614
3024254,1.2802041885675015
3024255,1648.9447004847136
3024256,0.013803478586343697
3024257,153.88236893220906
3024258,4.104430362472093
3024259,829.4880162788597
3024260,330.8581683913015
3024261,284.3484131659933
3024262,74.77738958002806
3024263,45.83740689594852
3024264,2929.5117076171496
3024265,6.487855772822442
3024266,0.5938789976146335
3024267,17.508409746595706
3024268,18.18076662510956
3024269,0.06521306242040315
3024270,214.6300478898816
3024271,8.852232028414418
3024272,0.08918671323239348
3024273,3.559769289318175
3024274,14.77095005584194
3024275,1.096105338515743
3024276,130.44591081897616
3024277,193.4099755474544
3024278,0.7009672669363616
3024279,4.669704758840376
3024280,129.4525719481803
3024281,36.61689727030438
3024282,927.4271037742584
3024283,4.378351896254091
3024284,4.719564116672531
3024285,2.8460720583522012
3024286,0.0
3024287,0.19924145624775905
3024288,1090.5123697494112
3024289,0.0
3024290,120.64139168236353
3024291,3.113657879204987
3024292,602.690788056387
3024293,196.19297182576713
3024294,141.39044213648643
3024295,117.29146577467945
3024296,21.118786618312544
3024297,1799.166553479834
3024298,2.7848504203176927
3024299,0.12095164768273656
3024300,8.539759908430774
3024301,7.013981923489938
3024302,0.0
3024303,144.97379312729143
3024304,0.0
3024305,0.0
3024306,1.1492357916253635
3024307,12.848566391812088
3024308,0.568028602501583
3024309,54.387149662578786
3024310,121.73047402168945
3024311,0.49447248844439684
3024312,2.059641041173406
3024313,63.105284718097025
3024314,25.792554840398388
3024315,733.8632646701154
3024316,0.0
3024317,0.8674521515335383
3024318,5.997238265775742
3024319,0.16155620895051342
3024320,2.8862559111205046
3024321,3461.7885525421116
3024322,0.0
3024323,300.79585263217973
3024324,5.7758875987993115
3024325,1063.886556542884
3024326,689.9654032242009
3024327,485.6612136192822
3024328,194.89422861450734
3024329,77.97493183670527
3024330,4547.692234233895
3024331,7.5303728559631296
3024332,0.6288666086318988
3024333,21.23925601379749
3024334,23.986245761884735
3024335,0.2104687355335269
3024336,283.85919006188874
3024337,1.023904183349687
3024338,0.14232886041120899
3024339,6.797807084667258
3024340,18.60530949472248
3024341,1.7084164889478899
3024342,282.68913954231914
3024343,240.8585859305122
3024344,1.73704418552602
3024345,7.605188599803142
3024346,312.9930459057827
3024347,64.31299031764298
3024348,1986.455151869205
3024349,14.049190563849859
3024350,10.049992087830294
3024351,0.03954778565344477
3024352,0.060646167128181716
3024353,1.993679382803383
3024354,439.03314479676936
3024355,0.0
3024356,96.19572136603949
3024357,1.84500500809177
3024358,156.3598459534189
3024359,141.85514102335793
3024360,48.69055558233729
3024361,29.693472361406823
3024362,2.1116077928903207
3024363,822.29903158395
3024364,1.5676090554992
3024365,0.4596308810484013
3024366,2.4412296844517867
3024367,5.681023751395674
3024368,0.0
3024369,54.728010849520786
3024370,3.0051763586070983
3024371,3.9286890936555015
3024372,1.4331983757427689
3024373,15.407624136828677
3024374,1.2440181653594435
3024375,3.087950762698253
3024376,37.60689289994439
3024377,1.709686748342675
3024378,2.341589311388488
3024379,42.608721944472975
3024380,3.258461347957317
3024381,620.647736262937
3024382,26.339404570271036
3024383,0.876591143285679
3024384,5.018019972015579
3024385,0.029011988579351045
3024386,1.9482149256063366
3024387,2155.5004906208987
3024388,0.0
3024389,151.25643371593452
3024390,5.326582799323883
3024391,756.4336299704122
3024392,295.0287354521477
3024393,249.24415866105352
3024394,52.64936290937294
3024395,39.109815780655765
3024396,2930.6722607391052
3024397,7.539528015330774
3024398,0.7424415544633218
3024399,13.653582813642661
3024400,10.593561126146298
3024401,0.0680202541281137
3024402,158.31055144717237
3024403,6.444635760197332
3024404,0.044838870894441316
3024405,2.9896903456113613
3024406,14.161101131219096
3024407,1.32977761952829
3024408,132.09341096261963
3024409,158.92274756875267
3024410,0.9800373807289999
3024411,4.5692284133726275
3024412,96.49404321691624
3024413,31.597258058689953
3024414,521.8422967695724
3024415,10.179512145503066
3024416,3.150933884624184
3024417,3.930184403643292
3024418,0.00837491981893913
3024419,3.877115737564086
3024420,2858.454361275534
3024421,0.0826167387501733
3024422,533.6721832460694
3024423,11.404526438944439
3024424,831.6100113886342
3024425,831.0110296410473
3024426,223.98985929130825
3024427,156.88327032015815
3024428,98.39432971979107
3024429,3687.8471586261585
3024430,27.054053263027573
3024431,0.8909962323619101
3024432,14.08932153345672
3024433,21.180268550085625
3024434,0.24198867258555268
3024435,224.69952772487213
3024436,23.30939598014134
3024437,9.193212010773168
3024438,4.389818522809604
3024439,39.923085970408245
3024440,5.766581480973841
3024441,345.3315301329634
3024442,236.57073530972207
3024443,9.070535408442174
3024444,8.415885224669235
3024445,405.7880659063199
3024446,91.69309696640836
3024447,1933.1058989827184
3024448,0.2886729621016852
3024449,24.863438718426334
3024450,4.907442805056475
3024451,0.27400050073401466
3024452,2.1621177988614737
3024453,2570.9064930686673
3024454,0.037731448196771974
3024455,344.94545608324694
3024456,5.039413021355676
3024457,1069.904272402134
3024458,591.4299869771504
3024459,453.123823921787
3024460,90.08794207534085
3024461,99.2148313748389
3024462,3690.153659959819
3024463,8.49347589900024
3024464,0.38824716549621796
3024465,15.443487577895791
3024466,13.023423149829464
3024467,0.07803537929598671
3024468,257.38319134478866
3024469,3.975323019310119
3024470,8.922678755774957
3024471,2.7359054463837693
3024472,18.742661227856797
3024473,1.015952865269619
3024474,232.9681273521674
3024475,298.1512697221269
3024476,3.3134180893597183
3024477,4.656014310639386
3024478,244.38657926176955
3024479,85.03181069172875
3024480,1244.0808943489194
3024481,31.296788727532793
3024482,5.346931962860877
3024483,8.099617308317184
3024484,0.38097871007045764
3024485,3.717209146260262
3024486,2691.1102542803947
3024487,0.10622189482127264
3024488,477.91635259684205
3024489,5.325034981040525
3024490,1183.1849047227674
3024491,557.3215366179815
3024492,318.2959804666796
3024493,234.99821798168662
3024494,74.79906635774104
3024495,3953.77447139105
3024496,12.665993823634558
3024497,0.7488151285117046
3024498,22.945316109172317
3024499,25.22095423427494
3024500,0.1909042836885876
3024501,267.3454858311832
3024502,2.9942721911173398
3024503,6.102259555448169
3024504,7.915374728112901
3024505,35.672157400653624
3024506,2.1473884826330503
3024507,143.7877310179028
3024508,273.59782010933674
3024509,2.9788389495720273
3024510,8.074473443039789
3024511,187.786486523028
3024512,143.1456834831404
3024513,1964.2099361540736
3024514,0.8701510665874621
3024515,4.903067066874913
3024516,3.505879065310597
3024517,0.17505328380398058
3024518,2.063832680845168
3024519,1286.8587119189033
3024520,0.02110717791831931
3024521,159.60645556502354
3024522,6.154763044043871
3024523,559.7544737948564
3024524,265.3334693148897
3024525,151.15892252316394
3024526,67.81767845432178
3024527,39.61300658844314
3024528,2177.710041677674
3024529,4.790308246497451
3024530,0.5002610426673015
3024531,22.47082394095215
3024532,17.02818722857344
3024533,0.14962514281340453
3024534,135.53915306508188
3024535,0.76139752105745
3024536,0.33002216524379024
3024537,4.163991835157495
3024538,18.974929870114526
3024539,2.4951807053374235
3024540,66.20675313394787
3024541,126.19429233780143
3024542,0.8952700584720374
3024543,5.0379241576681935
3024544,83.72433672926569
3024545,34.13735690641266
3024546,675.0206224829142
3024547,23.408783993575636
3024548,1.9915534256201246
3024549,1.698893862794153
3024550,0.0
3024551,1.8546046020968752
3024552,1554.9831884918842
3024553,0.057590853126782804
3024554,253.34681361599587
3024555,9.761129709600606
3024556,515.1024243503041
3024557,453.31555519269455
3024558,127.10491853744944
3024559,46.529982169018176
3024560,54.05584132692805
3024561,2062.151355592032
3024562,28.001628357293793
3024563,0.08722539742199349
3024564,6.903040513909876
3024565,13.301167217176934
3024566,0.12660469499002194
3024567,135.87362967571713
3024568,10.506098001450653
3024569,1.1881962688645231
3024570,6.025274467063691
3024571,27.889017740119456
3024572,3.468234918708025
3024573,511.71826910603886
3024574,134.79759394847446
3024575,3.133580367463744
3024576,4.2873385972405424
3024577,263.3972319311576
3024578,34.654547969493414
3024579,1148.158557833425
3024580,0.021367602320599022
3024581,10.8550783892827
3024582,2.9484310186361786
3024583,0.008298337347790946
3024584,5.296371011508489
3024585,3631.277412549063
3024586,0.060345738534714595
3024587,832.9015376110583
3024588,14.489978204691928
3024589,1072.3009907885942
3024590,1248.9579264330912
3024591,271.747903380385
3024592,201.96332992629192
3024593,133.3480640073953
3024594,3836.776335117417
3024595,24.777195572998075
3024596,1.0102970539190639
3024597,16.436328198330724
3024598,39.136915606002724
3024599,0.17809855968880445
3024600,257.1351919102228
3024601,12.148442193929345
3024602,31.1408900143987
3024603,8.676610384817824
3024604,68.81286315618789
3024605,10.761361870734216
3024606,297.3939167380037
3024607,282.17497819297074
3024608,19.346322524630267
3024609,13.03480679523609
3024610,410.9285541101198
3024611,104.82436193334786
3024612,3199.7761762269292
3024613,0.37686858059623496
3024614,24.39281247347877
3024615,0.18413020412890163
3024616,0.0
3024617,0.6156388824824788
3024618,1311.6699558436087
3024619,0.0
3024620,263.50630982858706
3024621,2.6805327788103233
3024622,295.5290664817107
3024623,320.35311919036224
3024624,88.23544042055138
3024625,5.198994419051189
3024626,54.16183904414403
3024627,1183.942412531708
3024628,3.8907629574448404
3024629,0.04263229284483726
3024630,3.360623248716
3024631,11.93130857562351
3024632,0.0
3024633,73.1761785589993
3024634,0.0
3024635,9.828351271229343
3024636,1.1327110950106158
3024637,49.57022064780403
3024638,2.5022701191194794
3024639,7.84976903897644
3024640,94.47364463662518
3024641,2.53847799432728
3024642,2.239969947043732
3024643,9.389487915467136
3024644,5.067299685839168
3024645,61.324452054731466
3024646,0.0
3024647,2.2527915006640447
3024648,2.278718338030739
3024649,0.0
3024650,0.38160467656684716
3024651,899.7093041773326
3024652,0.0
3024653,163.24930816537108
3024654,3.993651926780342
3024655,297.63302106867576
3024656,199.53703601815346
3024657,59.67222741718022
3024658,32.568768471245214
3024659,23.88346181841584
3024660,1249.8079088782524
3024661,2.7444340800317564
3024662,0.27227929132414974
3024663,7.7643802527368635
3024664,4.783715757021167
3024665,0.06810175440988434
3024666,69.73862892182036
3024667,0.433586568231499
3024668,3.203381993692532
3024669,1.0543228790189971
3024670,9.700016399527032
3024671,0.3134712897818853
3024672,187.08917002351976
3024673,99.89244651403308
3024674,1.7884577592685842
3024675,1.5870725384416535
3024676,100.03020621552977
3024677,12.540004916480353
3024678,402.4280806382884
3024679,0.25689051889384684
3024680,1.5869185075858976
3024681,4.3965836412082675
3024682,0.0149189150925587
3024683,5.00859805934942
3024684,2979.8407441715517
3024685,0.013696655401673061
3024686,625.7450687667852
3024687,10.319537378891598
3024688,823.235603726261
3024689,848.4115995992786
3024690,245.5138934233933
3024691,210.8489627421069
3024692,88.54931262886288
3024693,3431.9789594570307
3024694,18.25396422376224
3024695,1.3203467400778006
3024696,12.417091170474455
3024697,23.788738676712914
3024698,0.29092364964877115
3024699,184.83049601890102
3024700,5.333547636541615
3024701,21.27557564202876
3024702,4.408807053899167
3024703,54.23212504544614
3024704,3.329386746051348
3024705,247.1659150370565
3024706,201.6456150471393
3024707,10.307718480792591
3024708,9.088620934516669
3024709,321.29393127758163
3024710,73.74544040134991
3024711,2077.8999753379685
3024712,0.480983196534209
3024713,15.001847621018523
3024714,6.192074382031972
3024715,0.046000449956075544
3024716,2.439660745110486
3024717,3059.5195195722185
3024718,0.0
3024719,515.0789556725708
3024720,8.142153461746828
3024721,1030.057098241742
3024722,695.0816886327437
3024723,343.5108834646694
3024724,226.23068656193814
3024725,55.424832427275824
3024726,4030.903125708596
3024727,6.181602463918856
3024728,0.7369284517751553
3024729,20.25829341221781
3024730,16.50395763268382
3024731,0.3379210695777067
3024732,247.99265121446072
3024733,0.0
3024734,5.687787929784855
3024735,4.435401465676744
3024736,30.423190683665677
3024737,0.7883127893496009
3024738,203.14582098167693
3024739,265.2526584124489
3024740,4.796039114943316
3024741,5.187016002574031
3024742,192.52836818424288
3024743,57.563814530962574
3024744,2533.2303777287316
3024745,1.2238971938352905
3024746,3.010991520390638
3024747,5.008134436503182
3024748,0.30859482813502137
3024749,1.554495813249328
3024750,2614.8524157506604
3024751,0.08775759605692117
3024752,478.2248994329912
3024753,7.492394582051531
3024754,966.6211466684535
3024755,593.954977723578
3024756,263.59694927583985
3024757,192.9935501644156
3024758,66.32032451183119
3024759,3281.078128423906
3024760,8.654812050598375
3024761,0.6655523245325492
3024762,18.64711801047708
3024763,19.066099247702073
3024764,0.21439122786545722
3024765,228.26475394579265
3024766,0.0
3024767,6.336412052152613
3024768,3.294827768964499
3024769,38.94881255311153
3024770,1.1707610493811527
3024771,171.03752900522255
3024772,243.42384322949513
3024773,4.926402625842483
3024774,5.27573001945483
3024775,198.43637630883006
3024776,89.39496391507343
3024777,2374.94222390415
3024778,1.099463948632768
3024779,3.1047110853604103
3024780,7.3654584157980665
3024781,0.3563971060721739
3024782,9.939807899773431
3024783,7763.118158680071
3024784,0.2809799313178683
3024785,1217.0896219865137
3024786,34.178193122715236
3024787,1770.74147091185
3024788,2107.3988213120847
3024789,339.75458525014216
3024790,502.8979460343913
3024791,272.98311951321887
3024792,7254.9066949787075
3024793,76.58179869072504
3024794,2.798639920920659
3024795,42.591029543005064
3024796,51.822292465138965
3024797,1.079742377652832
3024798,453.5007784907525
3024799,43.573236258742874
3024800,38.83634964231416
3024801,28.5971572004628
3024802,127.52503820702967
3024803,18.243963980136034
3024804,693.9308840677248
3024805,430.11959384978746
3024806,20.466483549001858
3024807,26.787721328510074
3024808,1085.5908035455168
3024809,318.04434600432046
3024810,5811.458350126999
3024811,1.159667042882874
3024812,80.67797629904841
3024813,2.566287066476463
3024814,0.009455447377840537
3024815,0.3861376697689107
3024816,1317.3168553645676
3024817,0.0
3024818,137.1721000852798
3024819,2.6549110794591955
3024820,479.8402830532943
3024821,230.07706857545674
3024822,103.91921599769168
3024823,136.71535467987422
3024824,37.89371560653767
3024825,1785.8699394369123
3024826,2.5061446260996765
3024827,0.5788886310719801
3024828,11.10059170596612
3024829,5.911526965736611
3024830,0.10620858349131494
3024831,111.23297992498713
3024832,0.3278434818592047
3024833,0.2579087331966488
3024834,2.371396362532364
3024835,20.26105401173768
3024836,0.47430015575253737
3024837,55.408313433703476
3024838,90.86126690918972
3024839,1.4090850479374466
3024840,3.0490113002671224
3024841,85.66373879786656
3024842,18.634385977683426
3024843,1034.652869721021
3024844,0.10314653230520854
3024845,2.3366174343779442
3024846,6.422031426641967
3024847,0.24263775495530168
3024848,1.55838557867275
3024849,2379.691976894583
3024850,0.023135266895772322
3024851,402.43210277524486
3024852,6.73095751324637
3024853,1083.1123370773537
3024854,580.7463903395821
3024855,229.9015936743259
3024856,234.88836738875804
3024857,55.202873418567336
3024858,3841.3119361601675
3024859,8.231340460302155
3024860,0.42483321182007333
3024861,13.367860915265473
3024862,17.05694047194059
3024863,0.23174600155630798
3024864,236.511074018682
3024865,1.084028983504083
3024866,1.4025694773393407
3024867,10.022781818399574
3024868,13.330578532910957
3024869,0.8647342130356581
3024870,285.6488324805057
3024871,242.03634478528585
3024872,3.1723229468026046
3024873,6.639064803069009
3024874,121.65145588052813
3024875,61.003757326958464
3024876,2431.45912812334
3024877,0.766008108197217
3024878,3.520945184798282
3024879,1.2692520743104145
3024880,0.0
3024881,0.08222677301572126
3024882,725.9871128823426
3024883,0.0
3024884,86.20230584393923
3024885,1.7179126581811524
3024886,382.14943793375585
3024887,134.21846700744848
3024888,75.9251143117998
3024889,133.44273051054634
3024890,14.948475391506353
3024891,1452.857718090344
3024892,0.8811367114161313
3024893,0.13785293741158788
3024894,4.413921392901829
3024895,2.742038006208577
3024896,0.0
3024897,78.17245905710787
3024898,0.0
3024899,0.0
3024900,0.5022482760767459
3024901,9.719225387578152
3024902,0.10975610678511251
3024903,50.41707502841284
3024904,78.67758441514037
3024905,0.29344142063963197
3024906,0.9411727116709141
3024907,48.04440171426277
3024908,9.57870559604271
3024909,295.273100860505
3024910,0.002850617794378067
3024911,0.7574872591328623
3024912,6.0537465034677265
3024913,0.04231577605177937
3024914,0.5551261434307619
3024915,1701.9130144786604
3024916,0.0
3024917,214.97589018146672
3024918,5.365924727751989
3024919,788.3253308415331
3024920,364.7596814650962
3024921,169.15451586538322
3024922,145.2608293391001
3024923,53.018008005740306
3024924,2617.096082053318
3024925,1.600199895627676
3024926,0.4380600181305489
3024927,23.324311439446355
3024928,12.730229151541774
3024929,0.04862659105902152
3024930,178.53439613773753
3024931,0.0
3024932,0.10960706209204825
3024933,8.772809390881775
3024934,20.897908350630303
3024935,0.9910340364634405
3024936,216.46981330323922
3024937,169.4999285122436
3024938,1.096118927667808
3024939,4.360264117118686
3024940,153.7218465524495
3024941,31.01605513305926
3024942,1841.374577765207
3024943,0.08556966920168282
3024944,0.6986523594232641
3024945,3.0320983910247454
3024946,0.09700536120371617
3024947,1.9439072283500543
3024948,2513.9942845547916
3024949,0.018933640602292644
3024950,566.0806353674798
3024951,7.674283990037894
3024952,802.285784932432
3024953,551.6187103259925
3024954,218.99436620823997
3024955,114.17562036621702
3024956,70.27686290982128
3024957,3417.0014387919236
3024958,3.434101834931842
3024959,1.3237752937024214
3024960,25.383079759786558
3024961,30.649426096871505
3024962,0.3961581780438996
3024963,196.7731147972463
3024964,4.008938365765109
3024965,5.981332075627153
3024966,4.951553884740174
3024967,21.34706875053969
3024968,1.7100013022290148
3024969,175.40682771739506
3024970,247.6322194574999
3024971,3.083591389278318
3024972,5.266676464242296
3024973,115.33966521369142
3024974,29.12435870764475
3024975,1075.9336394128907
3024976,1.9811639717637464
3024977,1.7819643098183628
3024978,3.641488708975821
3024979,0.0
3024980,0.10949336165921103
3024981,1315.0536181252012
3024982,0.0
3024983,84.88209451770844
3024984,1.7417291862093727
3024985,421.6306527876355
3024986,150.00882464637803
3024987,78.01416556077697
3024988,153.01643640201112
3024989,30.892619910450072
3024990,1627.6066040794344
3024991,1.71732155077621
3024992,0.22447545547932862
3024993,4.838239148428562
3024994,5.315005599092891
3024995,0.02974654872388925
3024996,85.74358040148762
3024997,0.0
3024998,0.0
3024999,0.23432602720473567
3025000,10.114102244576753
3025001,0.30733470984367345
3025002,140.33438442392958
3025003,76.34848229004187
3025004,0.4595177043340205
3025005,2.0855703424395733
3025006,40.0583949750558
3025007,13.455607382043626
3025008,664.5990138090117
3025009,0.12560793543407464
3025010,0.07596463426025508
3025011,4.052996152585696
3025012,0.0
3025013,0.9909437134666053
3025014,2809.439840643176
3025015,0.0
3025016,428.1134371445775
3025017,5.5452748899170405
3025018,891.6511215714581
3025019,564.9649950663375
3025020,216.20140272799838
3025021,133.25821677725634
3025022,63.31332674698321
3025023,3537.5281694785826
3025024,5.5128718896059805
3025025,0.378094437825952
3025026,15.508201064445828
3025027,10.807152277095533
3025028,0.09906308321102464
3025029,189.60494150504647
3025030,0.0
3025031,28.404505774374094
3025032,2.293802304280085
3025033,43.2789313945504
3025034,0.7061031689954009
3025035,203.56217710617983
3025036,226.41757746111548
3025037,2.489968496533083
3025038,4.779458002485746
3025039,115.158116969753
3025040,45.04375956797545
3025041,2551.6810725545547
3025042,0.553756804753353
3025043,0.5237268379167099
3025044,2.5756291128134956
3025045,0.0
3025046,3.4213133435617706
3025047,2438.7385931748086
3025048,0.019045223303002866
3025049,515.4119785153665
3025050,9.801560709088674
3025051,838.8426101414944
3025052,823.7457433165221
3025053,137.10924007048027
3025054,115.60370467199104
3025055,95.12148987944198
3025056,3149.1668314962994
3025057,43.30991993946371
3025058,1.0967889519380232
3025059,17.229178187312318
3025060,21.490141434378284
3025061,0.09787435761247548
3025062,198.8882872092053
3025063,21.629087251824657
3025064,21.632890526004974
3025065,2.78154015384337
3025066,59.44386057063747
3025067,6.659746961658143
3025068,189.34300237021577
3025069,227.5961894542245
3025070,10.528272117335238
3025071,9.082039175510758
3025072,189.62019480047312
3025073,78.14472716744756
3025074,2080.850883850814
3025075,0.15601832352140071
3025076,13.5164293405758
3025077,3.491507107254918
3025078,0.0
3025079,3.5106322743619156
3025080,1886.8107680918154
3025081,0.029115608858973976
3025082,441.1303292811587
3025083,9.860598184468301
3025084,808.3020273865097
3025085,688.9455435698108
3025086,127.46705090064071
3025087,82.87229872506838
3025088,99.31383484058651
3025089,2996.3252853328772
3025090,19.440938893979396
3025091,0.8385154768908323
3025092,19.835452309587854
3025093,25.529925639696433
3025094,0.0
3025095,226.74296081671918
3025096,19.510413648442917
3025097,10.748179017788011
3025098,5.645477794455805
3025099,44.407190340478316
3025100,6.982058075142876
3025101,133.94992653586795
3025102,260.64032638328626
3025103,6.859562747203372
3025104,7.7934829529702725
3025105,119.64325419584524
3025106,75.73341380761804
3025107,1517.7421977488352
3025108,0.16844070918876075
3025109,11.157870783545905
3025110,6.309560017355526
3025111,0.1804997756031968
3025112,4.957170440654891
3025113,3038.203477012847
3025114,0.032821157821981466
3025115,668.8968574222525
3025116,7.364084568828357
3025117,1256.7406923063597
3025118,601.2675014422323
3025119,196.12189637719985
3025120,342.89761356611035
3025121,54.296513754237864
3025122,4500.716263953665
3025123,28.07420168361792
3025124,1.2718014316577926
3025125,22.91755604588823
3025126,15.60355877819304
3025127,0.19733578855029313
3025128,291.9298763583193
3025129,5.041922392693875
3025130,19.399756185586917
3025131,4.44320536772826
3025132,29.08144367667668
3025133,2.5014164297349972
3025134,150.81211032521637
3025135,278.75765299691994
3025136,6.1777600348561466
3025137,8.323195697838063
3025138,169.27205858182333
3025139,63.216698074448274
3025140,2962.7595313752404
3025141,4.634141670617646
3025142,8.520956540416082
3025143,2.517456380421058
3025144,0.0
3025145,4.1165298504031815
3025146,2416.043160613291
3025147,0.019034374946368404
3025148,363.91285538869766
3025149,6.3263546686592695
3025150,752.4135250061656
3025151,718.6790358014193
3025152,184.48440854491682
3025153,116.17665502706834
3025154,78.18691978489814
3025155,2931.1532893699664
3025156,15.44943956162626
3025157,0.7873136011693376
3025158,13.442070473483303
3025159,11.968130412739368
3025160,0.14810417683231103
3025161,197.6574726480641
3025162,18.743027183215915
3025163,11.328415685094495
3025164,1.359316707090699
3025165,32.6942817939741
3025166,4.343613860250198
3025167,265.88029160331166
3025168,198.93779708846748
3025169,7.146718982924922
3025170,7.3114716183156165
3025171,322.01180470422446
3025172,56.512634345988204
3025173,1685.05819941391
3025174,0.017285137996355327
3025175,22.25583344207451
3025176,3.4470174895094825
3025177,0.20185216960035285
3025178,2.189644423288976
3025179,3348.763382001855
3025180,0.015864021376939187
3025181,395.94610986199416
3025182,6.294600716982341
3025183,1468.943151965043
3025184,560.2044042860941
3025185,287.3647037796935
3025186,166.0860992405893
3025187,53.17785337680091
3025188,4943.148190250062
3025189,9.368149214158088
3025190,0.7547377089138738
3025191,22.621248808055256
3025192,29.790667046337646
3025193,0.17373955746084674
3025194,334.71146224067945
3025195,0.0
3025196,0.4721872902907119
3025197,7.357044013779744
3025198,26.980529495010117
3025199,1.4925795560728692
3025200,122.34516410222211
3025201,299.38416407321677
3025202,2.158817447483688
3025203,6.983110291510317
3025204,149.302730029662
3025205,49.513067896973126
3025206,1902.5693879738544
3025207,0.12907806174886605
3025208,2.6938607801469137
3025209,3.840867151659846
3025210,0.01314504317060858
3025211,4.046266663100113
3025212,2130.072674008421
3025213,0.08881846234447516
3025214,478.5666713912188
3025215,9.60119221678003
3025216,832.9574058766664
3025217,631.4861474377007
3025218,195.1104485530735
3025219,108.3823811419022
3025220,92.45399224524695
3025221,3107.8091086147515
3025222,23.516082709865433
3025223,0.8115059714451633
3025224,15.619757994854321
3025225,28.278699658635833
3025226,0.20742263558251878
3025227,212.61341081619796
3025228,11.240160826710575
3025229,16.9031127158093
3025230,5.434148200218428
3025231,36.40789567230004
3025232,7.651220335721604
3025233,166.5618284424256
3025234,265.14356472079766
3025235,10.262096087115896
3025236,8.849784055378477
3025237,144.62024608515296
3025238,50.385221774522954
3025239,1476.0743599779605
3025240,0.3208341626770464
3025241,7.869990551927842
3025242,3.3134102782097408
3025243,0.17109884443282128
3025244,5.160267598056489
3025245,2443.5606660908265
3025246,0.19309873803588876
3025247,616.9894851586347
3025248,9.495067085804406
3025249,754.1544008683775
3025250,788.2935110077349
3025251,174.10430382246878
3025252,164.7935443899904
3025253,110.58541065005477
3025254,3408.3144856195677
3025255,40.313298255272166
3025256,0.814649786060307
3025257,14.575050054665224
3025258,16.90172691359508
3025259,0.1904086940258014
3025260,194.27962113850296
3025261,16.170165436891505
3025262,44.44691149285601
3025263,5.492676874806288
3025264,54.715620022663884
3025265,8.750840494739139
3025266,218.8745134218158
3025267,211.90443013350614
3025268,10.930658595093877
3025269,11.254137234290768
3025270,324.33821908725963
3025271,92.39246398354139
3025272,2372.4589864242344
3025273,0.5083072121355707
3025274,11.28506785498822
3025275,4.191587949135699
3025276,0.03289196250973662
3025277,2.0916220911641545
3025278,3781.339297450158
3025279,0.043838102410158133
3025280,382.63721286565476
3025281,8.311298821401998
3025282,1010.4795509682955
3025283,445.42789525274776
3025284,260.66725722197776
3025285,150.43810988589783
3025286,39.72993592954961
3025287,3825.7820421447177
3025288,4.058656733121893
3025289,0.4562787523068436
3025290,16.77825086573697
3025291,16.822797441962276
3025292,0.056412818571322895
3025293,195.58338877747886
3025294,0.0
3025295,8.30069656595773
3025296,1.6154508235970448
3025297,33.15635834158135
3025298,1.6389930216925865
3025299,171.15145664436116
3025300,225.89933102401594
3025301,2.2534917898231335
3025302,3.7834240986419054
3025303,182.27940311822493
3025304,76.97521584072959
3025305,1622.5097670614953
3025306,1.4842798104826094
3025307,0.46441163187005075
3025308,14.580623421213204
3025309,0.09829081192618794
3025310,13.582112495462358
3025311,8921.878487982362
3025312,0.2791376162252372
3025313,1478.3423011787531
3025314,28.303957241594695
3025315,2074.870171118892
3025316,2373.589014605283
3025317,498.31257166522084
3025318,608.3248994278216
3025319,353.034899526644
3025320,8482.332066568813
3025321,71.74570633374407
3025322,3.2182458200763024
3025323,65.4594424076006
3025324,87.52349325735577
3025325,1.0613172590013984
3025326,495.9749900060654
3025327,34.95163877269759
3025328,17.662892692678675
3025329,25.665930636204294
3025330,209.66176616561984
3025331,17.16461443878267
3025332,827.909374754872
3025333,455.9291299423879
3025334,31.046095729078395
3025335,36.09226925792519
3025336,1097.2994554903335
3025337,355.58226201916597
3025338,6417.55896594431
3025339,132.95328075241005
3025340,91.46770330492913
3025341,11.15874398406372
3025342,0.0
3025343,10.979132829097306
3025344,7705.361193349511
3025345,0.22713332958952998
3025346,1195.5292313005232
3025347,28.129165666410238
3025348,2016.7376258944907
3025349,1962.370244996718
3025350,534.3268124393534
3025351,285.5231278829925
3025352,239.94100279204932
3025353,8516.76884165057
3025354,77.00724020282422
3025355,0.944134016446792
3025356,41.314449165680095
3025357,66.05624411118804
3025358,0.7182288680370645
3025359,546.2540778001103
3025360,28.32400178387351
3025361,23.521785586852772
3025362,6.161382380082502
3025363,100.28420905322822
3025364,12.196047584812861
3025365,886.8741618900024
3025366,564.6529673972843
3025367,24.474734146118617
3025368,26.044141902514117
3025369,936.7664931837054
3025370,227.3209445840525
3025371,4620.013526665643
3025372,119.18618507025685
3025373,70.14065223533153
3025374,9.182481396635893
3025375,0.0
3025376,11.445739820866057
3025377,5074.205601510548
3025378,0.06688086706070907
3025379,746.7762248548079
3025380,18.579063059241175
3025381,1781.5942769737076
3025382,1290.5599735765506
3025383,626.3721864666343
3025384,130.43823061291008
3025385,156.05309961706004
3025386,7259.447976668066
3025387,35.66788890097641
3025388,0.947757172951436
3025389,24.455031258615538
3025390,38.49094507257194
3025391,0.5979652516404199
3025392,457.1862140270938
3025393,32.643212049344136
3025394,15.870600661890808
3025395,7.221458554772498
3025396,62.63195000760336
3025397,6.090774611697657
3025398,811.3317036330413
3025399,576.777711248627
3025400,21.553770534302032
3025401,24.16396411909724
3025402,665.6171192355542
3025403,122.01190884062287
3025404,2062.5076254522733
3025405,98.47374646403541
3025406,34.75824404297311
3025407,11.443629050016044
3025408,0.02906320042350195
3025409,12.692664438173077
3025410,7458.741399927925
3025411,0.24576200604821768
3025412,1147.6913064832538
3025413,23.36016485638097
3025414,2013.0595302256486
3025415,1970.5131653840199
3025416,548.6277043957407
3025417,280.0552133001838
3025418,223.314166847619
3025419,8478.473893335224
3025420,53.70248816854415
3025421,1.4832197580610869
3025422,43.51982328067591
3025423,60.725262175272135
3025424,0.9796195115633108
3025425,553.4632638951956
3025426,33.65174398688965
3025427,20.612864051159562
3025428,6.93596612128904
3025429,103.55812805928069
3025430,9.757441385489992
3025431,748.7678010659578
3025432,599.6356462539483
3025433,23.370028160096858
3025434,24.76518131097678
3025435,907.357447251837
3025436,205.32279649519364
3025437,4352.849651995681
3025438,102.7969248836625
3025439,68.895832331339
3025440,7.955493772772391
3025441,0.0
3025442,9.444267284764097
3025443,3974.2530276360612
3025444,0.004848581126530603
3025445,597.2043817301217
3025446,14.811604435177642
3025447,1518.475185866798
3025448,950.2762756033346
3025449,477.4707277857415
3025450,91.10216526115333
3025451,102.22134778884204
3025452,6179.326250794202
3025453,32.75403615061736
3025454,0.4357051555177751
3025455,23.342374651021494
3025456,28.164564080217577
3025457,0.26897271287841457
3025458,378.95356488071815
3025459,23.105559661714285
3025460,7.8177288847003155
3025461,3.8213394710171986
3025462,46.124928399954925
3025463,3.86780968131427
3025464,646.7397719343594
3025465,499.19200885430854
3025466,15.285240812980895
3025467,18.16270985248957
3025468,509.23779957495566
3025469,78.80775119134836
3025470,1386.95489357866
3025471,114.37470509819298
3025472,20.129220514644793
3025473,9.475750420438455
3025474,0.02951656150359724
3025475,9.378863294717565
3025476,7482.151446666208
3025477,0.24908952849712243
3025478,1236.5538369954845
3025479,28.376191577839936
3025480,1765.8637565736922
3025481,2159.109202237092
3025482,396.4436820604911
3025483,436.87837132494974
3025484,274.6403447692274
3025485,7096.672052268624
3025486,61.29031078150347
3025487,1.6926149330559914
3025488,39.77524393518571
3025489,44.21814571723922
3025490,0.8035774351537961
3025491,420.74797964659706
3025492,21.782661181639995
3025493,21.00042808898358
3025494,13.064356993126117
3025495,121.28620823328434
3025496,13.463095322361935
3025497,704.6068806116874
3025498,431.6314158261615
3025499,21.851642191842174
3025500,30.81671013835166
3025501,859.487115641391
3025502,250.04343034503873
3025503,6345.166978544396
3025504,87.25270879106183
3025505,75.01261291141849
3025506,3.6956507165184647
3025507,0.08873100688712071
3025508,5.441040967206317
3025509,1777.510799917103
3025510,0.15332420097353747
3025511,306.74098349121806
3025512,16.399110290557246
3025513,727.4907711078956
3025514,482.5096143239425
3025515,191.36068040519493
3025516,85.39166327872664
3025517,84.2309597300122
3025518,2476.7898447863777
3025519,15.301418369816489
3025520,0.614535664952689
3025521,17.621548818702223
3025522,25.94342074091682
3025523,0.21067510825334987
3025524,180.10354952190895
3025525,11.495349183604551
3025526,4.071279075178376
3025527,8.490955936161102
3025528,35.90830369885496
3025529,6.2218072988949995
3025530,215.81974531183965
3025531,209.41453209675285
3025532,3.5985863030811283
3025533,7.796492056663775
3025534,194.04452415955123
3025535,62.72339816996974
3025536,1127.232498954804
3025537,0.19028379189726252
3025538,10.126048734560822
3025539,7.943786624757804
3025540,0.0
3025541,8.105966190245162
3025542,3763.990837886328
3025543,0.1347174200448963
3025544,529.5242710182632
3025545,23.286906432794655
3025546,1248.9194402735748
3025547,865.7978032748217
3025548,389.7482932163978
3025549,81.06197594395654
3025550,100.3907472651895
3025551,5522.291659523862
3025552,39.82790897383982
3025553,0.7327066973419498
3025554,39.052586575183554
3025555,43.70956275678097
3025556,0.24252606799324264
3025557,336.6089666530459
3025558,23.22855801154412
3025559,4.856365116529654
3025560,2.724396345617549
3025561,67.66927016371083
3025562,6.802984016038307
3025563,470.449388965728
3025564,396.99042553064106
3025565,10.063576896196928
3025566,17.950506910097133
3025567,318.3423693347379
3025568,74.54336027055399
3025569,1663.0223669152053
3025570,97.97687676999122
3025571,16.778893367457535
3025572,5.204507490253069
3025573,0.0
3025574,5.652241481728203
3025575,4680.188453331819
3025576,0.04771990867372541
3025577,809.5937533460925
3025578,11.660673229290413
3025579,1176.9685326898764
3025580,1319.238724980571
3025581,237.5300355561489
3025582,289.190431970483
3025583,177.72217674675423
3025584,4455.927619472163
3025585,27.679891563171882
3025586,1.0805203872392304
3025587,21.426239060259615
3025588,30.097780085380684
3025589,0.46606263332085557
3025590,261.0274058176421
3025591,2.078191975774304
3025592,30.31566664441876
3025593,4.04928488043892
3025594,74.29067559084037
3025595,7.329998008562152
3025596,555.7311871208923
3025597,247.32882512992848
3025598,20.0607585806875
3025599,13.239176863458765
3025600,602.720775317357
3025601,121.85719583310254
3025602,3492.861074496384
3025603,1.8748993913020997
3025604,40.090225894644774
3025605,4.699273229775294
3025606,0.4613405598185932
3025607,6.671886548064202
3025608,3744.5969181831797
3025609,0.4382050893997887
3025610,1121.845835204327
3025611,5.476720119461403
3025612,1374.0644318849415
3025613,872.3588633182273
3025614,411.33262037081266
3025615,33.48819741060906
3025616,169.66913820510803
3025617,4755.059037306194
3025618,26.168405984700517
3025619,1.5502513791136399
3025620,20.594906428979016
3025621,28.853678689895876
3025622,0.9688061999319415
3025623,271.3030069222497
3025624,4.227506619481541
3025625,27.31015910178877
3025626,3.747553077686791
3025627,94.33158508007017
3025628,4.977974611460807
3025629,78.49967534632489
3025630,397.299818508156
3025631,9.664021149129363
3025632,14.253355489609737
3025633,140.36120668267154
3025634,52.439961578937954
3025635,3277.877386228285
3025636,2.9408128523217467
3025637,9.294114285293604
3025638,7.124974357638127
3025639,0.15149480981634286
3025640,3.6343041015703044
3025641,2366.0628283740352
3025642,0.12598194163371135
3025643,496.3947945810442
3025644,7.667346333593336
3025645,909.4610432631465
3025646,561.5642528078847
3025647,238.391785286383
3025648,166.6088548363078
3025649,89.62052881295722
3025650,2852.4575531311266
3025651,13.613314931946103
3025652,1.110092830913875
3025653,14.670086447167993
3025654,25.232274153023514
3025655,0.2767768700352344
3025656,204.0387255751185
3025657,3.303463688697903
3025658,7.8546389429811025
3025659,4.425786159175121
3025660,45.601271871461925
3025661,3.1282294379150173
3025662,288.47972960816963
3025663,253.36927738681695
3025664,6.214969116311793
3025665,7.498973688353917
3025666,226.26260157735751
3025667,82.75090899814907
3025668,1504.3257178204217
3025669,0.7915101252245078
3025670,6.097539860745757
3025671,4.647878441936266
3025672,0.07166119350146717
3025673,1.271268317766539
3025674,1643.8047363907367
3025675,0.0
3025676,184.90311516954594
3025677,3.066073630669562
3025678,869.1947342160022
3025679,188.1037050480434
3025680,187.57694859262486
3025681,66.23451823156047
3025682,26.495472399556952
3025683,2708.9859580544485
3025684,4.86929754831046
3025685,0.3833100176807062
3025686,15.428093043406346
3025687,8.917646373621649
3025688,0.049998829357641085
3025689,176.1877224655828
3025690,0.0
3025691,0.045815807087058624
3025692,2.0717896378904284
3025693,11.509566695690621
3025694,0.4721919848986551
3025695,55.90687483764022
3025696,164.9737068865469
3025697,0.32552046996167805
3025698,2.834693609112475
3025699,46.78263162731833
3025700,51.33496013672152
3025701,818.0202497512963
3025702,0.14003092398075706
3025703,1.0756565974170118
3025704,3.3202172997200323
3025705,0.0
3025706,6.156077200629229
3025707,3406.4313594088712
3025708,0.0
3025709,519.7552701513184
3025710,10.062124113767426
3025711,1028.5193232011238
3025712,870.3067827352255
3025713,304.6048707835687
3025714,152.45169557000628
3025715,126.40309230076589
3025716,4232.1626892678305
3025717,29.188858938289826
3025718,0.5800851012550987
3025719,15.11733431473105
3025720,30.73061531899053
3025721,0.06745436326720015
3025722,265.6714429594577
3025723,23.21235550214734
3025724,9.699881878742838
3025725,11.408466252915028
3025726,39.587815681461706
3025727,5.23173591456345
3025728,359.2738549456758
3025729,283.43485929212125
3025730,9.605781477283802
3025731,10.717145562045383
3025732,437.1371611495804
3025733,88.04205987912691
3025734,1887.938178169022
3025735,0.05008077551849186
3025736,28.655567241509278
3025737,3.6716546997980704
3025738,0.010670149997213975
3025739,3.7899149080521424
3025740,4669.848757179934
3025741,0.12246418156806756
3025742,766.6124531511927
3025743,15.121652889728765
3025744,1090.4025355220047
3025745,1358.2975068771334
3025746,194.3343074000961
3025747,302.6638928949143
3025748,179.00172016598754
3025749,4243.05247207686
3025750,38.82755391957905
3025751,1.8501867620487817
3025752,18.761274027034
3025753,28.566776201104847
3025754,0.5337925904856138
3025755,242.9923303488749
3025756,12.947429001879662
3025757,32.447130016013666
3025758,10.935173809130193
3025759,85.50643578548247
3025760,10.832115492476717
3025761,485.69857640205487
3025762,239.39682821415607
3025763,9.491845885583096
3025764,12.638147044516087
3025765,612.2238692476624
3025766,149.0097801557279
3025767,4520.939023701396
3025768,0.28419117020133866
3025769,46.48182242843047
3025770,3.963108001297731
3025771,0.05690416411310345
3025772,5.75370585974515
3025773,2705.874007543439
3025774,0.09511138183272151
3025775,714.215656761483
3025776,19.945841854688855
3025777,1051.1122553397538
3025778,1188.51430532037
3025779,246.3117762997248
3025780,275.33558397748624
3025781,162.9809082526839
3025782,2826.268739579213
3025783,35.940229891373654
3025784,2.0632603530093987
3025785,26.788218796991686
3025786,26.291073777419406
3025787,0.6309892626662184
3025788,211.3826512806703
3025789,35.17043247623592
3025790,27.270818622366402
3025791,15.891376133321703
3025792,77.3046230066845
3025793,11.905511811865791
3025794,369.44726401296305
3025795,247.63267810581337
3025796,17.456084495232034
3025797,18.57790848917519
3025798,484.88970764153936
3025799,143.9616534970251
3025800,3540.070750389016
3025801,0.4421202389876647
3025802,38.35776454539918
3025803,8.975518758108153
3025804,0.1471195215944287
3025805,6.448409383830705
3025806,3216.431602041965
3025807,0.0
3025808,466.80153316329216
3025809,10.565063605963733
3025810,1347.3378808847312
3025811,703.5901173156748
3025812,512.8971025408084
3025813,154.61253153598503
3025814,66.68718781745663
3025815,5434.271094439966
3025816,6.337228660884848
3025817,1.088367364710916
3025818,37.828147322723446
3025819,30.849621709584486
3025820,0.07288489327349221
3025821,374.1248374342557
3025822,10.862640428717848
3025823,5.028869484484331
3025824,5.807058573855678
3025825,25.134727855601643
3025826,2.6402925682062404
3025827,326.188696335472
3025828,348.3100500537205
3025829,5.55423602174118
3025830,9.815065677867908
3025831,391.0698979391519
3025832,76.84109653889729
3025833,2097.2310749522935
3025834,42.357773767373615
3025835,11.082741269185478
3025836,3.1201916963834657
3025837,0.04507026040497857
3025838,2.8303904926473344
3025839,2454.396312749643
3025840,0.13118980707674546
3025841,418.01939741322525
3025842,12.921252347331976
3025843,685.191763529384
3025844,795.2406771379162
3025845,137.58881672956906
3025846,142.74655333165538
3025847,99.33478764562369
3025848,2795.7355687170243
3025849,22.921888468037682
3025850,1.580669004160137
3025851,18.729194147057257
3025852,26.992959645718376
3025853,0.31678651566506755
3025854,164.43989848843623
3025855,15.853900726332576
3025856,29.956684868235723
3025857,5.230003156289746
3025858,79.00689164056065
3025859,6.388528594850839
3025860,272.40626633463825
3025861,160.4842159512192
3025862,7.5696297908368795
3025863,13.786868163629487
3025864,290.70324988531297
3025865,85.92702182888178
3025866,4116.100761888381
3025867,0.1452123957083968
3025868,25.590267032496744
3025869,2.677640734411513
3025870,0.042204470141460254
3025871,1.2218491993747467
3025872,1748.4157923303762
3025873,0.0
3025874,103.19010957828718
3025875,3.2385217710906327
3025876,1016.9586760828043
3025877,272.9931042081637
3025878,248.07141902794868
3025879,36.2417411763619
3025880,31.836698303998617
3025881,2804.398367441044
3025882,4.043572092695261
3025883,0.14607978649266234
3025884,12.046417339052134
3025885,10.996694622530567
3025886,0.0
3025887,157.51756859854635
3025888,4.268761232250643
3025889,0.0
3025890,1.18056073900914
3025891,9.972481233683023
3025892,0.22816003780038804
3025893,167.3389354924757
3025894,164.54317905280487
3025895,0.8555870976503177
3025896,3.300173879097879
3025897,119.13388895350575
3025898,21.482746582872302
3025899,266.55554337354084
3025900,0.0
3025901,2.48544430594311
3025902,5.497489740377715
3025903,0.21212402049336726
3025904,5.183892515907425
3025905,3962.219624308885
3025906,0.043626637631404626
3025907,514.644013643557
3025908,11.263827087237932
3025909,1563.6247934784387
3025910,577.961370542886
3025911,424.2315813445892
3025912,101.05868625979895
3025913,68.00687201544841
3025914,6108.399911775661
3025915,14.625877458868082
3025916,0.5889118935102793
3025917,23.6493624119261
3025918,21.572651793895744
3025919,0.22013588804578024
3025920,387.0949396056909
3025921,9.593803012199835
3025922,1.4466547974706314
3025923,6.389599981062694
3025924,24.778033090992036
3025925,2.2479670463388755
3025926,557.9308860381312
3025927,334.6369410392836
3025928,2.2656798995750487
3025929,10.311309790640465
3025930,373.6367857572857
3025931,55.98891791547317
3025932,934.4921486211175
3025933,33.40078085325744
3025934,5.822678352889529
3025935,4.521495534475644
3025936,0.13533446960807846
3025937,0.8364505414799353
3025938,1649.5227418023483
3025939,0.0
3025940,167.78896111538003
3025941,7.930895983241731
3025942,738.4281106217559
3025943,446.70152847617146
3025944,218.79247226166544
3025945,62.968369347789185
3025946,32.83311636922996
3025947,2794.268994034841
3025948,4.6786323827871374
3025949,0.7256872658449784
3025950,10.22746335900104
3025951,11.804573144631558
3025952,0.14338463873061857
3025953,163.87997134150174
3025954,1.487514810521342
3025955,0.11945967133860952
3025956,5.34731623896542
3025957,19.290778727010714
3025958,1.2951347114534233
3025959,150.0409846941353
3025960,152.3008192228335
3025961,1.0333465200283354
3025962,4.734861574020869
3025963,159.64264375288292
3025964,36.39371134827636
3025965,317.3349819384331
3025966,3.971048518574584
3025967,2.679355106422654
3025968,3.4448174195211205
3025969,0.0
3025970,0.6504771965575216
3025971,1284.820139381291
3025972,0.0
3025973,114.64384422531705
3025974,3.85591690242296
3025975,612.6562384657499
3025976,286.9011505332912
3025977,139.33346543064988
3025978,33.9444660315557
3025979,23.483521460694647
3025980,2432.210425068981
3025981,4.802769874699847
3025982,0.16183976537274783
3025983,7.397935237168737
3025984,7.52736252735107
3025985,0.0024446335082878865
3025986,132.01739107737575
3025987,2.564449183980973
3025988,0.006537566984895212
3025989,1.3778146850757151
3025990,17.17522504810253
3025991,0.4953986140404704
3025992,132.1927890977532
3025993,143.50687594072693
3025994,0.5101878681626741
3025995,2.901572861888038
3025996,82.83510077090179
3025997,21.479677381179833
3025998,162.7122471622372
3025999,0.09134492975779114
3026000,1.2186304249410167
3026001,2.42019016047374
3026002,0.03796651924364174
3026003,1.4777377156962732
3026004,1110.0566115040751
3026005,0.0
3026006,147.98090107486658
3026007,4.892416010007202
3026008,868.9619936587342
3026009,387.7739307645931
3026010,206.6419685728125
3026011,29.28083673843458
3026012,24.727177409016534
3026013,2474.541391237298
3026014,3.1425320796202465
3026015,0.06784107340119794
3026016,11.062017381230293
3026017,16.170372222285874
3026018,0.0
3026019,180.87053129791988
3026020,0.3874865217774984
3026021,0.0
3026022,2.0052884492297895
3026023,9.69613658277009
3026024,0.9802113166710558
3026025,186.22501675926006
3026026,229.07341008364776
3026027,0.6252477081699825
3026028,4.236183605875409
3026029,51.88864597193763
3026030,41.721677495129185
3026031,303.0528839849235
3026032,6.964524558489698
3026033,2.19144380754424
3026034,2.4955321296382094
3026035,0.49673444925670146
3026036,1.3356927641918
3026037,1605.5792200360618
3026038,0.024276663942906267
3026039,148.94883870219664
3026040,4.27802669116036
3026041,821.8448466909934
3026042,410.2860647040185
3026043,278.143803981804
3026044,69.00215330124732
3026045,48.88358149093475
3026046,2935.985274562228
3026047,6.720396863610823
3026048,0.6081630052419582
3026049,16.433070705107067
3026050,17.91549059573608
3026051,0.0766967773756937
3026052,211.16557264165323
3026053,8.661315043103246
3026054,0.15385760897773174
3026055,3.6382158219788323
3026056,15.200404377023961
3026057,1.1237431784511576
3026058,131.57005306435929
3026059,184.2429927219531
3026060,0.7077622613823142
3026061,4.670523853106853
3026062,129.2540619093344
3026063,38.28955170280574
3026064,571.4448940223172
3026065,4.3281115338608975
3026066,4.680333007464779
3026067,4.3729112972590185
3026068,0.0
3026069,0.2363528317224031
3026070,1655.3270332399863
3026071,0.0
3026072,126.65695098190125
3026073,4.353748347429825
3026074,925.3161710000613
3026075,223.75534488016672
3026076,153.43509715879264
3026077,148.37335615076682
3026078,29.978884159745537
3026079,2334.7760242295785
3026080,5.5918347390985845
3026081,0.12298779827372464
3026082,14.59054056256138
3026083,11.303211152319223
3026084,0.0
3026085,144.27602499952192
3026086,0.0
3026087,0.0
3026088,1.1121097039713677
3026089,25.494108394808976
3026090,1.0185999479280827
3026091,51.563771266709324
3026092,145.86939096044682
3026093,0.5037039644827837
3026094,2.9530560999094244
3026095,65.16095590448383
3026096,27.462234668029026
3026097,651.9939243517296
3026098,0.0
3026099,1.6397996388004046
3026100,6.053349666665439
3026101,0.16325629377155068
3026102,1.5354217617018389
3026103,3273.103454120664
3026104,0.0
3026105,282.8880996263252
3026106,5.901106610957171
3026107,986.3882256779622
3026108,775.0861609650805
3026109,450.8724902091856
3026110,169.69086110577186
3026111,75.0051110693175
3026112,4396.645477711031
3026113,7.749754288608244
3026114,0.6425553255625949
3026115,21.15456755124015
3026116,23.213339541983466
3026117,0.2216780275809571
3026118,265.0842556224177
3026119,1.0325020759703594
3026120,0.1952398775649285
3026121,4.981057602409509
3026122,19.868448996160208
3026123,1.7318228684581864
3026124,279.5273377023075
3026125,227.50230475569563
3026126,1.750650223226196
3026127,7.535686210174358
3026128,308.9026760633535
3026129,62.772607506155666
3026130,1118.478041730098
3026131,9.143441427391876
3026132,9.862648135203356
3026133,0.05094351463961034
3026134,0.06289655046311235
3026135,1.8683942974557475
3026136,405.25887606318486
3026137,0.0
3026138,89.31894078217395
3026139,1.879690935915662
3026140,138.76350568247952
3026141,177.2560901071622
3026142,43.89061190425283
3026143,26.954746744184938
3026144,2.1398146684940413
3026145,772.9267517991051
3026146,1.6243792956550829
3026147,0.4632457328413352
3026148,5.644153412369444
3026149,5.954785172903076
3026150,0.0
3026151,50.06897722628669
3026152,2.988035783195396
3026153,1.706749759713531
3026154,1.3476580675202205
3026155,1.3545551619943996
3026156,1.2510087331669237
3026157,3.1168737260870643
3026158,34.5075025245171
3026159,1.7048258580701705
3026160,2.3390407566187563
3026161,40.70244795419353
3026162,3.2141995109599604
3026163,270.5796165298269
3026164,12.63939489287805
3026165,0.8698514623390319
3026166,5.09396801702043
3026167,0.03259812962547887
3026168,1.9754346867177746
3026169,2154.54639859896
3026170,0.007949922022890587
3026171,145.86969262739882
3026172,5.454970468930921
3026173,751.0120387036608
3026174,331.998889474798
3026175,246.15311820728434
3026176,50.77704458382443
3026177,40.42550724867025
3026178,3033.017911614552
3026179,7.785716783608343
3026180,0.7580125600449583
3026181,12.237583102345774
3026182,10.724015706749357
3026183,0.08187450718332721
3026184,154.77991513185935
3026185,6.481682149041288
3026186,0.08831906636432711
3026187,2.978853270715787
3026188,14.988464538620992
3026189,1.3484522826178664
3026190,130.2823723294676
3026191,156.79804882846022
3026192,0.9948752960554288
3026193,4.562919641268401
3026194,95.09058168208196
3026195,31.08815176507239
3026196,340.1733915359261
3026197,10.226154369985046
3026198,3.155764987246985
3026199,4.091130036487197
3026200,0.021752169463748475
3026201,4.001595887664285
3026202,2941.734189022245
3026203,0.10097448032895552
3026204,546.5632060973215
3026205,9.748065222281708
3026206,853.34764111681
3026207,856.5542159301036
3026208,222.79079665959932
3026209,160.0622673873714
3026210,93.08326549851428
3026211,3932.466907968003
3026212,28.29845520888128
3026213,0.9298391092727938
3026214,16.706939755798967
3026215,22.420223541075792
3026216,0.27308680492249854
3026217,224.28605939347906
3026218,23.473265396662644
3026219,17.96225439201744
3026220,4.49047140699235
3026221,53.58422157543316
3026222,5.924357657065131
3026223,394.94979811738307
3026224,236.9602291014548
3026225,9.361062979941213
3026226,8.658231648836678
3026227,417.2551116122748
3026228,95.59894575804931
3026229,3551.7683884114736
3026230,0.3230130321016661
3026231,26.147861470212582
3026232,5.010556175971527
3026233,0.27928956745728645
3026234,4.038845501606836
3026235,2646.1836645838266
3026236,0.0493972509384244
3026237,343.46526767086135
3026238,5.196908391431753
3026239,1047.030246082412
3026240,717.6249530408985
3026241,439.4437967241907
3026242,86.64964750317209
3026243,101.63836422686725
3026244,3883.0647266705023
3026245,8.739588321454349
3026246,0.4107536399243217
3026247,15.877697628638163
3026248,13.041622463034612
3026249,0.09219774553726565
3026250,254.04807360888088
3026251,4.014467684735911
3026252,4.2475469996658175
3026253,2.7998711266597915
3026254,21.811537939694947
3026255,1.0339610442158187
3026256,233.64155829867562
3026257,285.01104664563127
3026258,3.323859381975849
3026259,4.712034058571113
3026260,245.16542796473388
3026261,85.32106474042601
3026262,761.3242135902567
3026263,38.00972210937592
3026264,5.389030238289026
3026265,8.308756037610022
3026266,0.3807037464621866
3026267,3.8081450592960513
3026268,2524.811978334072
3026269,0.11360039580935066
3026270,450.5828519129714
3026271,5.464887140590225
3026272,1141.2995859339876
3026273,624.6658823779837
3026274,301.7911569442542
3026275,211.4620619470297
3026276,74.49967571704836
3026277,3903.9058496491452
3026278,13.042532446068707
3026279,0.7691329377630192
3026280,23.20920047951375
3026281,23.997806222036182
3026282,0.20345231867739005
3026283,254.3467560874419
3026284,3.0182207911600454
3026285,3.1762371027247998
3026286,8.030251038297601
3026287,50.303236261389586
3026288,2.1535730111633353
3026289,143.6890404180066
3026290,260.2509446745071
3026291,2.980969191283079
3026292,8.128781838510275
3026293,188.32981869114153
3026294,142.9634624535537
3026295,1077.992802660038
3026296,0.8682701386746043
3026297,4.926778420332628
3026298,3.598607234672941
3026299,0.18505927960060556
3026300,1.133218300585587
3026301,1158.9841034267608
3026302,0.033647519724281635
3026303,147.16818122869998
3026304,6.309713226912125
3026305,559.9785932571676
3026306,327.8800916388442
3026307,152.454267244732
3026308,64.15626363953454
3026309,41.311820094422856
3026310,2210.59692288859
3026311,4.901247285204335
3026312,0.5316892165458562
3026313,19.684501620676055
3026314,17.103818646133135
3026315,0.17309910580064103
3026316,137.58129068605774
3026317,0.7952862980394895
3026318,0.36459284124728897
3026319,4.266590437550748
3026320,22.20730905473502
3026321,2.5146703540990956
3026322,66.56665876274194
3026323,129.74013895067466
3026324,0.9216040665690717
3026325,5.100998910363096
3026326,84.87163981254402
3026327,34.3724320561611
3026328,378.01655733034767
3026329,24.1988553140088
3026330,2.0456122549074838
3026331,1.7474513909332394
3026332,0.0
3026333,0.9064835781451408
3026334,1507.0795206094092
3026335,0.06958993616924333
3026336,249.22025715629698
3026337,9.906375527763368
3026338,518.3305995065004
3026339,435.5688910550495
3026340,127.9196540960451
3026341,47.35988023619621
3026342,52.19579206542065
3026343,2126.5262604686513
3026344,27.952905335961013
3026345,0.11186231299833835
3026346,7.060465380482265
3026347,13.48757698433271
3026348,0.14472492054852465
3026349,133.95156523637817
3026350,10.619601422772073
3026351,2.4866024005940464
3026352,3.7941224049712243
3026353,30.671792160420228
3026354,3.476348568751791
3026355,510.6017909174069
3026356,132.58871533079127
3026357,3.167430006127022
3026358,4.304052285372339
3026359,267.8200358912742
3026360,34.21514217174
3026361,1878.8187822101581
3026362,0.03064152879350521
3026363,10.635282346616908
3026364,3.130750899968146
3026365,0.017357753876994376
3026366,5.5701146203251435
3026367,3878.0277714225494
3026368,0.07888152639203093
3026369,893.7742484395726
3026370,14.914295193825444
3026371,1144.552420225431
3026372,1358.9022166727716
3026373,281.8504351436914
3026374,208.81476189341873
3026375,145.91495091859733
3026376,4315.176637361258
3026377,25.82076880875246
3026378,1.0661655559185133
3026379,18.341613398491862
3026380,42.29822628633529
3026381,0.21256241726783145
3026382,284.9856450728599
3026383,12.484071856421787
3026384,53.698874433923535
3026385,8.935229891734428
3026386,58.56844096819916
3026387,10.938190254273145
3026388,307.4715916144336
3026389,303.0417223557411
3026390,19.943282301995023
3026391,13.272531367414244
3026392,421.20824298258736
3026393,109.46046858631006
3026394,6828.509781536361
3026395,0.40627795532050603
3026396,25.53864763792725
3026397,0.23880773990941737
3026398,0.0
3026399,1.802541679733972
3026400,1408.7303791359643
3026401,0.0
3026402,275.3090883429589
3026403,2.8262225825174037
3026404,312.38907283465875
3026405,362.2462514775664
3026406,92.63918043044062
3026407,5.385655506747273
3026408,5.55056582839327
3026409,1362.9250292598156
3026410,4.089874223468838
3026411,0.07679419800714032
3026412,3.775710502070713
3026413,15.597180165588473
3026414,0.0
3026415,76.30811769330266
3026416,0.0
3026417,30.69146948365247
3026418,1.2071867964996397
3026419,59.016665070721515
3026420,2.5792630520943756
3026421,8.150387899695618
3026422,100.30967256347245
3026423,2.6479818732672027
3026424,2.323479595466943
3026425,9.638637544946011
3026426,5.327337962086796
3026427,2335.8032075409365
3026428,0.0
3026429,2.485122127686857
3026430,2.398011091274525
3026431,0.0
3026432,0.4508045040427891
3026433,925.259188941214
3026434,0.0
3026435,170.2680801284892
3026436,4.2185615517679524
3026437,325.4399892899448
3026438,201.47605042983815
3026439,65.93953818246911
3026440,33.62917828755706
3026441,28.458729046996506
3026442,1313.8178431625422
3026443,2.9417108614351912
3026444,0.30306998495968074
3026445,5.470448960085345
3026446,5.038194948981929
3026447,0.09141530575596195
3026448,72.46623292667215
3026449,0.4685836311553448
3026450,7.259078818308163
3026451,1.1235793276820285
3026452,13.777003764084386
3026453,0.3423649601961957
3026454,194.20863505329623
3026455,115.27953583651166
3026456,1.8845879251342974
3026457,1.6594108756468606
3026458,105.86377723442426
3026459,13.073487246509321
3026460,973.4234192847025
3026461,0.286340327899507
3026462,1.659852002030334
3026463,4.452981422110707
3026464,0.02700608127032727
3026465,5.042334430254864
3026466,3017.6733807201176
3026467,0.02655559445366089
3026468,612.9445331623456
3026469,10.665241362932912
3026470,834.312040898666
3026471,838.0130215163425
3026472,248.01026221180098
3026473,210.31548975037995
3026474,91.66754854768648
3026475,3565.9687587127023
3026476,18.822666795259533
3026477,1.351222420093587
3026478,16.18402936942289
3026479,23.95866456439773
3026480,0.3063378883990783
3026481,183.57918454154276
3026482,5.4277355596612615
3026483,45.07054043773747
3026484,4.50995788026896
3026485,64.23150069965412
3026486,3.3731173859222094
3026487,252.12388662516727
3026488,201.21854453640114
3026489,10.462391757662775
3026490,9.365024392139425
3026491,339.02698917119966
3026492,75.48979135566951
3026493,4035.089127567909
3026494,0.5024239822971397
3026495,17.3879970999618
3026496,6.268191946541614
3026497,0.04611126147483161
3026498,2.396632511750898
3026499,2879.2838950191963
3026500,0.0
3026501,480.6311136008356
3026502,8.377115065650594
3026503,994.6943151867238
3026504,875.4280583492326
3026505,318.8478983544184
3026506,201.15708124099743
3026507,56.2120629932483
3026508,4038.72838178917
3026509,6.376049708146569
3026510,0.7480886373442055
3026511,24.564637255333288
3026512,15.858355012790625
3026513,0.3410276159267387
3026514,229.3474744673862
3026515,0.0
3026516,3.2658104373210177
3026517,4.4051009192567925
3026518,34.7053801860384
3026519,0.7998386391170156
3026520,204.00416939556746
3026521,246.989705112298
3026522,4.84366167163185
3026523,5.198507180000342
3026524,204.94735463399132
3026525,56.907326129488695
3026526,1253.9848223562399
3026527,1.215054499387994
3026528,2.9283746895125784
3026529,5.11844188385088
3026530,0.3100631194075815
3026531,1.6013451724484904
3026532,2604.965821767963
3026533,0.096459898435355
3026534,451.8755623442123
3026535,7.607247704625349
3026536,962.6312123937674
3026537,775.8334539874367
3026538,253.57470695194993
3026539,174.6622426876975
3026540,66.42552711149526
3026541,3219.6656891035045
3026542,8.746942491777414
3026543,0.6938251231417853
3026544,19.06793590207028
3026545,19.45282318995103
3026546,0.22640120078148881
3026547,216.14600746872838
3026548,0.0
3026549,2.323160816291041
3026550,3.3585650867933463
3026551,50.30999313344431
3026552,1.1736342781018316
3026553,171.0136114830379
3026554,228.81668896105137
3026555,4.952161666497174
3026556,5.298480737721254
3026557,222.49801051277143
3026558,88.88873903403517
3026559,1101.7148630990241
3026560,1.0955470856436915
3026561,3.1039506005802924
3026562,7.611812990971259
3026563,0.37771859473452485
3026564,9.978521091979804
3026565,7955.132688707596
3026566,0.2996343363862855
3026567,1232.1446303931186
3026568,35.57031349365969
3026569,1801.2470959994512
3026570,2200.461998594476
3026571,339.39163536894245
3026572,509.9066506598131
3026573,292.40234710513414
3026574,7894.6530237673305
3026575,80.21983827187817
3026576,2.848201503304154
3026577,44.724173711347056
3026578,53.27207588683291
3026579,1.1156870932113438
3026580,409.88725099947624
3026581,44.26512770682403
3026582,70.77618748772802
3026583,33.92957703367546
3026584,159.42958235192376
3026585,18.62167822522182
3026586,716.1194614249454
3026587,429.37267047648015
3026588,20.89187516530044
3026589,27.31696584555543
3026590,1118.1601790777763
3026591,334.40328600410186
3026592,11979.980516754742
3026593,1.2009268867596141
3026594,85.54080132881377
3026595,2.5811874873070524
3026596,0.01519587440619998
3026597,0.4162565455477458
3026598,1306.3177228914287
3026599,0.0
3026600,134.05286904960343
3026601,2.772521738294175
3026602,450.37566555930437
3026603,309.0709713635011
3026604,101.9598867322327
3026605,124.10087647725526
3026606,34.35327884892251
3026607,1772.327950298515
3026608,2.5831085130682174
3026609,0.5975300322668735
3026610,8.745357818039219
3026611,6.0598229384320925
3026612,0.11667818197250777
3026613,105.79312818765385
3026614,0.3347914624284191
3026615,0.3036205461042572
3026616,2.3794498596275075
3026617,22.382881777724204
3026618,0.49060123299164504
3026619,55.36578710593425
3026620,87.93249076556174
3026621,1.4347543607765574
3026622,3.0776443918316696
3026623,85.42277626109373
3026624,18.407461145200987
3026625,415.23274501310556
3026626,0.11131184522184297
3026627,2.3148288879854326
3026628,6.53209669777766
3026629,0.24961063570425063
3026630,1.631241829661088
3026631,2311.943019651458
3026632,0.02772428441984798
3026633,372.8772093969266
3026634,6.858434333712301
3026635,1061.8100593984802
3026636,727.5500181890427
3026637,219.84956167861856
3026638,204.59510207060697
3026639,56.17167745411113
3026640,3924.1562087283714
3026641,8.533388581937226
3026642,0.42817190784472353
3026643,16.813592619787
3026644,18.577002006509478
3026645,0.23810621550534403
3026646,228.47127856221297
3026647,1.0803038593043728
3026648,1.5291507681086012
3026649,7.824724971283883
3026650,15.105943926930898
3026651,0.8802420930209798
3026652,282.60556474637
3026653,238.52355562670178
3026654,3.1906420158285203
3026655,6.637172380710737
3026656,118.3209348245267
3026657,59.74723447231463
3026658,1086.422914395907
3026659,0.75926601939393
3026660,4.461420335690615
3026661,1.3157916763408517
3026662,0.0
3026663,0.12692187953588135
3026664,731.6902888175181
3026665,0.0
3026666,85.90104081312185
3026667,1.8102697167293536
3026668,406.2719640429347
3026669,186.30437015839405
3026670,81.92776784047642
3026671,130.78099656486867
3026672,17.197798715490222
3026673,1533.9794532912663
3026674,0.9546815960569408
3026675,0.1603898429351432
3026676,8.111309910724856
3026677,2.88596128714162
3026678,0.0
3026679,81.99671842929666
3026680,0.0
3026681,0.025243362571080636
3026682,0.5240173295500734
3026683,10.498287943790928
3026684,0.12327869228745159
3026685,51.07946684821844
3026686,83.3127050943882
3026687,0.3184272881095771
3026688,0.9773496798789811
3026689,48.3119851947696
3026690,9.63758864673924
3026691,140.83408988972224
3026692,0.01734363982387646
3026693,0.7500595700180566
3026694,6.164510460625306
3026695,0.043406528002388305
3026696,0.6083711600015311
3026697,1588.9911825480754
3026698,0.0
3026699,221.56818513253356
3026700,5.48571053009203
3026701,756.291937858823
3026702,427.2759308765005
3026703,157.72622857286103
3026704,133.56186359363494
3026705,54.952580593873435
3026706,2597.247086588473
3026707,1.6623449977333773
3026708,0.4448955440366209
3026709,24.101316631551228
3026710,13.070452172954415
3026711,0.052411236559579
3026712,171.14843669343787
3026713,0.0
3026714,0.15841425378476615
3026715,8.634193093333604
3026716,30.525360809269504
3026717,0.9953260413636094
3026718,220.73525368142805
3026719,167.35201844530644
3026720,1.1244509679166095
3026721,4.387874967364627
3026722,143.10890310163944
3026723,30.68440542256463
3026724,855.530723151327
3026725,0.0908844706161823
3026726,0.6933227821208412
3026727,3.0604306600303666
3026728,0.11027064441930572
3026729,1.9916567181757037
3026730,2574.2207829856884
3026731,0.029886757937200175
3026732,552.0966150683469
3026733,7.968608908612392
3026734,810.779510150505
3026735,673.4331845651689
3026736,219.4286928781717
3026737,108.10527875704572
3026738,72.89394394846435
3026739,3493.950772325653
3026740,3.5767362919346537
3026741,1.353359714092151
3026742,30.129588021654023
3026743,30.67222519575503
3026744,0.40265552215601313
3026745,194.45376987739775
3026746,4.026819315907019
3026747,3.9985643178410957
3026748,5.030948789373613
3026749,23.21172679455373
3026750,1.741970328942076
3026751,176.8255095555286
3026752,247.25613705389065
3026753,3.1010461857684977
3026754,5.323152390079954
3026755,133.4613038292041
3026756,29.40161243927798
3026757,709.915874088878
3026758,1.9789751983618022
3026759,1.7824506913909821
3026760,3.705203827047577
3026761,0.0
3026762,0.15612548961538178
3026763,1322.906347559609
3026764,0.0
3026765,84.40460738694973
3026766,1.8190059323765642
3026767,427.1507004816048
3026768,184.71352005546854
3026769,72.16831721622411
3026770,140.74492767564803
3026771,26.16207559986379
3026772,1670.3857827098384
3026773,1.790903267263395
3026774,0.24251076347393152
3026775,5.09576208515329
3026776,5.525842216223923
3026777,0.04314175160452352
3026778,83.55413409155729
3026779,0.0
3026780,0.021097179991046506
3026781,0.26146374101592607
3026782,16.921031825335128
3026783,0.32417187309116835
3026784,141.67823283215813
3026785,76.81513777824385
3026786,0.49858572550154695
3026787,1.1693024312460851
3026788,39.99307948212785
3026789,13.640086495130513
3026790,321.37784477351084
3026791,0.1361104056070037
3026792,0.07792141398837506
3026793,5.176778151173616
3026794,0.0
3026795,2.140286077416077
3026796,4190.848850773754
3026797,0.0
3026798,541.796888954342
3026799,9.331018455542248
3026800,1368.4475732420842
3026801,680.0126954844957
3026802,245.36060007641694
3026803,142.99221356692695
3026804,95.59735434610286
3026805,4408.563267969548
3026806,12.23201231575279
3026807,0.39162588844800245
3026808,34.011719060243564
3026809,18.485301095497306
3026810,0.11441216845332518
3026811,215.97126363368713
3026812,0.0
3026813,36.881707479641605
3026814,7.1495728006368005
3026815,62.40464474488111
3026816,1.7375642804189582
3026817,298.79854684726564
3026818,283.61340033994105
3026819,4.4999180950432445
3026820,8.21273700742379
3026821,130.095187255175
3026822,49.104813108902995
3026823,2091.984246778246
3026824,0.5511147472258495
3026825,0.5241632245141734
3026826,2.6925860504903505
3026827,0.0
3026828,4.668338139544994
3026829,2538.8689242605146
3026830,0.03797496185605669
3026831,528.6574395199513
3026832,10.307977929455316
3026833,875.6779002575234
3026834,866.6139350857561
3026835,139.49727757242638
3026836,118.30210299449041
3026837,103.32336710806798
3026838,3495.625532053546
3026839,45.63644195758166
3026840,1.1404494428958594
3026841,18.193036749067033
3026842,19.752218571311563
3026843,0.12385599819023638
3026844,213.90998572547312
3026845,21.80102714285274
3026846,38.78287639045699
3026847,2.884892183152949
3026848,75.60941356249383
3026849,6.816740509598387
3026850,196.32076279829593
3026851,232.998423867424
3026852,10.833296315309394
3026853,9.350336393677518
3026854,196.2026716979389
3026855,82.26682575543835
3026856,4448.68474161546
3026857,0.185233089668371
3026858,14.057552304958007
3026859,3.636542759244044
3026860,0.0
3026861,5.34873955876496
3026862,2004.9171392412372
3026863,0.04735820515374181
3026864,453.39329153609225
3026865,10.486280987139
3026866,858.7492303687137
3026867,738.5409345812949
3026868,133.54070138716384
3026869,85.43446948904057
3026870,109.26275420870908
3026871,3285.7187401759356
3026872,20.924050309121014
3026873,0.876928517129985
3026874,21.521596688221702
3026875,24.46928410626535
3026876,0.0
3026877,235.739381752772
3026878,20.012095162575683
3026879,22.498437551679327
3026880,5.826923050405171
3026881,56.6730852721238
3026882,7.1625648111815305
3026883,137.62498675494925
3026884,280.4883714404944
3026885,7.079239380629982
3026886,8.03432302924026
3026887,123.60539547718619
3026888,80.91110409099643
3026889,3558.134261697303
3026890,0.2016955073373256
3026891,14.697687671931742
3026892,6.361269539090545
3026893,0.1830818159421133
3026894,4.765096332645582
3026895,2812.4459902243625
3026896,0.03589927822708956
3026897,617.5423450148525
3026898,7.512377400513088
3026899,1183.2424207357394
3026900,724.3616471671376
3026901,176.12373845333036
3026902,290.77057621958454
3026903,54.25254219723066
3026904,4343.539887362783
3026905,28.108081778749142
3026906,1.275951153320353
3026907,19.94960014506334
3026908,15.791104193923385
3026909,0.20563834644144993
3026910,266.66356539391495
3026911,5.064487433224665
3026912,12.856766069292954
3026913,4.4230222712684615
3026914,33.07325244866586
3026915,2.525246074650776
3026916,149.78668205565126
3026917,263.81832646776473
3026918,6.197402001704647
3026919,8.357088835845296
3026920,181.92760708347586
3026921,62.22474433180468
3026922,1128.470407558233
3026923,7.853935422516656
3026924,8.403236600119886
3026925,2.659772057850641
3026926,0.0
3026927,2.9426807785247386
3026928,2442.623443912521
3026929,0.03905957055696543
3026930,371.69392604633566
3026931,6.717705547994323
3026932,755.2444888871345
3026933,736.621977157242
3026934,183.6622317151998
3026935,119.27867662798693
3026936,83.97474650190695
3026937,3134.7774803278653
3026938,16.445452510034126
3026939,0.8282563231771864
3026940,10.014406945653633
3026941,12.369655093060292
3026942,0.17994115483979747
3026943,195.6670489240965
3026944,18.782412508210154
3026945,23.124388840832264
3026946,1.4450987730806824
3026947,45.49401820750638
3026948,4.481221086777827
3026949,247.08987553803289
3026950,198.4367683454692
3026951,7.33998414744574
3026952,7.485201226059377
3026953,328.0155802362987
3026954,59.39842951079032
3026955,3297.603597499956
3026956,0.03918971984508575
3026957,23.394259277497536
3026958,3.521172111489493
3026959,0.20213054156268287
3026960,2.1974130093776547
3026961,3168.609481223515
3026962,0.018562896701733528
3026963,376.9930078061961
3026964,7.99029459809133
3026965,1390.86778471077
3026966,698.5627969621096
3026967,268.75519100142196
3026968,148.81920573098054
3026969,55.39105926140769
3026970,4916.526214364483
3026971,9.63560331477759
3026972,0.7562173486218497
3026973,22.922969682456603
3026974,24.267371093825663
3026975,0.1791958929218946
3026976,313.28890886471737
3026977,0.0
3026978,0.5404180456919745
3026979,7.225421504543959
3026980,29.188396369715143
3026981,1.4976350058006616
3026982,121.80954308426332
3026983,286.676463214941
3026984,2.1926403010760236
3026985,6.956659447701279
3026986,146.98280259196346
3026987,48.26056674492117
3026988,929.7994536492496
3026989,0.13017866091876573
3026990,2.6587420739599854
3026991,3.9181060967384935
3026992,0.025839996520394617
3026993,4.232524234861446
3026994,2131.4629820095797
3026995,0.10285199370445149
3026996,476.06389449990286
3026997,9.94634146855152
3026998,856.7611987127689
3026999,610.2926171152703
3027000,199.4246377752576
3027001,109.94926464332976
3027002,97.39554524666491
3027003,3327.87683320595
3027004,24.193676205297734
3027005,0.8372586097889061
3027006,16.425528645841666
3027007,28.477492202049735
3027008,0.2227886437303481
3027009,196.17891409385848
3027010,11.36941658666939
3027011,34.13201885162204
3027012,5.5079403084472895
3027013,43.90213212486771
3027014,7.70403934840968
3027015,169.29506080091963
3027016,268.6265200915783
3027017,10.387417687623039
3027018,9.072573486820104
3027019,148.45752918100723
3027020,51.50292004356897
3027021,3280.080976964093
3027022,0.34359679572629753
3027023,5.9199297591685935
3027024,3.392453555169773
3027025,0.1848746645239571
3027026,5.111482872697842
3027027,2616.138771169637
3027028,0.20806825612895646
3027029,627.7181388501883
3027030,9.566331897691194
3027031,781.0014968641249
3027032,803.4625121019302
3027033,169.2417178288049
3027034,166.89717191520273
3027035,116.09108892787424
3027036,3601.583919267413
3027037,40.94239551863954
3027038,0.8580474782804697
3027039,14.811018480816465
3027040,17.624126472255167
3027041,0.21518934586557167
3027042,193.82796359568948
3027043,16.51463511481213
3027044,76.30917485830514
3027045,6.213521668313966
3027046,67.05165727221704
3027047,8.852675796982268
3027048,220.63462944090372
3027049,213.72582611307783
3027050,11.017636758806226
3027051,11.46866045874652
3027052,327.54913728296
3027053,93.3177631779675
3027054,3973.9630752976345
3027055,0.5261642809257525
3027056,16.652877132341594
3027057,4.291550121572421
3027058,0.031921933742709414
3027059,2.087079927953908
3027060,3634.749414163609
3027061,0.04266072147189334
3027062,368.30951623043876
3027063,8.422077625276268
3027064,989.5290375685129
3027065,516.6152078347877
3027066,251.34934660601598
3027067,143.5979634923963
3027068,40.05783489212063
3027069,3848.7191378531493
3027070,4.159397321401443
3027071,0.4729057648588807
3027072,14.778534956053312
3027073,16.179794370171322
3027074,0.06725766231627263
3027075,189.54309782486874
3027076,0.0
3027077,3.152868634375266
3027078,1.6100473033541527
3027079,39.33079341265057
3027080,1.6348619063716368
3027081,171.9235655764
3027082,218.79581018146413
3027083,2.308349600004382
3027084,3.766510063918025
3027085,182.28576834862486
3027086,75.24789342708935
3027087,728.7425331745545
3027088,1.4875955526035822
3027089,0.4601339266403549
3027090,14.999706231708622
3027091,0.11454897035148146
3027092,13.528258252816682
3027093,9529.780717569101
3027094,0.298857685712434
3027095,1495.9338586530114
3027096,29.653053171479698
3027097,2116.883128710171
3027098,2508.058005208921
3027099,494.03569025499024
3027100,615.7059657273267
3027101,384.10943005686084
3027102,9065.708790158711
3027103,76.26745347710994
3027104,3.2942115945583863
3027105,69.97686734843602
3027106,91.62570442620576
3027107,1.1051170553678746
3027108,486.338356421564
3027109,35.12756293698463
3027110,24.919683342715057
3027111,25.95975903401313
3027112,225.45588168428972
3027113,17.3953511309177
3027114,840.99323474706
3027115,460.77758519959275
3027116,31.229139571004865
3027117,39.1097460625443
3027118,1161.956558543321
3027119,372.67140096975913
3027120,15033.278401956237
3027121,134.0699769711914
3027122,97.87048517140154
3027123,11.617964132873885
3027124,0.01501570046878354
3027125,11.171502582642928
3027126,8167.219760022913
3027127,0.24800149490582535
3027128,1239.5977952245362
3027129,29.29904967167541
3027130,2081.395369350653
3027131,2068.949225561594
3027132,538.1293212114562
3027133,296.6860105420687
3027134,253.91253695881798
3027135,9445.234430635188
3027136,82.12469947085903
3027137,0.9804111481298909
3027138,47.36138810818521
3027139,72.75661235205028
3027140,0.7493279642458237
3027141,554.5620848985158
3027142,24.588543158597705
3027143,40.93250901543255
3027144,6.468349352849385
3027145,133.55145869216489
3027146,12.45934522116755
3027147,911.5184037868869
3027148,576.8754216185389
3027149,25.145042794459275
3027150,29.319946476799995
3027151,960.1615648982722
3027152,239.47204648497927
3027153,9479.987046292503
3027154,120.49103782260896
3027155,73.34064682120848
3027156,9.491959567095906
3027157,0.0
3027158,11.709183960211856
3027159,5102.673990989842
3027160,0.08539535996953537
3027161,739.3368695103297
3027162,19.186592301600825
3027163,1828.5547050842888
3027164,1263.4112555470854
3027165,639.1135389832999
3027166,133.70976335553476
3027167,160.87447000923984
3027168,7682.609024438468
3027169,37.240505178306286
3027170,0.9818206247619155
3027171,25.421516560074956
3027172,39.548514951014354
3027173,0.6209408862350771
3027174,475.1423958249672
3027175,32.178434086207496
3027176,30.853958415887814
3027177,6.705590713856095
3027178,70.61239532127935
3027179,6.236098979169018
3027180,827.515765422747
3027181,577.5639579247959
3027182,21.95941114732459
3027183,24.279351236367514
3027184,691.2844699090988
3027185,125.45491568880655
3027186,3915.571659223947
3027187,101.222946490712
3027188,34.94875142554415
3027189,11.883545012474848
3027190,0.04791320798051852
3027191,12.844515575361179
3027192,7605.366357891205
3027193,0.26878297306836313
3027194,1155.9220004968033
3027195,24.32332165682627
3027196,2076.410774273399
3027197,2030.5213681279847
3027198,554.8586887246291
3027199,288.12579732042843
3027200,236.44857166290367
3027201,9021.331635688972
3027202,57.03929642350123
3027203,1.535718864592964
3027204,43.51619735952689
3027205,61.85533256914144
3027206,1.0164251346636077
3027207,560.5813933044241
3027208,24.591004612314798
3027209,31.218352667739673
3027210,7.455313740149066
3027211,114.842169483932
3027212,10.015845177783392
3027213,770.0119615192101
3027214,608.3650104549079
3027215,23.994638037958143
3027216,25.461047840756226
3027217,929.1020238711275
3027218,215.1886388955855
3027219,9033.880823267631
3027220,102.00656323502619
3027221,70.0491364654013
3027222,8.266938422576544
3027223,0.0
3027224,9.714071365889332
3027225,3928.690851513011
3027226,0.01980203493432027
3027227,601.8874139424507
3027228,15.267021770329848
3027229,1561.5204424573735
3027230,926.93008778514
3027231,487.449119283713
3027232,94.26989279724326
3027233,106.30998359493185
3027234,6508.597394710283
3027235,34.33848864931657
3027236,0.4572632341013518
3027237,24.581669367359762
3027238,28.517504827886956
3027239,0.2840896512455141
3027240,410.99715626045236
3027241,23.56905068662725
3027242,13.813356375432537
3027243,4.497679481297945
3027244,67.69290235322642
3027245,3.955501643704519
3027246,659.6446732766947
3027247,506.3784414788385
3027248,15.573181666882444
3027249,16.14532942852962
3027250,517.6848160701795
3027251,81.36034906387525
3027252,2652.402791851214
3027253,118.62565642454783
3027254,18.736230035679114
3027255,9.7241301440716
3027256,0.051441722140921006
3027257,9.396909448432933
3027258,7725.7347796115355
3027259,0.2742224029189895
3027260,1297.216149547654
3027261,29.686020794901054
3027262,1810.4705735976108
3027263,2284.9841306225944
3027264,392.3028957439946
3027265,444.50272559713466
3027266,298.56412825140615
3027267,7871.98009123966
3027268,64.38081328322359
3027269,1.7539725360796177
3027270,36.05246969025493
3027271,45.652695038995
3027272,0.8446982167221162
3027273,422.2403911925348
3027274,22.546877668506912
3027275,42.110101708523395
3027276,13.435687806706923
3027277,148.26579523412823
3027278,13.791151030102096
3027279,726.539444091316
3027280,423.2877524736374
3027281,22.584853387035896
3027282,31.748760920599942
3027283,865.0610862862035
3027284,266.3370617422916
3027285,12170.84258689121
3027286,90.35449829941075
3027287,78.73499139871643
3027288,3.75645312130327
3027289,0.10159021869436748
3027290,5.553445325618081
3027291,1779.9544854095664
3027292,0.1666910913716474
3027293,311.79096808498304
3027294,16.940897053275606
3027295,744.8463933676531
3027296,468.77975415081016
3027297,195.24544403863143
3027298,87.05402894344311
3027299,88.13832553084958
3027300,2664.756469054268
3027301,15.754244463513324
3027302,0.6396544185980526
3027303,20.304930885045543
3027304,26.311146791790797
3027305,0.22235834879735733
3027306,180.46440409518146
3027307,11.592318048701292
3027308,6.974689430420257
3027309,8.6140890226544
3027310,42.16860061395063
3027311,6.268630703739568
3027312,221.08322888437087
3027313,213.48021353275664
3027314,3.663619422416521
3027315,7.942809662770573
3027316,198.94003694891927
3027317,63.27896047183059
3027318,2187.3477313888443
3027319,0.20548970012295664
3027320,9.843875507605448
3027321,8.113460103100675
3027322,0.0
3027323,8.312473654463307
3027324,3840.939164117875
3027325,0.1538178222582099
3027326,531.0652088521556
3027327,24.375590119706946
3027328,1276.3344632013757
3027329,831.570625986748
3027330,396.54654509295364
3027331,83.6158826360308
3027332,107.47152976283925
3027333,5942.450088388082
3027334,42.08008740083244
3027335,0.7663343641921505
3027336,36.40221419521296
3027337,45.28779930139719
3027338,0.2647217486967778
3027339,338.59989882339204
3027340,17.233289965530414
3027341,10.104276615603496
3027342,2.8553234740480136
3027343,77.49812651395703
3027344,6.923983233842727
3027345,483.08274863893485
3027346,403.3123931474792
3027347,10.288457084895212
3027348,18.349918649357253
3027349,325.67119799774235
3027350,77.83997710119712
3027351,3054.934497105044
3027352,102.96498339265585
3027353,15.91012473302316
3027354,5.415397142919673
3027355,0.0
3027356,5.814057848584264
3027357,4937.446132714426
3027358,0.06597726937792192
3027359,859.4647278467395
3027360,11.993550051299131
3027361,1240.4979042870666
3027362,1411.36830577011
3027363,238.77320805919075
3027364,296.9094067702692
3027365,192.89183904661274
3027366,5022.46782447974
3027367,28.929850649205488
3027368,1.1214439319124954
3027369,22.68815459061507
3027370,35.56563144901971
3027371,0.5034282679571096
3027372,266.47634649265717
3027373,2.1464091026103618
3027374,65.58517723003723
3027375,4.171937250221046
3027376,88.92166937313651
3027377,7.515856419382249
3027378,579.4706606102383
3027379,254.42842483015704
3027380,20.67783916907783
3027381,11.305872401648319
3027382,619.2005666455747
3027383,129.01536881226497
3027384,8904.782342921984
3027385,1.952798840023386
3027386,43.55241519782907
3027387,4.831200503981104
3027388,0.48551451203252316
3027389,3.1803852524716234
3027390,3424.47378113101
3027391,0.4616838945864218
3027392,1061.9505178731124
3027393,5.546929815549572
3027394,1289.5961431862438
3027395,838.3986246448455
3027396,374.774528967684
3027397,34.0739589272625
3027398,160.874296434609
3027399,4334.480404802839
3027400,26.498435137826075
3027401,1.6147994243628143
3027402,9.492217768311502
3027403,27.879427418458718
3027404,1.0107430793607728
3027405,209.9037564994346
3027406,4.313799208093814
3027407,47.27725988949836
3027408,3.8572580648934336
3027409,126.82477796397886
3027410,5.029380006114682
3027411,79.34658580778756
3027412,366.5755123272119
3027413,9.736067822882028
3027414,14.44500706448127
3027415,142.03272719599275
3027416,52.838340380369665
3027417,5097.555109016425
3027418,2.9869575373274166
3027419,9.043754745324357
3027420,7.3442488162797765
3027421,0.1700142781162967
3027422,5.2337872038648765
3027423,2434.74772226606
3027424,0.14137647998573188
3027425,509.6963394890254
3027426,7.890762406604322
3027427,1001.5996951424764
3027428,556.6654955057842
3027429,248.3147030952722
3027430,172.48161117307885
3027431,161.6951198350571
3027432,3209.952512456084
3027433,13.950311861910935
3027434,1.1683353517015078
3027435,15.484571584337854
3027436,26.09624644529713
3027437,0.3004391088101215
3027438,212.07072402918647
3027439,3.3644135474117043
3027440,13.843044404587173
3027441,4.581941728692191
3027442,64.85397064573066
3027443,3.1692462182855783
3027444,295.04235860497107
3027445,262.9684549775909
3027446,6.361234391553534
3027447,7.70181413490185
3027448,231.89741240818842
3027449,84.08306607004066
3027450,3500.1126951542733
3027451,0.8160066908500974
3027452,5.913120436156274
3027453,4.721312313740142
3027454,0.06907058625940325
3027455,0.4346940815664293
3027456,1584.9813465218526
3027457,0.0
3027458,173.38400704835308
3027459,3.1442697414235896
3027460,873.8858406613798
3027461,228.77716424249027
3027462,183.82750580876052
3027463,58.396452321951415
3027464,22.762444819573876
3027465,2630.591629097449
3027466,4.968590051368632
3027467,0.39108731789284795
3027468,12.181961270248484
3027469,9.173333523011589
3027470,0.05796223343840556
3027471,179.41915334090106
3027472,0.0
3027473,0.09550961609099685
3027474,2.059291605745768
3027475,15.02405824257654
3027476,0.47109360830116986
3027477,55.92170715735935
3027478,151.20143700569403
3027479,0.351619482884114
3027480,2.883902564040661
3027481,46.719325023926544
3027482,50.33521295642847
3027483,427.0842448283269
3027484,0.1501498590773109
3027485,1.0650824826860892
3027486,3.4623956389574735
3027487,0.0
3027488,4.205042004436304
3027489,3392.2751151862462
3027490,0.0
3027491,513.2924100726366
3027492,10.513927063564807
3027493,1023.9022665773487
3027494,864.2133667797245
3027495,299.284678568323
3027496,155.16176334476629
3027497,109.82234176652356
3027498,4401.4365827241345
3027499,30.661376197092583
3027500,0.6125520106985485
3027501,18.508714769902372
3027502,37.924072480531564
3027503,0.0904730411375791
3027504,262.2556827434524
3027505,23.204687570593602
3027506,19.391205211087815
3027507,10.31824956959847
3027508,55.646498518651036
3027509,5.373819557436571
3027510,368.2123862360165
3027511,281.70646661453395
3027512,9.797973024586506
3027513,10.93446552310486
3027514,446.8745824279638
3027515,91.10284486653536
3027516,3478.672070506347
3027517,0.06832302030371752
3027518,29.374382886307153
3027519,3.7249007498257756
3027520,0.030257100413327007
3027521,3.8544485418043646
3027522,4693.721471350189
3027523,0.14120718630422185
3027524,778.036685782258
3027525,15.672793191509555
3027526,1090.9876829097698
3027527,1393.676429198574
3027528,192.1641395246583
3027529,305.3505265783872
3027530,187.33377235575142
3027531,4548.7240891037645
3027532,39.9889542617886
3027533,1.8967060039818566
3027534,21.34648085225183
3027535,28.019084538126407
3027536,0.5520935438458019
3027537,244.40220559179235
3027538,13.124998901437568
3027539,69.35910348084172
3027540,9.532151058968955
3027541,104.43334771427733
3027542,11.002223772773393
3027543,494.92410078456294
3027544,234.66205157999198
3027545,9.631697026725284
3027546,12.922462818097221
3027547,630.5829492758146
3027548,152.30978934331807
3027549,9190.124406725918
3027550,0.30277179304187585
3027551,48.14550344462887
3027552,4.107133767394431
3027553,0.07711023878211383
3027554,7.824885885374735
3027555,4466.998929950297
3027556,0.11476323704986598
3027557,802.7642923091926
3027558,21.04350104545032
3027559,1132.9294638956062
3027560,1353.5523687067525
3027561,252.81909097007244
3027562,280.1167095041949
3027563,173.84599741551568
3027564,4871.608790227021
3027565,38.02536818536221
3027566,2.1251084271389096
3027567,30.983007173089213
3027568,35.63574971022194
3027569,0.669214454841685
3027570,327.57830905653174
3027571,35.89810288482329
3027572,53.91987208417535
3027573,23.068571325568488
3027574,116.62209209411321
3027575,12.1617228871552
3027576,383.35857835781616
3027577,297.71198301669324
3027578,17.902814925767604
3027579,19.09146381166124
3027580,500.50589999239776
3027581,151.8644083091883
3027582,7438.507980370131
3027583,0.47823516891825696
3027584,44.261551163480654
3027585,9.212913833738108
3027586,0.15318853211189085
3027587,6.432338356205268
3027588,3149.032629884755
3027589,0.0
3027590,454.6723132135328
3027591,10.85659056401033
3027592,1352.587013524575
3027593,882.4191901243394
3027594,499.6127602403148
3027595,140.7129253975814
3027596,68.72862935792011
3027597,5536.717878838416
3027598,6.601139380070566
3027599,1.109043969527876
3027600,34.457831055966025
3027601,30.665296544279617
3027602,0.08297177578573638
3027603,369.90398510464354
3027604,10.88950185544028
3027605,4.1341675827229265
3027606,6.804402857544963
3027607,31.97453712686098
3027608,2.69033026605408
3027609,328.929557511996
3027610,344.391812073823
3027611,5.604659012023952
3027612,9.923840940145096
3027613,393.567533412954
3027614,77.34242465846255
3027615,1025.5860472189681
3027616,41.470353637105795
3027617,11.031628344576362
3027618,3.096810653636375
3027619,0.0435893349349577
3027620,4.404380098098647
3027621,2388.081413104496
3027622,0.10728153944434476
3027623,389.5144446362782
3027624,13.824044809811426
3027625,679.3861849416434
3027626,770.0385303802228
3027627,131.34181704380822
3027628,131.11316970722677
3027629,98.91826243106823
3027630,2768.8544706839552
3027631,22.694606023206102
3027632,1.5915978590232958
3027633,19.203488715609506
3027634,31.1863229323182
3027635,0.2853518426353547
3027636,160.78099293478218
3027637,15.690864852064728
3027638,14.112151636196725
3027639,5.130392162834666
3027640,80.15780903160014
3027641,6.211113352824211
3027642,268.68829116703387
3027643,154.67994064945793
3027644,7.378464621636843
3027645,10.829766698331582
3027646,283.5705153371953
3027647,84.47970355879941
3027648,2229.5134656021974
3027649,0.10832637445959109
3027650,20.97016727819643
3027651,1.6330092855637033
3027652,0.05707865761382789
3027653,0.5534381931650438
3027654,1078.6207374984263
3027655,0.0
3027656,89.9178353415314
3027657,2.4828015655115387
3027658,639.3323468355478
3027659,215.42138744903568
3027660,204.28817777403387
3027661,29.761499794334668
3027662,25.02986316241227
3027663,2121.415071880526
3027664,2.3733637531448557
3027665,0.16457764277857556
3027666,8.942047051384233
3027667,6.881972898577505
3027668,0.0
3027669,135.67752532937186
3027670,2.6138039571797593
3027671,0.06813514205555266
3027672,0.9451318432691043
3027673,7.520046169971112
3027674,0.22923292557343244
3027675,188.32121979183634
3027676,139.13820393367843
3027677,0.5833333257044127
3027678,2.3532102804124935
3027679,115.59082885967176
3027680,16.385216951778276
3027681,203.57999742219846
3027682,3.41601107725461
3027683,1.296075932201774
3027684,5.615088609714107
3027685,0.22408509659563552
3027686,5.247851997251185
3027687,4243.91464278131
3027688,0.051502918910474156
3027689,499.5050925725203
3027690,12.083116185367892
3027691,1605.4769055301877
3027692,525.3780768091993
3027693,420.60320376237934
3027694,98.9124321288552
3027695,72.16578855807875
3027696,6226.382681628994
3027697,16.673069368275385
3027698,0.6014410188796331
3027699,25.987626862184463
3027700,15.542471977121576
3027701,0.20509496607645633
3027702,386.5986725752809
3027703,9.561684633092485
3027704,1.6706588524262536
3027705,6.621879509660633
3027706,26.455648587027184
3027707,2.2734242473070148
3027708,761.2856423848804
3027709,337.3453438321187
3027710,2.2125005434057936
3027711,10.661097308552401
3027712,346.60398598836315
3027713,58.7319794827656
3027714,1040.5692471025104
3027715,44.324274211426605
3027716,5.912029762733027
3027717,4.372224774422797
3027718,0.14177312075644252
3027719,0.8482387151974942
3027720,1673.8072698637775
3027721,0.0
3027722,165.38623556796094
3027723,8.392718630547288
3027724,742.1594788773956
3027725,356.01814712620654
3027726,206.79675618989046
3027727,59.25126696608422
3027728,34.33240247458701
3027729,2719.729934497762
3027730,5.063156670642848
3027731,0.7232617151773288
3027732,10.761703459904167
3027733,11.619919818094706
3027734,0.12448820335279251
3027735,158.08013444498292
3027736,1.485352632109302
3027737,0.1998971932834915
3027738,4.5000628991774505
3027739,22.24003705189396
3027740,1.2219100581415403
3027741,203.07052983762287
3027742,153.73500078268933
3027743,0.988875893253746
3027744,4.711768366853368
3027745,159.79093872854986
3027746,37.43462815585532
3027747,360.7517264258232
3027748,0.21747222528425733
3027749,2.6655504106467522
3027750,3.3179370936443027
3027751,0.0
3027752,0.6468876742497334
3027753,1307.9475962579027
3027754,0.0
3027755,108.89167459757056
3027756,4.089592213219869
3027757,615.9543717758141
3027758,226.09904104484968
3027759,134.07263531711052
3027760,32.83673269088472
3027761,24.057930255693776
3027762,2394.8783151205625
3027763,5.170484782517667
3027764,0.1692984174983618
3027765,8.078623322063315
3027766,7.441097862138747
3027767,0.0
3027768,125.50342139806
3027769,2.5045057826556096
3027770,0.0728906704454199
3027771,1.4814584843383498
3027772,20.261153717273057
3027773,0.47864929069117845
3027774,155.93535943464482
3027775,137.1850267060435
3027776,0.4833518831917279
3027777,2.9437576484210304
3027778,87.04027516618004
3027779,21.712234243659996
3027780,185.63616857350175
3027781,8.984177303497738
3027782,1.239783679100844
3027783,2.4590741194912242
3027784,0.03892287059549064
3027785,1.4771661673738086
3027786,1108.0377159381885
3027787,0.0
3027788,145.27095904770906
3027789,5.140187727156984
3027790,871.8201893229752
3027791,327.51584450358706
3027792,200.96341424036927
3027793,28.774960129106667
3027794,25.73156510708584
3027795,2431.7855057407523
3027796,3.5141259475321807
3027797,0.09911663253346761
3027798,13.307375300034233
3027799,16.36318496342015
3027800,0.0
3027801,185.9575987344841
3027802,0.40579093014573625
3027803,0.032914389459915844
3027804,1.9631507532165622
3027805,11.77488405862501
3027806,0.9349792073599354
3027807,274.3998095876585
3027808,225.23827749571416
3027809,0.6024764996401211
3027810,4.208386204260263
3027811,56.306729659495076
3027812,42.16067637193725
3027813,335.6348880541802
3027814,6.842218781791013
3027815,2.275686241873962
3027816,2.5340653725313946
3027817,0.48724271676265557
3027818,2.4163834658411285
3027819,1603.7215904086618
3027820,0.0180296272398742
3027821,149.26897743410095
3027822,4.440274135374875
3027823,816.1993248204079
3027824,321.58557220618064
3027825,253.222244029482
3027826,72.18023718734077
3027827,50.32577089087738
3027828,2813.9186076400106
3027829,6.570241860585563
3027830,0.641370225715304
3027831,18.23665084586572
3027832,17.458708621262467
3027833,0.04918876195888183
3027834,197.3111407539028
3027835,8.415626609986305
3027836,0.22321523500498588
3027837,3.6571579635706986
3027838,17.066013841719727
3027839,1.0831443199910744
3027840,142.3427935868843
3027841,178.79666757756166
3027842,0.6942635581032286
3027843,4.699731230811325
3027844,130.50108616239038
3027845,39.72836140579258
3027846,616.5842326538972
3027847,9.56667220855368
3027848,4.517902907101161
3027849,2.737674456658948
3027850,0.0
3027851,0.795844688104143
3027852,962.3743425538852
3027853,0.0
3027854,108.2534427323798
3027855,3.4294350108536102
3027856,576.7880874259059
3027857,180.68693107483034
3027858,124.00310641980406
3027859,86.73610174032265
3027860,22.61417898600596
3027861,1732.1510411829884
3027862,2.867346505904831
3027863,0.11871410861502912
3027864,8.974716003780031
3027865,7.8320554674273435
3027866,0.0
3027867,131.57822231563077
3027868,0.0
3027869,0.0
3027870,0.9759512874491691
3027871,15.613356262545807
3027872,0.5075861177387286
3027873,52.71267991392691
3027874,111.66864482890936
3027875,0.47336334578799927
3027876,1.9363885781401113
3027877,61.186306427076325
3027878,25.07819573104896
3027879,352.9284185019867
3027880,0.0
3027881,0.7471692881271081
3027882,6.081674844718661
3027883,0.17364272196432864
3027884,2.8542664250477285
3027885,3255.9451248797686
3027886,0.00096948335942564
3027887,282.2542011933896
3027888,6.356507232995302
3027889,1008.1107452977992
3027890,615.0854046576015
3027891,421.1764536093584
3027892,157.33376793089687
3027893,84.04119312404637
3027894,4391.59574698938
3027895,8.700213464605516
3027896,0.6318115157818485
3027897,19.84625183269439
3027898,22.365325910681616
3027899,0.2084499532008485
3027900,247.26066863414835
3027901,1.0390713855335307
3027902,0.2793577651375969
3027903,8.03177936050252
3027904,25.830344605608666
3027905,1.6851955587831808
3027906,339.8341901166326
3027907,221.0020883444807
3027908,1.7504442287419124
3027909,7.559672294339311
3027910,294.8239567171602
3027911,65.92871866302228
3027912,1205.2057311840506
3027913,9.22719263372451
3027914,8.908823142905833
3027915,0.07031629668471846
3027916,0.05934918613400897
3027917,1.881343310544215
3027918,407.02177092663027
3027919,0.0
3027920,84.67249837562208
3027921,2.0246615072885703
3027922,146.74854980158315
3027923,132.13621991302642
3027924,42.345271490060846
3027925,25.17398809077718
3027926,18.460573230945798
3027927,779.0958291492464
3027928,1.416956737572057
3027929,0.4825784844162978
3027930,2.61314289409201
3027931,5.261235437256132
3027932,0.0
3027933,48.88652571450958
3027934,3.032003815177525
3027935,1.7726443785715391
3027936,1.4733096387971791
3027937,19.085958140959562
3027938,1.2478947888130527
3027939,50.55912341746962
3027940,33.663177902021474
3027941,1.6894583376161236
3027942,2.350915747832502
3027943,41.261041414397184
3027944,3.3345733992603144
3027945,283.40044972814906
3027946,22.805357232863283
3027947,0.8603848176886291
3027948,5.230857252527818
3027949,0.046541714448196575
3027950,1.073751282673638
3027951,2304.098234890664
3027952,0.01316137515221918
3027953,145.08235101208447
3027954,5.702536623937774
3027955,787.6280700963049
3027956,287.89401409521855
3027957,249.39570890841867
3027958,53.37825547328325
3027959,41.021070646955586
3027960,3130.662305537157
3027961,8.382511393729345
3027962,0.7882936014446527
3027963,15.361820539596604
3027964,10.933345520206451
3027965,0.08363921245646817
3027966,166.48159478931768
3027967,6.451262275684675
3027968,0.16802959816181035
3027969,3.210965683954873
3027970,20.3632396148959
3027971,1.3016988593891243
3027972,136.06379350056247
3027973,159.78092787357602
3027974,1.0217354930753895
3027975,4.761476083671935
3027976,110.22444451460014
3027977,32.53549254175957
3027978,386.9878940334467
3027979,4.860300988442276
3027980,3.3167657542051163
3027981,3.864622316595015
3027982,0.012670836808873851
3027983,4.850921510527873
3027984,2732.2342312095916
3027985,0.09133843588142997
3027986,493.6168251821331
3027987,10.509012073579456
3027988,806.6855840854905
3027989,816.3223745515752
3027990,206.93668598297387
3027991,146.45724145912612
3027992,106.9618614489853
3027993,3686.3286757411847
3027994,28.80721579638828
3027995,0.886687801636538
3027996,15.25128620710682
3027997,21.01230010091844
3027998,0.24003888994922598
3027999,210.17770031505967
3028000,22.385757501198466
3028001,10.534482908776226
3028002,9.27040884593833
3028003,52.67704480111355
3028004,5.927299106182909
3028005,387.83964907766915
3028006,220.03895081670368
3028007,9.141129743056096
3028008,8.443347954155577
3028009,400.3340259727635
3028010,95.86458561560596
3028011,2016.971071304878
3028012,0.2770281771238301
3028013,22.613388096290173
3028014,4.987483115584304
3028015,0.2541540671330752
3028016,4.034855006040625
3028017,2657.938182726384
3028018,0.03966276105175124
3028019,326.2570594373498
3028020,5.632803654217303
3028021,1059.1423656857646
3028022,555.0828505014293
3028023,436.276098227938
3028024,82.17405849492692
3028025,106.30075822460319
3028026,3872.794375225783
3028027,8.785186444665351
3028028,0.4366185575978597
3028029,12.45501527469431
3028030,9.064332153953648
3028031,0.06512280860710912
3028032,256.9423833213583
3028033,3.9410375095019603
3028034,4.4995181750661954
3028035,2.9274951907305145
3028036,23.7124654934069
3028037,1.0446620670965046
3028038,406.02136974809133
3028039,286.3311510700195
3028040,3.270567338970892
3028041,4.666121340492351
3028042,242.19462634476486
3028043,87.3575819507765
3028044,829.6658416519319
3028045,34.5220052648709
3028046,5.282104496523879
3028047,8.799669209972762
3028048,0.35938304709869673
3028049,5.121505922329976
3028050,2558.6090311809658
3028051,0.10682712038136917
3028052,458.9128190230085
3028053,5.774379618449529
3028054,1168.2355147307558
3028055,511.91704493199575
3028056,308.47511433259547
3028057,216.121629809465
3028058,79.7935205378404
3028059,4061.84523560095
3028060,13.263991692258076
3028061,0.7953370061338323
3028062,25.73359070610462
3028063,24.445597461364557
3028064,0.19353695643714994
3028065,262.0646660106101
3028066,2.90219475876086
3028067,3.2694275906492702
3028068,8.68635547370117
3028069,49.66229297690963
3028070,2.1346177667207864
3028071,172.3789106634426
3028072,264.6562919864456
3028073,2.9267905961898246
3028074,8.05621342446566
3028075,192.08427459689372
3028076,145.44614693515092
3028077,1180.9796804090565
3028078,0.8251239477512464
3028079,4.848288251586128
3028080,3.5526439706898243
3028081,0.17820272913854973
3028082,1.1323283151964967
3028083,1178.5283554645862
3028084,0.024535943100325332
3028085,142.450926877632
3028086,6.43901450939051
3028087,567.5390799680673
3028088,245.29587619576822
3028089,149.40809779779144
3028090,63.305551713345196
3028091,42.77828759535912
3028092,2264.7969810988507
3028093,5.033280223163703
3028094,0.5294318238417963
3028095,20.72372389926883
3028096,18.4828279020016
3028097,0.1448759431251188
3028098,128.9096420421434
3028099,0.7707961825919252
3028100,0.4038910719770641
3028101,4.256870911599574
3028102,22.907483237518246
3028103,2.368810806341947
3028104,181.40940085997153
3028105,122.81203859572105
3028106,0.8757752139670549
3028107,5.116315525378334
3028108,85.76293976973395
3028109,34.574451234124396
3028110,414.6303099647923
3028111,20.301413894625515
3028112,2.087252874292521
3028113,1.766039625516893
3028114,0.0
3028115,0.9275283220616668
3028116,1494.573055492745
3028117,0.06503338935362872
3028118,235.74758857595745
3028119,11.081715584392173
3028120,507.8410271161409
3028121,423.2273198394906
3028122,118.854358537314
3028123,45.36651883773462
3028124,59.18112776763332
3028125,2097.966091679973
3028126,25.73852595755876
3028127,0.09646257567745614
3028128,7.762446847944659
3028129,13.143972299301991
3028130,0.13515550198992773
3028131,130.8646173937524
3028132,10.21462369136799
3028133,1.402757311674427
3028134,5.942545169263329
3028135,37.78814725972344
3028136,3.31608161870888
3028137,476.64207971748243
3028138,125.37678260519608
3028139,3.131152138986799
3028140,4.183556591122117
3028141,257.96421744059984
3028142,34.98845691988124
3028143,1491.319518891966
3028144,0.023384382264728387
3028145,10.982218584513333
3028146,3.380887327316696
3028147,0.032595730481693425
3028148,7.494399329983295
3028149,3836.517062916165
3028150,0.0864219091437529
3028151,883.2001879623613
3028152,15.953785230769782
3028153,1151.7143172867757
3028154,1338.7386050401142
3028155,283.60212108420825
3028156,207.17770664113323
3028157,151.77821087456633
3028158,4274.362253473679
3028159,27.399413814621585
3028160,1.1286097165548346
3028161,20.29751702806162
3028162,40.232253700587684
3028163,0.20144360582926416
3028164,286.5819187983191
3028165,12.708767350726605
3028166,34.36085568273202
3028167,9.66575821967374
3028168,88.32814775744674
3028169,10.919670486569226
3028170,312.6813541911726
3028171,293.72009503441086
3028172,20.268586378028708
3028173,13.420955156085949
3028174,414.96826794165264
3028175,108.94648653452906
3028176,3509.4582850869724
3028177,0.4119899978659621
3028178,30.163265630228622
3028179,0.3648009947697765
3028180,0.0
3028181,0.7818514196135855
3028182,1514.0266122613148
3028183,0.0
3028184,278.543888233189
3028185,3.299688070943666
3028186,357.04854114214186
3028187,356.89327254910285
3028188,97.77180827032997
3028189,69.52895070459789
3028190,5.945981358273579
3028191,1481.7341405967425
3028192,4.354183488729373
3028193,0.10593114958361043
3028194,11.681005331466716
3028195,16.926685078535087
3028196,0.0
3028197,5.4766893439160915
3028198,0.0
3028199,10.641803099085763
3028200,1.5047112025008982
3028201,73.3035874517558
3028202,2.598250986123839
3028203,148.43197586580823
3028204,105.38839896906019
3028205,2.602100864856583
3028206,2.417435783951419
3028207,116.12705971140241
3028208,5.479156183947261
3028209,78.88169007376614
3028210,0.0
3028211,0.18261137958562443
3028212,2.5416363509356703
3028213,0.0
3028214,1.2710104404296834
3028215,948.1488327317832
3028216,0.0
3028217,170.91090221499323
3028218,4.679166773332775
3028219,330.4184212342315
3028220,205.67360807375923
3028221,69.24763522474153
3028222,35.306291476511745
3028223,30.97431597457053
3028224,1423.528116745164
3028225,3.0391930515021697
3028226,0.27357138780119156
3028227,9.49316734774259
3028228,7.820936395910483
3028229,0.09303728364233131
3028230,75.2718184479131
3028231,0.3868241490577941
3028232,3.622888437892761
3028233,1.347989760851744
3028234,16.305037369487952
3028235,0.33414046012179754
3028236,196.87429681245013
3028237,108.4728678906276
3028238,1.8930138581493838
3028239,1.6337868517244187
3028240,107.90674579705939
3028241,13.721654873839642
3028242,466.77542363595654
3028243,0.2689963425806676
3028244,1.7040022308203095
3028245,4.297975746811621
3028246,0.0116515085062662
3028247,3.106656906591094
3028248,2784.6859258432146
3028249,0.01946260539748308
3028250,547.7241324380319
3028251,12.29642401332592
3028252,782.943603476499
3028253,792.29813392915
3028254,214.8151526514684
3028255,190.2534494280394
3028256,97.95588507307717
3028257,3233.833244016545
3028258,18.689161458911567
3028259,1.2967725931538499
3028260,13.691984148084009
3028261,22.805123095088693
3028262,0.2803758650561381
3028263,165.24770800765327
3028264,5.125303463535662
3028265,23.653517666550513
3028266,4.549642491729285
3028267,78.36080153955932
3028268,3.3702325896704943
3028269,250.8555228883331
3028270,183.00554535107693
3028271,10.284619554725753
3028272,8.894164815263279
3028273,319.9799894247464
3028274,74.16389714051942
3028275,2224.9494211311967
3028276,0.44919485447688173
3028277,15.38616143279134
3028278,6.750691402445115
3028279,0.06454292257840993
3028280,1.2283211408458858
3028281,3012.1262173404793
3028282,0.0
3028283,493.4609522328222
3028284,11.25242656449669
3028285,1046.4399461331682
3028286,673.4211975588893
3028287,330.04798608527926
3028288,201.82036140407178
3028289,68.58866076055595
3028290,4267.35195613147
3028291,6.841112995108103
3028292,0.7653060339483162
3028293,26.908436826902456
3028294,16.146575311876607
3028295,0.34926617763783957
3028296,230.66238921693548
3028297,0.0
3028298,3.4102135918576186
3028299,4.7551226167293095
3028300,47.155048499900765
3028301,0.8046601620446197
3028302,324.6986070713289
3028303,254.28950857705468
3028304,4.805160850872457
3028305,5.177062200039448
3028306,217.82455982945302
3028307,58.344841131732416
3028308,1447.8938161545698
3028309,1.2258737251667675
3028310,2.93760990473877
3028311,5.439891030880852
3028312,0.29545819933655215
3028313,1.6585707242283112
3028314,2712.794433353333
3028315,0.09323777137871929
3028316,457.73818865856987
3028317,8.547680043734854
3028318,995.2471458579925
3028319,558.0957741236767
3028320,260.8691552018943
3028321,175.7866044628523
3028322,71.87062719962833
3028323,3424.3452836797337
3028324,8.737153634681592
3028325,0.7121259234529134
3028326,21.12779506088716
3028327,19.808153404123033
3028328,0.22228674510020308
3028329,221.2918792174644
3028330,0.0
3028331,2.3954310797905247
3028332,3.7031633693276103
3028333,54.20660812729812
3028334,1.1391305883878933
3028335,185.45186132572368
3028336,238.27540719916172
3028337,4.899590808744112
3028338,5.279252189549276
3028339,227.97401084557399
3028340,88.7490088410085
3028341,1223.658148775017
3028342,1.0551759590141638
3028343,3.044484091894722
3028344,7.369660092822015
3028345,0.33620532630732297
3028346,9.595537574080668
3028347,7281.250766102379
3028348,0.277600672000379
3028349,1136.345549064107
3028350,37.266070821709036
3028351,1694.8155994038075
3028352,2056.064983149343
3028353,320.4595876726192
3028354,448.38595904560316
3028355,284.4674830303525
3028356,7382.209346466981
3028357,77.19005561156176
3028358,2.7088368980249258
3028359,44.173417379818574
3028360,50.980716814398214
3028361,1.0273528453956353
3028362,373.047335550872
3028363,42.30895723684569
3028364,41.900100443681445
3028365,27.83365183252981
3028366,177.13203342326324
3028367,17.40110527770249
3028368,707.6728716207813
3028369,394.4290176843941
3028370,20.46341372716194
3028371,26.39291698309133
3028372,1054.0942091990846
3028373,328.8866540777189
3028374,6071.86311697361
3028375,1.214477755655032
3028376,79.398902891029
3028377,2.858103727251907
3028378,0.04837451885369668
3028379,0.5237635970596215
3028380,1413.9805894734714
3028381,0.0
3028382,139.02112318312433
3028383,3.09208908291179
3028384,501.66122474582204
3028385,241.08417729341664
3028386,110.43825609340384
3028387,123.00797544421954
3028388,43.92279152531665
3028389,1865.3158905905427
3028390,2.891720121791045
3028391,0.6314801307744955
3028392,12.353750495163867
3028393,7.978576446000314
3028394,0.1264682474869537
3028395,112.48123612821782
3028396,0.3691890949094461
3028397,0.3955380029366067
3028398,2.5080212963081476
3028399,29.159704405625487
3028400,0.4976894328698233
3028401,126.14214803461346
3028402,96.09947216856771
3028403,1.4660336891202386
3028404,3.2426287381811063
3028405,96.25288107406676
3028406,19.955203909288617
3028407,480.0543566024972
3028408,0.17528006427774295
3028409,2.3887961617515896
3028410,7.082142978624052
3028411,0.27947835589128
3028412,1.7429629005931635
3028413,2550.6762039405353
3028414,0.04790801999147595
3028415,386.09361398184575
3028416,7.533039286604501
3028417,1156.0409371170294
3028418,565.211738307504
3028419,228.51683888775247
3028420,206.03817855046873
3028421,63.004422769271784
3028422,4186.37719400823
3028423,9.629324970544657
3028424,0.462331205486876
3028425,19.202698844247905
3028426,17.577141841090103
3028427,0.2472019012489556
3028428,237.1076192537784
3028429,1.1075715685181096
3028430,1.7159607852829906
3028431,8.472228813459429
3028432,19.009177775521902
3028433,0.9073780411050856
3028434,548.6925613205008
3028435,249.43915934291402
3028436,3.2552830018546857
3028437,6.837007641651029
3028438,136.83347514400697
3028439,63.33692393245971
3028440,1147.5262661226466
3028441,0.8038571227126985
3028442,3.5501493629138015
3028443,1.5710967775168556
3028444,0.0
3028445,0.1924950216060368
3028446,862.7122443281729
3028447,0.0
3028448,90.43976853408196
3028449,2.23563090865593
3028450,448.29300752530054
3028451,131.16744179521987
3028452,89.77374228448271
3028453,125.87207655434167
3028454,17.65378074061737
3028455,1629.8532177733762
3028456,1.1879476107660012
3028457,0.186792911494287
3028458,5.382315754740269
3028459,3.1312374572320785
3028460,0.0
3028461,88.46345315116257
3028462,0.0
3028463,0.1449816842658449
3028464,0.6646772849257903
3028465,18.401547551062443
3028466,0.1496938736117321
3028467,83.87119344877952
3028468,84.67905781076612
3028469,0.3238846878104279
3028470,1.0617664705458858
3028471,55.143393937697276
3028472,10.726852633851417
3028473,151.87175771653406
3028474,0.03916701254123038
3028475,0.7600165677486022
3028476,10.861371741138974
3028477,0.046850933269309065
3028478,1.7087415029193185
3028479,2687.793799012788
3028480,0.0
3028481,261.06972311290457
3028482,9.09664637367562
3028483,1280.276231984955
3028484,435.744140458853
3028485,213.26404276836976
3028486,174.51297809072037
3028487,84.26745258851442
3028488,3400.037645323491
3028489,3.0246760344824084
3028490,0.41898538146743064
3028491,52.05881699554495
3028492,23.69640985917085
3028493,0.052278288398718495
3028494,232.8956075548406
3028495,0.0
3028496,0.21982746081671245
3028497,18.237559166726232
3028498,65.01428890013439
3028499,2.3982403476475356
3028500,411.6179346842369
3028501,228.6246654378046
3028502,3.3102151921885916
3028503,5.172471644059087
3028504,212.79768016042814
3028505,35.968604293346296
3028506,1787.5658675043221
3028507,0.11786237406533676
3028508,1.5608549001046588
3028509,3.4882351406622725
3028510,0.13661260983382845
3028511,2.135144138234022
3028512,2689.2368777741335
3028513,0.04707724083580527
3028514,564.4642904679623
3028515,8.72718542967403
3028516,876.2428163305731
3028517,573.0232440760955
3028518,228.14050207057755
3028519,114.69825722753173
3028520,79.54808336676602
3028521,3741.954011750261
3028522,4.1497956004507595
3028523,1.3938860410747513
3028524,22.86819447974192
3028525,37.98935948734114
3028526,0.4112248347436621
3028527,211.60637695668973
3028528,3.8924802632690696
3028529,4.347891410827542
3028530,5.580270614297418
3028531,31.300044017606155
3028532,1.8124484777236018
3028533,224.0802436697227
3028534,255.0937627526617
3028535,3.1880440150941745
3028536,5.615293900116028
3028537,149.90354824614286
3028538,31.90330348346837
3028539,835.8290675409409
3028540,1.9841911604636016
3028541,1.9533796358139175
3028542,3.8939462566638907
3028543,0.0
3028544,0.9045618360213854
3028545,1493.4593231736533
3028546,0.0
3028547,86.76318532737183
3028548,2.0753085469275967
3028549,461.15312574052876
3028550,156.9186327589718
3028551,82.5017717771576
3028552,142.41503662505446
3028553,29.680736150452613
3028554,1863.1623069834188
3028555,2.06404471643264
3028556,0.25833317248814425
3028557,9.655339005357506
3028558,5.921126898586192
3028559,0.041154381574464195
3028560,102.72221514803928
3028561,0.0
3028562,0.102506451336557
3028563,0.4235208849573556
3028564,22.424109896729245
3028565,0.30089615370606504
3028566,282.7099934976746
3028567,81.77769278117114
3028568,0.49281864869967684
3028569,1.2423056698187054
3028570,48.30267458488052
3028571,14.879261669695616
3028572,297.56095196405823
3028573,0.16134288287609982
3028574,0.25062096273716544
3028575,4.570555597158714
3028576,0.0
3028577,1.1572191047961193
3028578,2875.4840818681055
3028579,0.0
3028580,415.4789569544733
3028581,5.8529199352764
3028582,925.3574690128564
3028583,543.5263948710733
3028584,228.91139179428822
3028585,125.02097725156113
3028586,70.01563541879995
3028587,3856.6019223561902
3028588,5.803272149840611
3028589,0.422339701223889
3028590,21.8074460561933
3028591,13.677950148929341
3028592,0.12923149747727966
3028593,195.30292240362024
3028594,0.0
3028595,15.865914902314042
3028596,2.719874999574066
3028597,45.33806358094283
3028598,0.739406666605215
3028599,360.17146233955873
3028600,224.78262897490885
3028601,2.4870786817166697
3028602,4.80915513522121
3028603,125.7939642100412
3028604,46.30161181952704
3028605,1141.14437352919
3028606,0.5683609734731889
3028607,0.7088358649659194
3028608,2.574734125086111
3028609,0.0
3028610,4.61236064404736
3028611,2390.2072516209596
3028612,0.013968865980643964
3028613,477.5358088567577
3028614,10.561560223218853
3028615,854.6108716736862
3028616,825.6059635197631
3028617,135.19798678622107
3028618,111.65776765763616
3028619,119.66725707727511
3028620,3246.012167512116
3028621,40.47126538201134
3028622,1.1269153223653352
3028623,18.12681543970806
3028624,19.316835723450733
3028625,0.08782761030246358
3028626,192.61326976018782
3028627,21.42182024766658
3028628,21.61498537554706
3028629,2.9987588481874967
3028630,73.17597111156418
3028631,6.72282725373862
3028632,194.41871016144646
3028633,215.69794776355727
3028634,10.433850239555062
3028635,9.39094121814097
3028636,196.37577497193905
3028637,82.2539987065072
3028638,2171.458130065789
3028639,0.1413285225470114
3028640,14.326369806737441
3028641,3.5599160671903354
3028642,0.0
3028643,5.254726437941961
3028644,1891.4526072243882
3028645,0.03311012364586718
3028646,405.17326881094607
3028647,10.715210034817686
3028648,822.0411649289005
3028649,686.9110842086815
3028650,128.31126890115536
3028651,79.00104846572927
3028652,86.50865765390938
3028653,3094.0618881898386
3028654,20.45079735316014
3028655,0.8357967667586996
3028656,21.07553668199447
3028657,25.137126552466334
3028658,0.0
3028659,223.04849502773936
3028660,18.97309198398964
3028661,11.392687937564423
3028662,5.473846491917539
3028663,60.45936758281713
3028664,6.8791337955878955
3028665,135.74385941939232
3028666,248.54866564027583
3028667,6.936775493276576
3028668,7.952829260339811
3028669,124.87840253579833
3028670,81.37063800528254
3028671,1519.237121104039
3028672,0.1528695754009024
3028673,11.808280457201688
3028674,6.463663735273253
3028675,0.18194626031255887
3028676,4.836552299237016
3028677,2844.6616644470505
3028678,0.027604692940294575
3028679,591.8768169983805
3028680,8.203246147946519
3028681,1198.8362711194968
3028682,556.2722151983165
3028683,177.28558910575515
3028684,268.32418940373316
3028685,57.53470937816145
3028686,4344.631654313997
3028687,25.978893727526692
3028688,1.318974945504447
3028689,20.78093819780941
3028690,20.220111154400183
3028691,0.18845046564216672
3028692,256.27562302259355
3028693,5.12829837504486
3028694,13.307779601667821
3028695,7.417515226274373
3028696,37.85313973490065
3028697,2.566215507829229
3028698,209.138903776727
3028699,255.56186608510563
3028700,6.142024007307276
3028701,8.51921032126794
3028702,194.65900991182582
3028703,65.80682276892584
3028704,1261.87290557365
3028705,5.1383030578903535
3028706,8.808143033342187
3028707,2.5241144350578657
3028708,0.0
3028709,3.8862253100727857
3028710,2256.6182386781065
3028711,0.02987754385441739
3028712,336.23433567416697
3028713,7.531639415897759
3028714,703.5021141529829
3028715,681.2531277960422
3028716,165.19643354420984
3028717,106.10568559845181
3028718,71.47742613289071
3028719,2939.4260336507477
3028720,16.558914486172952
3028721,0.7903793364776963
3028722,10.495993686796506
3028723,11.664816173834774
3028724,0.14060558677101415
3028725,177.52692571835652
3028726,18.29827882376641
3028727,12.71281791997737
3028728,1.523128923811203
3028729,53.5607240660935
3028730,4.537335485083827
3028731,266.8387430609636
3028732,176.74911339783392
3028733,7.189190573440564
3028734,7.288427434972057
3028735,304.477949946369
3028736,59.1186294743024
3028737,1691.675874284729
3028738,0.00378200959367359
3028739,20.8871423585403
3028740,3.599774798713014
3028741,0.20547060575328613
3028742,2.2698215865657967
3028743,3361.2121054103295
3028744,0.005127832028590966
3028745,381.77320080577067
3028746,6.847327388943095
3028747,1466.3425134839524
3028748,536.7396533043828
3028749,270.63528726779606
3028750,137.29536293784577
3028751,59.073566832533444
3028752,4995.385447128577
3028753,9.557454476409548
3028754,0.735229802750051
3028755,25.09012264906851
3028756,24.499068054308825
3028757,0.15375521273659806
3028758,314.20191232582346
3028759,0.0
3028760,0.6052253952007922
3028761,7.170174325651617
3028762,40.56455353011833
3028763,1.4153767649174576
3028764,163.3600962944653
3028765,293.3014103469161
3028766,2.15311363235693
3028767,6.899594069777183
3028768,154.652245157152
3028769,48.833754455450624
3028770,1054.2089910545528
3028771,0.1499842560525552
3028772,2.5212453101815826
3028773,3.824288697771859
3028774,0.019033260641383158
3028775,4.070181502189585
3028776,1987.4502998051753
3028777,0.10148258589564664
3028778,420.08986971990333
3028779,10.98454266256606
3028780,802.2349977404344
3028781,578.6768556811612
3028782,183.58391143667885
3028783,100.2007850698975
3028784,100.95831504845368
3028785,2967.8165700977656
3028786,22.68627342947673
3028787,0.7887545977502342
3028788,16.84672056032136
3028789,23.720705096856776
3028790,0.21313856495921402
3028791,191.67885641925665
3028792,10.932155636849648
3028793,17.769053238915703
3028794,5.344619282005849
3028795,51.243653768382835
3028796,7.626155437892905
3028797,171.6611437241259
3028798,246.50372468113815
3028799,10.092849287241087
3028800,8.9092694337098
3028801,149.69692112084653
3028802,52.35246025222709
3028803,2076.162461940949
3028804,0.3041689515641439
3028805,5.803039484234051
3028806,3.3773666755319747
3028807,0.16405106959143917
3028808,4.221657575710201
3028809,2600.3781882474536
3028810,0.18091788708034262
3028811,594.95296885692
3028812,10.256568285969319
3028813,766.2536702926425
3028814,782.2677661944518
3028815,164.87222430077023
3028816,156.59420300261843
3028817,120.09149563657357
3028818,3504.639411335305
3028819,41.396475713428345
3028820,0.8734344484718619
3028821,15.674891291394442
3028822,18.52002634696034
3028823,0.18560018227386096
3028824,174.16491792704218
3028825,16.16315207747914
3028826,46.24838635826096
3028827,7.816138955056507
3028828,75.02507903623089
3028829,8.772287275546855
3028830,219.44588675661748
3028831,205.4312904711393
3028832,10.72559570929128
3028833,11.328277311015118
3028834,326.70801374036193
3028835,95.7776173721632
3028836,2494.3889654235736
3028837,0.47096935583676597
3028838,16.206951447043703
3028839,4.482950654063828
3028840,0.036052722996862276
3028841,0.9445305913702688
3028842,3882.7829148719593
3028843,0.037503251426940484
3028844,390.68476507056846
3028845,9.223572441035936
3028846,1081.4520738030228
3028847,450.69213525319793
3028848,268.05571175181103
3028849,149.6750099526176
3028850,38.0446967560519
3028851,4182.168831601849
3028852,4.439575088267046
3028853,0.469687751349411
3028854,19.385321718395254
3028855,13.40044646527491
3028856,0.059789252118034264
3028857,214.71923245240015
3028858,0.0
3028859,3.355993822829575
3028860,1.8698590552077579
3028861,49.85137331775704
3028862,1.5506936881445217
3028863,248.4974213065089
3028864,234.43648864083377
3028865,2.2655097961842534
3028866,3.7830199900317725
3028867,203.4025798063179
3028868,76.01444755626342
3028869,906.516132209588
3028870,1.514903789389027
3028871,0.6165032710895848
3028872,14.257363091450715
3028873,0.10811968003528515
3028874,13.224790152324038
3028875,8682.183519469383
3028876,0.2761368479599036
3028877,1437.1225087133353
3028878,31.343568262546263
3028879,2046.2639811302172
3028880,2384.460898570865
3028881,465.92001768846933
3028882,559.3070261603075
3028883,384.2166422300276
3028884,8574.554862710573
3028885,76.33997301953438
3028886,3.171396793824938
3028887,70.96411643877252
3028888,90.7751908474014
3028889,1.0202818359477517
3028890,442.75181183394994
3028891,29.27598641493038
3028892,20.407790646328912
3028893,25.662561723649056
3028894,274.68970311245664
3028895,16.86228300487245
3028896,823.077524681433
3028897,433.40460474526174
3028898,30.69990704482895
3028899,35.680391202880685
3028900,1070.4439705387022
3028901,367.7600104855288
3028902,7725.28223305489
3028903,133.16330502833873
3028904,92.62811238583828
3028905,11.122516598503333
3028906,0.014567170581472945
3028907,10.776604471192003
3028908,7766.70619763527
3028909,0.22680332986157417
3028910,1147.0042538827038
3028911,33.621763039647945
3028912,2007.9717862384778
3028913,1888.734463121491
3028914,492.26309310964984
3028915,278.0151120658332
3028916,302.62946968838264
3028917,8819.552554621456
3028918,81.37692463011885
3028919,1.0000863228629577
3028920,49.281274700913634
3028921,72.03654609553506
3028922,0.6779480132500921
3028923,515.9685481588484
3028924,24.066948162356358
3028925,27.441863151493042
3028926,7.225014321058364
3028927,168.9282288152548
3028928,12.655499456570158
3028929,890.9863519138974
3028930,517.6385059808097
3028931,24.67576986141653
3028932,26.130116564753347
3028933,904.6114061655187
3028934,240.72772847968267
3028935,5110.761518678886
3028936,117.12515419968581
3028937,71.0902984018173
3028938,9.563827966094241
3028939,0.0
3028940,11.68113876046375
3028941,5030.047898250335
3028942,0.08195178031662956
3028943,719.3013617726327
3028944,21.32732468456875
3028945,1801.4205800113425
3028946,1255.909593869245
3028947,616.574594031971
3028948,137.993478171427
3028949,174.7866809814367
3028950,7578.764273311018
3028951,38.481034500802
3028952,0.9827686217689011
3028953,24.936247255662224
3028954,40.85632109471789
3028955,0.5719143881320183
3028956,432.27027360923694
3028957,31.573143874453883
3028958,17.91542533156962
3028959,8.699165953271391
3028960,98.83927532313425
3028961,6.375291399738569
3028962,828.6652958529887
3028963,556.3579752528788
3028964,22.06011259103071
3028965,21.947622165096902
3028966,664.3601082213466
3028967,127.04601339418093
3028968,2165.085009790934
3028969,98.7881478323954
3028970,34.02795412491913
3028971,11.543838578293137
3028972,0.04734014107125486
3028973,12.521403951853557
3028974,7498.4187240777555
3028975,0.2598267190393388
3028976,1100.192599466743
3028977,26.757135649787244
3028978,1964.4006956667522
3028979,1917.2424893380621
3028980,526.8433293619465
3028981,281.42493614262105
3028982,246.26443220508625
3028983,8684.837393453576
3028984,58.656908218742814
3028985,1.5745410206882555
3028986,46.864954653864984
3028987,60.94340042717714
3028988,0.9458657696837272
3028989,482.7631739271267
3028990,33.32326437862598
3028991,23.820564854951947
3028992,7.458972195661087
3028993,137.92099709360875
3028994,10.275433012630883
3028995,786.7672239051594
3028996,574.316312572759
3028997,23.910901550641537
3028998,25.23448092734228
3028999,954.34992391281
3029000,216.6167931631977
3029001,4639.391364011275
3029002,99.03630778780519
3029003,66.47372455406887
3029004,8.429231975609813
3029005,0.0
3029006,9.808225429660565
3029007,3920.0334336427254
3029008,0.01569830466502127
3029009,581.5533135132787
3029010,17.489510337610643
3029011,1610.2243816178384
3029012,921.1763177947581
3029013,478.512016377098
3029014,97.29591402970475
3029015,116.31932437221244
3029016,6450.886094970224
3029017,36.13977384683104
3029018,0.475067345241678
3029019,27.147856983360516
3029020,29.02020902990195
3029021,0.2494513654394542
3029022,376.1650874362239
3029023,22.896294019091428
3029024,9.227659663790387
3029025,3.7076147228425613
3029026,66.89042098144249
3029027,4.155807539825398
3029028,667.441771543829
3029029,496.1091881310922
3029030,15.553593773158532
3029031,16.151848700416522
3029032,512.940881549366
3029033,84.2790497762607
3029034,1465.1676119556753
3029035,115.72100020986709
3029036,18.382342838476756
3029037,9.325490207447187
3029038,0.02987428387950204
3029039,8.994104877460382
3029040,7122.830293553432
3029041,0.24629178365412285
3029042,1163.3983816591171
3029043,32.056591237540474
3029044,1727.959821085396
3029045,2116.0806052235307
3029046,366.13426235079476
3029047,399.50448050429617
3029048,295.9269611971766
3029049,7340.444999003295
3029050,62.570875703618576
3029051,1.6839400000597724
3029052,42.323333686034104
3029053,43.141414278255034
3029054,0.765728543864401
3029055,359.76759561128335
3029056,19.038936512212004
3029057,22.21704064913557
3029058,11.87250986583429
3029059,163.06548909337144
3029060,13.258602763272833
3029061,726.0763447657017
3029062,395.58422999652623
3029063,22.065415474658177
3029064,30.56676111986962
3029065,832.9355891957198
3029066,257.21041333815225
3029067,5806.174228481365
3029068,88.64730218827818
3029069,74.0506423955491
3029070,3.851572170375288
3029071,0.09644395801895976
3029072,3.924754475030541
3029073,1748.2052137048745
3029074,0.16951987245031497
3029075,306.6952811178563
3029076,18.631235781972748
3029077,735.3898033626886
3029078,468.8205861043323
3029079,187.82708438294688
3029080,84.55813754900295
3029081,95.40219829489953
3029082,2602.805314437265
3029083,16.879749907211608
3029084,0.5847836197136584
3029085,17.261083091186425
3029086,26.73389364289808
3029087,0.2146197506882143
3029088,151.1552516395042
3029089,10.989519882332283
3029090,4.708122874832571
3029091,8.232503415992582
3029092,50.55054413836224
3029093,6.04849945834478
3029094,218.77592074332966
3029095,212.51530579968735
3029096,3.693016102615914
3029097,7.753906688299352
3029098,194.65875628712928
3029099,64.29178913702009
3029100,1281.4067303401653
3029101,0.2072201745294235
3029102,9.337206559955646
3029103,7.709958081870804
3029104,0.0
3029105,5.87782403049892
3029106,3597.6752364718673
3029107,0.1321054062856461
3029108,498.00112899111105
3029109,26.500920205871473
3029110,1214.4176145914885
3029111,799.4133414605137
3029112,363.2209418112981
3029113,81.25843498625409
3029114,120.54874115132283
3029115,5522.182438765889
3029116,41.30731164904246
3029117,0.731768196067478
3029118,32.67068133099508
3029119,44.249455987387236
3029120,0.21985064295785642
3029121,315.72129533002646
3029122,19.502730906534342
3029123,6.7696581688154955
3029124,2.974577897578438
3029125,88.91536273274932
3029126,6.926895923461557
3029127,459.0902582572987
3029128,371.2969047170349
3029129,10.085526528328712
3029130,17.833956458603733
3029131,315.6927233215713
3029132,78.14259852185315
3029133,1756.6647326820134
3029134,97.4926579142371
3029135,16.004863922296455
3029136,5.033620518631871
3029137,0.0
3029138,4.153250349750864
3029139,4438.906187877352
3029140,0.05115080891338091
3029141,770.0790432649366
3029142,13.217481576464714
3029143,1128.176015197216
3029144,1270.1593865485254
3029145,209.87230796167142
3029146,260.5451494484528
3029147,196.70285645128112
3029148,4455.209967419788
3029149,28.912592021237582
3029150,1.0895217334654106
3029151,23.619458002754758
3029152,30.961274301092445
3029153,0.4390061980075208
3029154,162.8316150762721
3029155,2.0209451036009654
3029156,32.715204439617175
3029157,4.098785552228181
3029158,108.68677324573625
3029159,7.226525834855293
3029160,561.9748812689681
3029161,238.10654835106453
3029162,19.924252265748482
3029163,10.761015389546072
3029164,571.2556046508814
3029165,124.49961094955175
3029166,3971.8475531605854
3029167,1.8511358010690353
3029168,37.87256480565672
3029169,4.886333786995602
3029170,0.47340255985221663
3029171,3.226617597373181
3029172,3428.0450635765137
3029173,0.426797942316386
3029174,1041.5649839885723
3029175,5.616861222071424
3029176,1297.915979225276
3029177,887.7521306771928
3029178,378.3755314417824
3029179,34.25798064640139
3029180,165.55768532553964
3029181,4335.03367837522
3029182,27.185543462404922
3029183,1.6396777488482623
3029184,9.969923531075326
3029185,22.69004371138624
3029186,0.9689655515760174
3029187,244.96159150772118
3029188,4.2428970917231466
3029189,41.034463749066944
3029190,3.89455435442785
3029191,101.94636658389547
3029192,4.882426221512084
3029193,78.1718577463603
3029194,358.8852142225449
3029195,9.47146326878364
3029196,14.564351797290227
3029197,144.20858042768538
3029198,54.038943147598225
3029199,3760.5073061758508
3029200,2.8858828685160267
3029201,9.38748491948056
3029202,7.904365938878367
3029203,0.1535646285954039
3029204,3.9133157503797733
3029205,2557.175804743829
3029206,0.1365397981670198
3029207,521.4074709403392
3029208,8.632855273598176
3029209,1028.1227582188774
3029210,569.123830474416
3029211,251.95588575639877
3029212,179.24195803369474
3029213,175.86825490868117
3029214,3265.830646671392
3029215,14.040068275121937
3029216,1.1991806803234315
3029217,17.505868936073142
3029218,26.893682174575147
3029219,0.3103132404895523
3029220,150.33060250061695
3029221,3.291705289648662
3029222,8.377333561437355
3029223,5.0181127661870875
3029224,76.83191824289376
3029225,3.0565779007609644
3029226,302.14968609298046
3029227,266.52399437284885
3029228,6.301093834312409
3029229,7.610660376477195
3029230,237.9159138505791
3029231,83.88108379650306
3029232,1781.2348683529635
3029233,0.8160930108739657
3029234,3.969664495134557
3029235,4.91345460500299
3029236,0.0691793527485913
3029237,0.4630202069631528
3029238,1699.4915139919622
3029239,0.0
3029240,175.13563078348344
3029241,3.3823179397005356
3029242,871.6797538245177
3029243,180.21703027901273
3029244,182.08544217102607
3029245,59.96225764905506
3029246,28.959197599755804
3029247,2697.862184572107
3029248,4.546262802538649
3029249,0.3869559436241047
3029250,13.326711483098357
3029251,11.716873330168813
3029252,0.05966383779730915
3029253,172.63430865616164
3029254,0.0
3029255,0.105333983804707
3029256,2.3198391491943893
3029257,15.701397735116124
3029258,0.46924782515372265
3029259,63.4020547184805
3029260,161.12425088555264
3029261,0.3530927846872921
3029262,2.901418894265294
3029263,49.69925691869965
3029264,51.67157766814469
3029265,473.5203576593173
3029266,0.1476891673840332
3029267,1.0926660213798725
3029268,3.2495100723669648
3029269,0.0
3029270,5.824616138560618
3029271,3074.344506021282
3029272,0.0
3029273,480.64836650424365
3029274,11.493653488307311
3029275,949.6030887202131
3029276,821.1178588826489
3029277,266.0958021413839
3029278,140.8234014003225
3029279,114.69869975848721
3029280,3970.989321153157
3029281,30.704412505098087
3029282,0.5748388052597624
3029283,16.175909315806535
3029284,36.260542948859545
3029285,0.04248361653300514
3029286,239.56680988381044
3029287,21.64110224676683
3029288,11.360601700315522
3029289,7.247078920536374
3029290,63.350351499075785
3029291,5.140134959595128
3029292,345.8557418714112
3029293,256.4510611412675
3029294,9.577137809063071
3029295,10.459434448743135
3029296,405.5795891896197
3029297,91.02613231221227
3029298,2014.5725430809928
3029299,0.03573770456430218
3029300,26.271079263221978
3029301,3.4809193379672676
3029302,0.0
3029303,4.917672168665687
3029304,4221.345763517064
3029305,0.11877036915691785
3029306,702.6307916017149
3029307,17.040243920211744
3029308,995.481499035095
3029309,1295.5918793374237
3029310,169.51073167425304
3029311,263.45056703167137
3029312,190.38990699421709
3029313,4012.5266572479577
3029314,38.62946431525034
3029315,1.7889036191855223
3029316,19.390875199446533
3029317,27.830821379844902
3029318,0.49815853839272095
3029319,151.46587466417267
3029320,12.64966505526217
3029321,35.034795268334804
3029322,5.581947893684011
3029323,119.31639618179257
3029324,10.403468772720434
3029325,485.63053649464825
3029326,213.0934264126775
3029327,9.343602272470552
3029328,12.139967879478348
3029329,578.4203460916394
3029330,148.6662842961865
3029331,5446.049362090027
3029332,0.2569787479788213
3029333,43.11211148764
3029334,4.021149975649659
3029335,0.06269245135992733
3029336,7.61084937648995
3029337,4281.5802777601675
3029338,0.08917431623355689
3029339,752.912296807607
3029340,21.30056790186528
3029341,1093.5077219995028
3029342,1339.1672080719825
3029343,237.8614600629381
3029344,249.6155181850949
3029345,154.30184938517445
3029346,4613.908254089964
3029347,38.96019493782199
3029348,2.0731536218852176
3029349,31.460089774317083
3029350,39.37954977467943
3029351,0.603783050664221
3029352,271.89842574447243
3029353,34.530597298557716
3029354,30.943615480183283
3029355,21.17411661953886
3029356,107.90927604716103
3029357,11.798495607780863
3029358,386.1390632769455
3029359,279.8034690779208
3029360,17.44324970128921
3029361,18.709132051435134
3029362,481.65082127754243
3029363,148.5137492494569
3029364,3913.1003725064656
3029365,0.4755079918244553
3029366,41.84402565225258
3029367,9.730022943328219
3029368,0.17172063580957472
3029369,6.653806330535863
3029370,3313.743653433099
3029371,0.00026180242188943457
3029372,475.89190380863573
3029373,12.033876721030936
3029374,1406.7883793543
3029375,696.1293422184214
3029376,514.4956920804109
3029377,146.820707676027
3029378,74.92763387040054
3029379,5791.806006225575
3029380,7.488307353053832
3029381,1.1626301659019318
3029382,38.43237955570349
3029383,31.437305432103038
3029384,0.08040023518165096
3029385,370.32823468854406
3029386,10.656010317860323
3029387,4.594722259696905
3029388,6.472126257419968
3029389,36.377726462693225
3029390,2.7984515063680324
3029391,469.9382343149097
3029392,345.86287514439283
3029393,5.6561546767989
3029394,10.132845075065314
3029395,365.63276313855044
3029396,80.61810450813803
3029397,1222.1001795101665
3029398,48.4844714409672
3029399,10.824685431113824
